Date,Region,Product,Quantity,UnitPrice_INR,StoreLocation,CustomerType,Discount,Salesperson,TotalPrice_INR,PaymentMethod,Promotion,Returned,OrderID,CustomerName,ShippingCost_INR,OrderDate,DeliveryDate,RegionManager,Category,BaseUnitPrice_INR,UnitCost_INR,ProductID,Supplier
2023-06-17,North,A4 Printer Paper (500 Sheets),42,427.5,Store A,Wholesale,0.05,Alice,17955.0,Debit Card,NONE,0,REG100000,Cust C5062,382.75,2023-06-17,2023-06-27,Eric,Office Supplies,450.0,220.0,P10004,OfficePro Distro
2023-02-08,East,HDMI Cable,3,540.0,Store B,Corporate,0.1,Grace,1620.0,Cash,SAVE10,0,REG100001,Cust C5086,1551.62,2023-02-08,2023-02-17,Sophie,Accessories,600.0,250.0,P10005,Global Tech Supplies
2024-05-08,West,Laser Printer,5,17575.0,Store D,Retail,0.05,Charlie,87875.0,Credit Card,SAVE10,0,REG100002,Cust C5357,683.45,2024-05-08,2024-05-14,Elena,Electronics,18500.0,9500.0,P10014,Global Tech Supplies
2025-01-18,East,4K Smart Monitor,5,23800.0,Store B,Corporate,0.15,David,119000.0,Cash,SAVE10,0,REG100003,Cust C5311,2415.8,2025-01-18,2025-01-22,Sophie,Electronics,28000.0,15000.0,P10015,Global Tech Supplies
2023-02-12,North,Bookshelf,1,7225.0,Store A,Retail,0.15,Bob,7225.0,UPI,FREESHIP,0,REG100004,Cust C5387,1326.35,2023-02-12,2023-02-14,Eric,Furniture,8500.0,4200.0,P10012,FurnitureWorld Inc.
2025-06-17,West,Laptop Backpack,41,2660.0,Store D,Wholesale,0.05,David,109060.0,Credit Card,NONE,1,REG100005,Cust C5182,357.05,2025-06-17,2025-06-25,Elena,Accessories,2800.0,1200.0,P10009,SupplyCo Direct
2023-01-05,East,Bookshelf,2,6800.0,Store B,Corporate,0.2,Bob,13600.0,UPI,BLACKFRIDAY,1,REG100006,Cust C5232,350.63,2023-01-05,2023-01-15,Sophie,Furniture,8500.0,4200.0,P10012,FurnitureWorld Inc.
2024-09-29,West,Sticky Notes Bundle,4,170.0,Store D,Retail,0.15,Alice,680.0,Credit Card,BLACKFRIDAY,0,REG100007,Cust C5116,2154.98,2024-09-29,2024-10-04,Elena,Office Supplies,200.0,80.0,P10002,OfficePro Distro
2023-03-29,South,Wireless Mouse,1,1350.0,Store C,Corporate,0.1,Bob,1350.0,Net Banking,FREESHIP,0,REG100008,Cust C5392,2255.56,2023-03-29,2023-04-04,Marcus,Accessories,1500.0,700.0,P10007,Global Tech Supplies
2024-02-26,East,Spiral Notebook,1,150.0,Store B,Corporate,0.0,Bob,150.0,Credit Card,NONE,0,REG100009,Cust C5241,1597.24,2024-02-26,2024-03-07,Sophie,Office Supplies,150.0,60.0,P10001,OfficePro Distro
2025-06-11,North,Tablet,5,25600.0,Store A,Retail,0.2,Charlie,128000.0,Credit Card,SAVE10,0,REG100010,Cust C5142,2144.12,2025-06-11,2025-06-15,Eric,Electronics,32000.0,18000.0,P10016,Global Tech Supplies
2025-03-01,West,Wireless Earbuds,2,6175.0,Store D,Retail,0.05,Grace,12350.0,Cash,BLACKFRIDAY,0,REG100011,Cust C5167,373.39,2025-03-01,2025-03-03,Elena,Electronics,6500.0,3200.0,P10011,Global Tech Supplies
2023-04-28,South,4K Smart Monitor,14,23800.0,Store C,Wholesale,0.15,Bob,333200.0,UPI,BLACKFRIDAY,0,REG100012,Cust C5085,267.98,2023-04-28,2023-05-07,Marcus,Electronics,28000.0,15000.0,P10015,Global Tech Supplies
2025-06-03,West,Sticky Notes Bundle,1,180.0,Store D,Corporate,0.1,Bob,180.0,Debit Card,NONE,0,REG100013,Cust C5006,1269.17,2025-06-03,2025-06-05,Elena,Office Supplies,200.0,80.0,P10002,OfficePro Distro
2024-03-30,North,Spiral Notebook,4,120.0,Store A,Corporate,0.2,Eva,480.0,Net Banking,FREESHIP,0,REG100014,Cust C5178,1335.34,2024-03-30,2024-04-09,Eric,Office Supplies,150.0,60.0,P10001,OfficePro Distro
2023-01-06,South,Smartphone,3,55000.0,Store C,Corporate,0.0,Eva,165000.0,Net Banking,SAVE10,0,REG100015,Cust C5151,971.09,2023-01-06,2023-01-13,Marcus,Electronics,55000.0,32000.0,P10018,Global Tech Supplies
2024-09-28,West,Ergonomic Office Chair,2,12325.0,Store D,Corporate,0.15,David,24650.0,Debit Card,NONE,0,REG100016,Cust C5256,1224.22,2024-09-28,2024-10-04,Elena,Furniture,14500.0,7500.0,P10013,FurnitureWorld Inc.
2025-02-24,South,A4 Printer Paper (500 Sheets),2,405.0,Store C,Retail,0.1,Grace,810.0,Debit Card,NONE,0,REG100017,Cust C5138,1697.99,2025-02-24,2025-02-28,Marcus,Office Supplies,450.0,220.0,P10004,OfficePro Distro
2023-05-30,West,Laptop Backpack,26,2380.0,Store D,Wholesale,0.15,Eva,61880.0,Credit Card,BLACKFRIDAY,0,REG100018,Cust C5151,1723.52,2023-05-30,2023-06-02,Elena,Accessories,2800.0,1200.0,P10009,SupplyCo Direct
2025-03-13,West,A4 Printer Paper (500 Sheets),12,405.0,Store D,Wholesale,0.1,Eva,4860.0,Net Banking,BLACKFRIDAY,0,REG100019,Cust C5347,1215.73,2025-03-13,2025-03-21,Elena,Office Supplies,450.0,220.0,P10004,OfficePro Distro
2024-04-02,South,Bookshelf,1,8500.0,Store C,Corporate,0.0,Grace,8500.0,Net Banking,BUNDLE15,0,REG100020,Cust C5330,325.58,2024-04-02,2024-04-08,Marcus,Furniture,8500.0,4200.0,P10012,FurnitureWorld Inc.
2023-04-04,South,Laser Printer,8,14800.0,Store C,Wholesale,0.2,Eva,118400.0,Cash,FREESHIP,0,REG100021,Cust C5230,1702.17,2023-04-04,2023-04-14,Marcus,Electronics,18500.0,9500.0,P10014,Global Tech Supplies
2023-03-16,North,Tablet,8,25600.0,Store A,Wholesale,0.2,David,204800.0,Debit Card,FREESHIP,0,REG100022,Cust C5056,2221.27,2023-03-16,2023-03-20,Eric,Electronics,32000.0,18000.0,P10016,Global Tech Supplies
2023-09-22,East,Standing Desk,5,30400.0,Store B,Wholesale,0.2,Charlie,152000.0,UPI,BUNDLE15,0,REG100023,Cust C5001,821.94,2023-09-22,2023-09-27,Sophie,Furniture,38000.0,20000.0,P10017,FurnitureWorld Inc.
2023-12-19,West,Wireless Mouse,3,1275.0,Store D,Corporate,0.15,Bob,3825.0,Net Banking,BLACKFRIDAY,0,REG100024,Cust C5296,1106.0,2023-12-19,2023-12-22,Elena,Accessories,1500.0,700.0,P10007,Global Tech Supplies
2024-11-15,East,Sticky Notes Bundle,31,190.0,Store B,Wholesale,0.05,Bob,5890.0,Debit Card,BUNDLE15,0,REG100025,Cust C5060,1985.52,2024-11-15,2024-11-19,Sophie,Office Supplies,200.0,80.0,P10002,OfficePro Distro
2023-06-08,North,USB Flash Drive 64GB,5,800.0,Store A,Retail,0.0,Frank,4000.0,Cash,BLACKFRIDAY,0,REG100026,Cust C5234,1994.99,2023-06-08,2023-06-13,Eric,Accessories,800.0,350.0,P10006,Global Tech Supplies
2024-01-12,North,Gaming Laptop,2,85500.0,Store A,Retail,0.1,David,171000.0,UPI,NONE,0,REG100027,Cust C5198,982.96,2024-01-12,2024-01-17,Eric,Electronics,95000.0,58000.0,P10019,Global Tech Supplies
2024-05-17,South,Spiral Notebook,5,127.5,Store C,Retail,0.15,Alice,637.5,Credit Card,FREESHIP,0,REG100028,Cust C5105,306.21,2024-05-17,2024-05-27,Marcus,Office Supplies,150.0,60.0,P10001,OfficePro Distro
2023-12-13,West,LED Desk Lamp,5,1760.0,Store D,Retail,0.2,Eva,8800.0,Debit Card,BLACKFRIDAY,0,REG100029,Cust C5374,943.31,2023-12-13,2023-12-18,Elena,Furniture,2200.0,1000.0,P10008,FurnitureWorld Inc.
2025-04-15,West,4K Smart Monitor,1,23800.0,Store D,Corporate,0.15,David,23800.0,Debit Card,BUNDLE15,0,REG100030,Cust C5012,1180.24,2025-04-15,2025-04-17,Elena,Electronics,28000.0,15000.0,P10015,Global Tech Supplies
2023-09-11,East,Laptop Backpack,3,2800.0,Store B,Retail,0.0,Frank,8400.0,Net Banking,FREESHIP,0,REG100031,Cust C5040,1886.49,2023-09-11,2023-09-20,Sophie,Accessories,2800.0,1200.0,P10009,SupplyCo Direct
2024-02-01,East,Mechanical Keyboard,15,4500.0,Store B,Wholesale,0.0,Bob,67500.0,Cash,BUNDLE15,0,REG100032,Cust C5195,1874.88,2024-02-01,2024-02-11,Sophie,Electronics,4500.0,2200.0,P10010,Global Tech Supplies
2024-05-04,South,Ballpoint Pen Pack,30,250.0,Store C,Wholesale,0.0,Grace,7500.0,Cash,BUNDLE15,0,REG100033,Cust C5191,786.42,2024-05-04,2024-05-13,Marcus,Office Supplies,250.0,100.0,P10003,OfficePro Distro
2023-10-25,East,Standing Desk,3,32300.0,Store B,Corporate,0.15,David,96900.0,Cash,FREESHIP,0,REG100034,Cust C5087,354.26,2023-10-25,2023-11-04,Sophie,Furniture,38000.0,20000.0,P10017,FurnitureWorld Inc.
2023-04-22,South,Ballpoint Pen Pack,2,212.5,Store C,Corporate,0.15,Charlie,425.0,Cash,SAVE10,0,REG100035,Cust C5362,1162.01,2023-04-22,2023-05-02,Marcus,Office Supplies,250.0,100.0,P10003,OfficePro Distro
2023-07-29,East,USB Flash Drive 64GB,5,640.0,Store B,Corporate,0.2,Alice,3200.0,Debit Card,BLACKFRIDAY,0,REG100036,Cust C5081,2263.22,2023-07-29,2023-08-03,Sophie,Accessories,800.0,350.0,P10006,Global Tech Supplies
2024-12-16,West,Spiral Notebook,1,142.5,Store D,Retail,0.05,Eva,142.5,Debit Card,FREESHIP,0,REG100037,Cust C5139,865.78,2024-12-16,2024-12-19,Elena,Office Supplies,150.0,60.0,P10001,OfficePro Distro
2024-01-08,North,Tablet,4,27200.0,Store A,Retail,0.15,Charlie,108800.0,Net Banking,BLACKFRIDAY,0,REG100038,Cust C5151,1098.35,2024-01-08,2024-01-14,Eric,Electronics,32000.0,18000.0,P10016,Global Tech Supplies
2023-04-12,North,LED Desk Lamp,3,1980.0,Store A,Corporate,0.1,David,5940.0,Net Banking,BUNDLE15,0,REG100039,Cust C5205,1212.39,2023-04-12,2023-04-20,Eric,Furniture,2200.0,1000.0,P10008,FurnitureWorld Inc.
2024-01-30,West,Tablet,11,27200.0,Store D,Wholesale,0.15,Bob,299200.0,UPI,BLACKFRIDAY,0,REG100040,Cust C5180,307.8,2024-01-30,2024-02-07,Elena,Electronics,32000.0,18000.0,P10016,Global Tech Supplies
2024-08-23,East,Wireless Earbuds,10,5850.0,Store B,Wholesale,0.1,David,58500.0,Debit Card,NONE,0,REG100041,Cust C5036,2331.12,2024-08-23,2024-08-31,Sophie,Electronics,6500.0,3200.0,P10011,Global Tech Supplies
2024-06-25,West,Smartphone,5,44000.0,Store D,Corporate,0.2,David,220000.0,Debit Card,FREESHIP,0,REG100042,Cust C5073,1321.6,2024-06-25,2024-06-29,Elena,Electronics,55000.0,32000.0,P10018,Global Tech Supplies
2023-01-06,East,HDMI Cable,3,480.0,Store B,Retail,0.2,Eva,1440.0,Credit Card,BLACKFRIDAY,0,REG100043,Cust C5212,1792.39,2023-01-06,2023-01-14,Sophie,Accessories,600.0,250.0,P10005,Global Tech Supplies
2024-10-22,East,4K Smart Monitor,5,25200.0,Store B,Wholesale,0.1,Bob,126000.0,Debit Card,BUNDLE15,0,REG100044,Cust C5245,341.92,2024-10-22,2024-11-01,Sophie,Electronics,28000.0,15000.0,P10015,Global Tech Supplies
2024-08-21,East,Laser Printer,1,17575.0,Store B,Retail,0.05,Bob,17575.0,UPI,BLACKFRIDAY,0,REG100045,Cust C5028,790.97,2024-08-21,2024-08-23,Sophie,Electronics,18500.0,9500.0,P10014,Global Tech Supplies
2023-09-05,East,Gaming Laptop,1,95000.0,Store B,Retail,0.0,Charlie,95000.0,UPI,BUNDLE15,0,REG100046,Cust C5260,2042.23,2023-09-05,2023-09-07,Sophie,Electronics,95000.0,58000.0,P10019,Global Tech Supplies
2023-12-18,South,Standing Desk,10,34200.0,Store C,Wholesale,0.1,Charlie,342000.0,Credit Card,BLACKFRIDAY,0,REG100047,Cust C5148,506.89,2023-12-18,2023-12-28,Marcus,Furniture,38000.0,20000.0,P10017,FurnitureWorld Inc.
2023-10-11,North,Wireless Earbuds,12,5200.0,Store A,Wholesale,0.2,David,62400.0,Cash,SAVE10,0,REG100048,Cust C5177,2353.73,2023-10-11,2023-10-16,Eric,Electronics,6500.0,3200.0,P10011,Global Tech Supplies
2024-10-27,East,4K Smart Monitor,15,28000.0,Store B,Wholesale,0.0,David,420000.0,Net Banking,BLACKFRIDAY,0,REG100049,Cust C5178,755.53,2024-10-27,2024-11-06,Sophie,Electronics,28000.0,15000.0,P10015,Global Tech Supplies
2025-04-07,East,LED Desk Lamp,3,1760.0,Store B,Corporate,0.2,Eva,5280.0,Net Banking,FREESHIP,0,REG100050,Cust C5381,1834.36,2025-04-07,2025-04-17,Sophie,Furniture,2200.0,1000.0,P10008,FurnitureWorld Inc.
2023-12-01,East,Smartphone,5,55000.0,Store B,Retail,0.0,Alice,275000.0,Net Banking,SAVE10,0,REG100051,Cust C5298,1613.87,2023-12-01,2023-12-09,Sophie,Electronics,55000.0,32000.0,P10018,Global Tech Supplies
2024-10-11,South,Laser Printer,14,17575.0,Store C,Wholesale,0.05,Eva,246050.0,Debit Card,SAVE10,0,REG100052,Cust C5350,650.63,2024-10-11,2024-10-20,Marcus,Electronics,18500.0,9500.0,P10014,Global Tech Supplies
2024-05-11,North,Bookshelf,4,7225.0,Store A,Retail,0.15,Alice,28900.0,UPI,NONE,0,REG100053,Cust C5310,1498.56,2024-05-11,2024-05-20,Eric,Furniture,8500.0,4200.0,P10012,FurnitureWorld Inc.
2024-09-13,North,Tablet,3,25600.0,Store A,Corporate,0.2,Frank,76800.0,Credit Card,NONE,0,REG100054,Cust C5379,2168.94,2024-09-13,2024-09-15,Eric,Electronics,32000.0,18000.0,P10016,Global Tech Supplies
2023-04-14,East,4K Smart Monitor,1,25200.0,Store B,Retail,0.1,Charlie,25200.0,Debit Card,BUNDLE15,0,REG100055,Cust C5324,1515.9,2023-04-14,2023-04-18,Sophie,Electronics,28000.0,15000.0,P10015,Global Tech Supplies
2024-03-03,South,Mechanical Keyboard,1,4500.0,Store C,Retail,0.0,David,4500.0,Credit Card,SAVE10,0,REG100056,Cust C5217,1098.58,2024-03-03,2024-03-07,Marcus,Electronics,4500.0,2200.0,P10010,Global Tech Supplies
2024-06-18,North,Bookshelf,7,8075.0,Store A,Wholesale,0.05,Bob,56525.0,Cash,NONE,1,REG100057,Cust C5165,1081.5,2024-06-18,2024-06-22,Eric,Furniture,8500.0,4200.0,P10012,FurnitureWorld Inc.
2023-02-24,East,Spiral Notebook,48,135.0,Store B,Wholesale,0.1,Alice,6480.0,Debit Card,SAVE10,0,REG100058,Cust C5145,1940.45,2023-02-24,2023-03-05,Sophie,Office Supplies,150.0,60.0,P10001,OfficePro Distro
2023-07-14,South,Mechanical Keyboard,3,3825.0,Store C,Retail,0.15,Frank,11475.0,Cash,SAVE10,0,REG100059,Cust C5389,1048.87,2023-07-14,2023-07-21,Marcus,Electronics,4500.0,2200.0,P10010,Global Tech Supplies
2024-06-11,East,LED Desk Lamp,5,1760.0,Store B,Corporate,0.2,Bob,8800.0,Debit Card,FREESHIP,0,REG100060,Cust C5012,2019.8,2024-06-11,2024-06-13,Sophie,Furniture,2200.0,1000.0,P10008,FurnitureWorld Inc.
2023-01-25,North,Wireless Mouse,16,1275.0,Store A,Wholesale,0.15,Bob,20400.0,Debit Card,SAVE10,0,REG100061,Cust C5089,1739.33,2023-01-25,2023-01-27,Eric,Accessories,1500.0,700.0,P10007,Global Tech Supplies
2024-05-01,West,HDMI Cable,32,510.0,Store D,Wholesale,0.15,David,16320.0,UPI,BUNDLE15,0,REG100062,Cust C5225,989.24,2024-05-01,2024-05-06,Elena,Accessories,600.0,250.0,P10005,Global Tech Supplies
2023-08-19,West,Bookshelf,13,7650.0,Store D,Wholesale,0.1,David,99450.0,UPI,SAVE10,0,REG100063,Cust C5147,2331.53,2023-08-19,2023-08-26,Elena,Furniture,8500.0,4200.0,P10012,FurnitureWorld Inc.
2023-04-19,West,Laser Printer,5,17575.0,Store D,Corporate,0.05,Eva,87875.0,Credit Card,BLACKFRIDAY,0,REG100064,Cust C5395,699.46,2023-04-19,2023-04-26,Elena,Electronics,18500.0,9500.0,P10014,Global Tech Supplies
2025-05-02,North,4K Smart Monitor,1,25200.0,Store A,Retail,0.1,Bob,25200.0,Debit Card,SAVE10,0,REG100065,Cust C5050,2347.6,2025-05-02,2025-05-06,Eric,Electronics,28000.0,15000.0,P10015,Global Tech Supplies
2024-03-23,North,Gaming Laptop,13,76000.0,Store A,Wholesale,0.2,Charlie,988000.0,Cash,SAVE10,0,REG100066,Cust C5329,2436.6,2024-03-23,2024-03-27,Eric,Electronics,95000.0,58000.0,P10019,Global Tech Supplies
2023-07-13,West,4K Smart Monitor,1,22400.0,Store D,Corporate,0.2,Grace,22400.0,Cash,NONE,0,REG100067,Cust C5308,2112.1,2023-07-13,2023-07-18,Elena,Electronics,28000.0,15000.0,P10015,Global Tech Supplies
2023-06-01,North,A4 Printer Paper (500 Sheets),25,360.0,Store A,Wholesale,0.2,Charlie,9000.0,Net Banking,NONE,0,REG100068,Cust C5185,1504.93,2023-06-01,2023-06-10,Eric,Office Supplies,450.0,220.0,P10004,OfficePro Distro
2025-03-19,North,USB Flash Drive 64GB,21,760.0,Store A,Wholesale,0.05,David,15960.0,Debit Card,BLACKFRIDAY,0,REG100069,Cust C5361,277.27,2025-03-19,2025-03-22,Eric,Accessories,800.0,350.0,P10006,Global Tech Supplies
2025-05-04,South,Spiral Notebook,3,127.5,Store C,Retail,0.15,Charlie,382.5,Debit Card,FREESHIP,0,REG100070,Cust C5200,2216.07,2025-05-04,2025-05-10,Marcus,Office Supplies,150.0,60.0,P10001,OfficePro Distro
2024-08-25,West,USB Flash Drive 64GB,20,760.0,Store D,Wholesale,0.05,Alice,15200.0,UPI,BUNDLE15,0,REG100071,Cust C5362,1787.04,2024-08-25,2024-08-28,Elena,Accessories,800.0,350.0,P10006,Global Tech Supplies
2024-02-12,West,USB Flash Drive 64GB,2,720.0,Store D,Retail,0.1,Grace,1440.0,Cash,BUNDLE15,0,REG100072,Cust C5024,1262.18,2024-02-12,2024-02-22,Elena,Accessories,800.0,350.0,P10006,Global Tech Supplies
2023-04-19,West,Wireless Earbuds,2,6175.0,Store D,Corporate,0.05,Bob,12350.0,UPI,NONE,0,REG100073,Cust C5190,1442.94,2023-04-19,2023-04-21,Elena,Electronics,6500.0,3200.0,P10011,Global Tech Supplies
2024-11-12,North,Sticky Notes Bundle,3,190.0,Store A,Retail,0.05,Frank,570.0,Net Banking,BUNDLE15,0,REG100074,Cust C5217,1383.3,2024-11-12,2024-11-20,Eric,Office Supplies,200.0,80.0,P10002,OfficePro Distro
2024-01-14,West,Mechanical Keyboard,12,4500.0,Store D,Wholesale,0.0,Charlie,54000.0,Net Banking,NONE,0,REG100075,Cust C5336,581.11,2024-01-14,2024-01-24,Elena,Electronics,4500.0,2200.0,P10010,Global Tech Supplies
2024-10-15,West,Laptop Backpack,3,2660.0,Store D,Retail,0.05,Frank,7980.0,Net Banking,BLACKFRIDAY,0,REG100076,Cust C5181,2086.1,2024-10-15,2024-10-20,Elena,Accessories,2800.0,1200.0,P10009,SupplyCo Direct
2023-10-31,South,Ballpoint Pen Pack,3,237.5,Store C,Corporate,0.05,David,712.5,Credit Card,FREESHIP,1,REG100077,Cust C5160,478.5,2023-10-31,2023-11-08,Marcus,Office Supplies,250.0,100.0,P10003,OfficePro Distro
2023-04-21,South,Ballpoint Pen Pack,34,200.0,Store C,Wholesale,0.2,Charlie,6800.0,Cash,BUNDLE15,0,REG100078,Cust C5289,1025.64,2023-04-21,2023-04-30,Marcus,Office Supplies,250.0,100.0,P10003,OfficePro Distro
2023-02-12,North,Laser Printer,4,17575.0,Store A,Corporate,0.05,Bob,70300.0,Cash,BUNDLE15,0,REG100079,Cust C5078,1911.1,2023-02-12,2023-02-17,Eric,Electronics,18500.0,9500.0,P10014,Global Tech Supplies
2024-10-14,South,Standing Desk,5,38000.0,Store C,Retail,0.0,Charlie,190000.0,UPI,FREESHIP,0,REG100080,Cust C5065,567.44,2024-10-14,2024-10-18,Marcus,Furniture,38000.0,20000.0,P10017,FurnitureWorld Inc.
2025-05-09,South,Tablet,8,30400.0,Store C,Wholesale,0.05,Alice,243200.0,Debit Card,NONE,0,REG100081,Cust C5211,1314.75,2025-05-09,2025-05-14,Marcus,Electronics,32000.0,18000.0,P10016,Global Tech Supplies
2023-08-08,South,Laser Printer,4,14800.0,Store C,Retail,0.2,Bob,59200.0,Net Banking,SAVE10,0,REG100082,Cust C5039,306.35,2023-08-08,2023-08-10,Marcus,Electronics,18500.0,9500.0,P10014,Global Tech Supplies
2023-05-05,East,Smartphone,3,52250.0,Store B,Corporate,0.05,Charlie,156750.0,Credit Card,BLACKFRIDAY,0,REG100083,Cust C5076,1668.26,2023-05-05,2023-05-07,Sophie,Electronics,55000.0,32000.0,P10018,Global Tech Supplies
2023-03-31,North,Bookshelf,2,7225.0,Store A,Corporate,0.15,David,14450.0,Net Banking,BLACKFRIDAY,0,REG100084,Cust C5013,1481.08,2023-03-31,2023-04-06,Eric,Furniture,8500.0,4200.0,P10012,FurnitureWorld Inc.
2024-07-12,North,Wireless Mouse,3,1425.0,Store A,Corporate,0.05,David,4275.0,Cash,NONE,0,REG100085,Cust C5206,1928.51,2024-07-12,2024-07-21,Eric,Accessories,1500.0,700.0,P10007,Global Tech Supplies
2023-11-15,East,4K Smart Monitor,11,23800.0,Store B,Wholesale,0.15,Frank,261800.0,Cash,SAVE10,0,REG100086,Cust C5158,1067.76,2023-11-15,2023-11-21,Sophie,Electronics,28000.0,15000.0,P10015,Global Tech Supplies
2023-08-04,South,Spiral Notebook,20,120.0,Store C,Wholesale,0.2,Charlie,2400.0,UPI,BLACKFRIDAY,0,REG100087,Cust C5380,2221.23,2023-08-04,2023-08-14,Marcus,Office Supplies,150.0,60.0,P10001,OfficePro Distro
2023-12-09,East,Gaming Laptop,4,76000.0,Store B,Retail,0.2,David,304000.0,Cash,SAVE10,0,REG100088,Cust C5193,2023.34,2023-12-09,2023-12-17,Sophie,Electronics,95000.0,58000.0,P10019,Global Tech Supplies
2024-04-03,South,HDMI Cable,50,570.0,Store C,Wholesale,0.05,Grace,28500.0,Net Banking,BLACKFRIDAY,0,REG100089,Cust C5367,2374.6,2024-04-03,2024-04-07,Marcus,Accessories,600.0,250.0,P10005,Global Tech Supplies
2023-02-26,West,USB Flash Drive 64GB,22,760.0,Store D,Wholesale,0.05,Bob,16720.0,Debit Card,FREESHIP,0,REG100090,Cust C5348,1996.2,2023-02-26,2023-03-04,Elena,Accessories,800.0,350.0,P10006,Global Tech Supplies
2024-02-12,West,Laser Printer,1,16650.0,Store D,Retail,0.1,Eva,16650.0,Net Banking,NONE,0,REG100091,Cust C5152,2355.88,2024-02-12,2024-02-15,Elena,Electronics,18500.0,9500.0,P10014,Global Tech Supplies
2023-06-22,West,Ergonomic Office Chair,5,12325.0,Store D,Corporate,0.15,Eva,61625.0,Credit Card,FREESHIP,1,REG100092,Cust C5241,1799.41,2023-06-22,2023-07-02,Elena,Furniture,14500.0,7500.0,P10013,FurnitureWorld Inc.
2025-02-11,North,Laptop Backpack,3,2240.0,Store A,Corporate,0.2,Eva,6720.0,Debit Card,BUNDLE15,0,REG100093,Cust C5218,391.78,2025-02-11,2025-02-16,Eric,Accessories,2800.0,1200.0,P10009,SupplyCo Direct
2023-10-07,South,LED Desk Lamp,2,1760.0,Store C,Corporate,0.2,Grace,3520.0,UPI,BLACKFRIDAY,0,REG100094,Cust C5120,1799.43,2023-10-07,2023-10-09,Marcus,Furniture,2200.0,1000.0,P10008,FurnitureWorld Inc.
2024-02-09,North,Spiral Notebook,36,127.5,Store A,Wholesale,0.15,Frank,4590.0,Credit Card,BUNDLE15,1,REG100095,Cust C5069,1546.92,2024-02-09,2024-02-14,Eric,Office Supplies,150.0,60.0,P10001,OfficePro Distro
2023-04-04,North,LED Desk Lamp,1,2200.0,Store A,Retail,0.0,Eva,2200.0,Debit Card,SAVE10,0,REG100096,Cust C5049,1086.78,2023-04-04,2023-04-08,Eric,Furniture,2200.0,1000.0,P10008,FurnitureWorld Inc.
2024-08-16,East,HDMI Cable,23,570.0,Store B,Wholesale,0.05,Bob,13110.0,Net Banking,SAVE10,0,REG100097,Cust C5099,368.35,2024-08-16,2024-08-19,Sophie,Accessories,600.0,250.0,P10005,Global Tech Supplies
2024-08-30,North,Mechanical Keyboard,2,4500.0,Store A,Retail,0.0,Bob,9000.0,UPI,BLACKFRIDAY,0,REG100098,Cust C5093,1315.58,2024-08-30,2024-09-09,Eric,Electronics,4500.0,2200.0,P10010,Global Tech Supplies
2023-07-11,West,Laser Printer,5,17575.0,Store D,Retail,0.05,Grace,87875.0,Credit Card,NONE,0,REG100099,Cust C5009,999.67,2023-07-11,2023-07-13,Elena,Electronics,18500.0,9500.0,P10014,Global Tech Supplies
2024-10-12,West,4K Smart Monitor,5,22400.0,Store D,Wholesale,0.2,Frank,112000.0,UPI,BLACKFRIDAY,0,REG100100,Cust C5002,217.95,2024-10-12,2024-10-19,Elena,Electronics,28000.0,15000.0,P10015,Global Tech Supplies
2024-01-21,West,Ballpoint Pen Pack,3,237.5,Store D,Retail,0.05,Bob,712.5,Debit Card,SAVE10,0,REG100101,Cust C5271,2154.85,2024-01-21,2024-01-28,Elena,Office Supplies,250.0,100.0,P10003,OfficePro Distro
2023-04-27,West,Standing Desk,3,34200.0,Store D,Retail,0.1,David,102600.0,Cash,NONE,0,REG100102,Cust C5155,1853.2,2023-04-27,2023-05-04,Elena,Furniture,38000.0,20000.0,P10017,FurnitureWorld Inc.
2023-01-12,West,Sticky Notes Bundle,44,190.0,Store D,Wholesale,0.05,Grace,8360.0,Debit Card,NONE,0,REG100103,Cust C5016,2424.93,2023-01-12,2023-01-16,Elena,Office Supplies,200.0,80.0,P10002,OfficePro Distro
2025-05-31,North,LED Desk Lamp,3,2090.0,Store A,Corporate,0.05,Frank,6270.0,UPI,SAVE10,0,REG100104,Cust C5290,1642.33,2025-05-31,2025-06-10,Eric,Furniture,2200.0,1000.0,P10008,FurnitureWorld Inc.
2024-01-25,North,USB Flash Drive 64GB,5,720.0,Store A,Retail,0.1,Bob,3600.0,Debit Card,NONE,0,REG100105,Cust C5109,2202.0,2024-01-25,2024-01-27,Eric,Accessories,800.0,350.0,P10006,Global Tech Supplies
2023-07-11,South,HDMI Cable,33,570.0,Store C,Wholesale,0.05,Bob,18810.0,UPI,SAVE10,0,REG100106,Cust C5021,539.38,2023-07-11,2023-07-20,Marcus,Accessories,600.0,250.0,P10005,Global Tech Supplies
2024-07-31,West,Laser Printer,2,16650.0,Store D,Corporate,0.1,Bob,33300.0,Credit Card,BUNDLE15,0,REG100107,Cust C5381,1417.0,2024-07-31,2024-08-07,Elena,Electronics,18500.0,9500.0,P10014,Global Tech Supplies
2025-02-06,North,Spiral Notebook,42,127.5,Store A,Wholesale,0.15,David,5355.0,Cash,BUNDLE15,0,REG100108,Cust C5221,454.88,2025-02-06,2025-02-09,Eric,Office Supplies,150.0,60.0,P10001,OfficePro Distro
2023-11-24,East,Spiral Notebook,42,142.5,Store B,Wholesale,0.05,Grace,5985.0,Credit Card,BUNDLE15,0,REG100109,Cust C5131,1113.05,2023-11-24,2023-11-27,Sophie,Office Supplies,150.0,60.0,P10001,OfficePro Distro
2023-06-25,East,Spiral Notebook,3,120.0,Store B,Corporate,0.2,Grace,360.0,Debit Card,SAVE10,0,REG100110,Cust C5351,392.44,2023-06-25,2023-06-27,Sophie,Office Supplies,150.0,60.0,P10001,OfficePro Distro
2024-11-20,South,Spiral Notebook,14,142.5,Store C,Wholesale,0.05,Grace,1995.0,UPI,NONE,0,REG100111,Cust C5143,1599.17,2024-11-20,2024-11-22,Marcus,Office Supplies,150.0,60.0,P10001,OfficePro Distro
2023-11-27,West,Spiral Notebook,3,120.0,Store D,Retail,0.2,Eva,360.0,Debit Card,BUNDLE15,0,REG100112,Cust C5083,1354.14,2023-11-27,2023-12-04,Elena,Office Supplies,150.0,60.0,P10001,OfficePro Distro
2023-08-27,North,4K Smart Monitor,4,25200.0,Store A,Corporate,0.1,Alice,100800.0,UPI,BLACKFRIDAY,0,REG100113,Cust C5251,1239.79,2023-08-27,2023-09-05,Eric,Electronics,28000.0,15000.0,P10015,Global Tech Supplies
2024-10-28,North,LED Desk Lamp,28,1980.0,Store A,Wholesale,0.1,Eva,55440.0,Credit Card,FREESHIP,0,REG100114,Cust C5173,2110.79,2024-10-28,2024-11-06,Eric,Furniture,2200.0,1000.0,P10008,FurnitureWorld Inc.
2024-05-24,North,Spiral Notebook,39,142.5,Store A,Wholesale,0.05,Bob,5557.5,Credit Card,BLACKFRIDAY,0,REG100115,Cust C5226,1674.85,2024-05-24,2024-05-28,Eric,Office Supplies,150.0,60.0,P10001,OfficePro Distro
2025-05-17,North,Spiral Notebook,1,142.5,Store A,Retail,0.05,Grace,142.5,Credit Card,NONE,0,REG100116,Cust C5046,1030.32,2025-05-17,2025-05-27,Eric,Office Supplies,150.0,60.0,P10001,OfficePro Distro
2024-03-13,North,Laptop Backpack,11,2240.0,Store A,Wholesale,0.2,Eva,24640.0,UPI,FREESHIP,0,REG100117,Cust C5316,367.89,2024-03-13,2024-03-18,Eric,Accessories,2800.0,1200.0,P10009,SupplyCo Direct
2024-02-15,North,Mechanical Keyboard,4,4500.0,Store A,Retail,0.0,Grace,18000.0,Net Banking,NONE,0,REG100118,Cust C5139,1667.48,2024-02-15,2024-02-22,Eric,Electronics,4500.0,2200.0,P10010,Global Tech Supplies
2024-11-15,North,4K Smart Monitor,10,22400.0,Store A,Wholesale,0.2,Eva,224000.0,Net Banking,BLACKFRIDAY,0,REG100119,Cust C5225,2360.07,2024-11-15,2024-11-23,Eric,Electronics,28000.0,15000.0,P10015,Global Tech Supplies
2023-06-17,North,Wireless Mouse,5,1275.0,Store A,Retail,0.15,Charlie,6375.0,Cash,NONE,0,REG100120,Cust C5324,258.05,2023-06-17,2023-06-23,Eric,Accessories,1500.0,700.0,P10007,Global Tech Supplies
2024-08-14,North,Smartphone,3,55000.0,Store A,Retail,0.0,Frank,165000.0,Net Banking,BUNDLE15,0,REG100121,Cust C5171,2088.18,2024-08-14,2024-08-16,Eric,Electronics,55000.0,32000.0,P10018,Global Tech Supplies
2024-03-25,West,Ergonomic Office Chair,3,11600.0,Store D,Retail,0.2,David,34800.0,UPI,NONE,0,REG100122,Cust C5289,497.27,2024-03-25,2024-04-02,Elena,Furniture,14500.0,7500.0,P10013,FurnitureWorld Inc.
2025-03-20,East,Gaming Laptop,9,80750.0,Store B,Wholesale,0.15,Grace,726750.0,Net Banking,NONE,0,REG100123,Cust C5247,961.54,2025-03-20,2025-03-23,Sophie,Electronics,95000.0,58000.0,P10019,Global Tech Supplies
2024-07-22,East,HDMI Cable,24,540.0,Store B,Wholesale,0.1,Grace,12960.0,Credit Card,BUNDLE15,0,REG100124,Cust C5258,902.27,2024-07-22,2024-07-24,Sophie,Accessories,600.0,250.0,P10005,Global Tech Supplies
2025-06-01,South,HDMI Cable,1,570.0,Store C,Corporate,0.05,Frank,570.0,Cash,SAVE10,0,REG100125,Cust C5180,1619.72,2025-06-01,2025-06-06,Marcus,Accessories,600.0,250.0,P10005,Global Tech Supplies
2025-03-13,West,Standing Desk,12,30400.0,Store D,Wholesale,0.2,Bob,364800.0,Cash,BLACKFRIDAY,0,REG100126,Cust C5234,601.7,2025-03-13,2025-03-18,Elena,Furniture,38000.0,20000.0,P10017,FurnitureWorld Inc.
2024-10-05,East,Wireless Mouse,1,1275.0,Store B,Corporate,0.15,Alice,1275.0,Cash,SAVE10,0,REG100127,Cust C5130,575.84,2024-10-05,2024-10-12,Sophie,Accessories,1500.0,700.0,P10007,Global Tech Supplies
2023-07-20,West,Ergonomic Office Chair,9,12325.0,Store D,Wholesale,0.15,Bob,110925.0,Net Banking,SAVE10,0,REG100128,Cust C5136,1427.55,2023-07-20,2023-07-30,Elena,Furniture,14500.0,7500.0,P10013,FurnitureWorld Inc.
2025-01-10,South,LED Desk Lamp,2,1980.0,Store C,Corporate,0.1,Alice,3960.0,Cash,BLACKFRIDAY,0,REG100129,Cust C5308,1833.26,2025-01-10,2025-01-18,Marcus,Furniture,2200.0,1000.0,P10008,FurnitureWorld Inc.
2023-06-20,West,4K Smart Monitor,10,26600.0,Store D,Wholesale,0.05,Grace,266000.0,Credit Card,FREESHIP,0,REG100130,Cust C5115,2438.61,2023-06-20,2023-06-24,Elena,Electronics,28000.0,15000.0,P10015,Global Tech Supplies
2023-02-27,East,Ergonomic Office Chair,8,12325.0,Store B,Wholesale,0.15,Alice,98600.0,UPI,FREESHIP,0,REG100131,Cust C5399,765.44,2023-02-27,2023-03-02,Sophie,Furniture,14500.0,7500.0,P10013,FurnitureWorld Inc.
2024-01-19,North,HDMI Cable,3,570.0,Store A,Corporate,0.05,Bob,1710.0,Net Banking,SAVE10,0,REG100132,Cust C5175,2229.15,2024-01-19,2024-01-27,Eric,Accessories,600.0,250.0,P10005,Global Tech Supplies
2023-07-06,West,Standing Desk,4,34200.0,Store D,Retail,0.1,Charlie,136800.0,Debit Card,FREESHIP,0,REG100133,Cust C5141,273.96,2023-07-06,2023-07-11,Elena,Furniture,38000.0,20000.0,P10017,FurnitureWorld Inc.
2023-07-28,South,A4 Printer Paper (500 Sheets),15,427.5,Store C,Wholesale,0.05,Charlie,6412.5,Debit Card,BLACKFRIDAY,0,REG100134,Cust C5239,378.24,2023-07-28,2023-08-03,Marcus,Office Supplies,450.0,220.0,P10004,OfficePro Distro
2024-05-04,South,Gaming Laptop,5,95000.0,Store C,Retail,0.0,Bob,475000.0,Debit Card,BUNDLE15,0,REG100135,Cust C5153,1422.4,2024-05-04,2024-05-10,Marcus,Electronics,95000.0,58000.0,P10019,Global Tech Supplies
2023-03-18,South,A4 Printer Paper (500 Sheets),1,450.0,Store C,Corporate,0.0,Charlie,450.0,Net Banking,BLACKFRIDAY,0,REG100136,Cust C5208,2451.02,2023-03-18,2023-03-22,Marcus,Office Supplies,450.0,220.0,P10004,OfficePro Distro
2023-10-23,West,Laptop Backpack,5,2240.0,Store D,Corporate,0.2,Charlie,11200.0,Net Banking,SAVE10,0,REG100137,Cust C5088,2478.6,2023-10-23,2023-10-27,Elena,Accessories,2800.0,1200.0,P10009,SupplyCo Direct
2024-01-19,West,Standing Desk,5,36100.0,Store D,Wholesale,0.05,Grace,180500.0,UPI,FREESHIP,0,REG100138,Cust C5161,340.66,2024-01-19,2024-01-22,Elena,Furniture,38000.0,20000.0,P10017,FurnitureWorld Inc.
2025-05-27,East,Ballpoint Pen Pack,21,200.0,Store B,Wholesale,0.2,Alice,4200.0,Debit Card,BUNDLE15,0,REG100139,Cust C5120,2310.02,2025-05-27,2025-06-02,Sophie,Office Supplies,250.0,100.0,P10003,OfficePro Distro
2023-09-24,East,Smartphone,1,52250.0,Store B,Corporate,0.05,Alice,52250.0,Credit Card,FREESHIP,0,REG100140,Cust C5257,259.14,2023-09-24,2023-10-01,Sophie,Electronics,55000.0,32000.0,P10018,Global Tech Supplies
2025-01-30,East,Mechanical Keyboard,2,3825.0,Store B,Corporate,0.15,Alice,7650.0,UPI,FREESHIP,0,REG100141,Cust C5381,909.64,2025-01-30,2025-02-08,Sophie,Electronics,4500.0,2200.0,P10010,Global Tech Supplies
2024-03-06,West,Spiral Notebook,4,150.0,Store D,Retail,0.0,Frank,600.0,Net Banking,SAVE10,0,REG100142,Cust C5304,2060.71,2024-03-06,2024-03-14,Elena,Office Supplies,150.0,60.0,P10001,OfficePro Distro
2025-06-21,North,Mechanical Keyboard,4,3600.0,Store A,Retail,0.2,Frank,14400.0,UPI,BUNDLE15,0,REG100143,Cust C5358,1574.76,2025-06-21,2025-06-25,Eric,Electronics,4500.0,2200.0,P10010,Global Tech Supplies
2025-05-19,North,Laser Printer,10,18500.0,Store A,Wholesale,0.0,Alice,185000.0,Credit Card,FREESHIP,0,REG100144,Cust C5052,1537.01,2025-05-19,2025-05-25,Eric,Electronics,18500.0,9500.0,P10014,Global Tech Supplies
2024-03-01,North,Wireless Mouse,1,1350.0,Store A,Retail,0.1,Bob,1350.0,Cash,BLACKFRIDAY,0,REG100145,Cust C5246,630.67,2024-03-01,2024-03-03,Eric,Accessories,1500.0,700.0,P10007,Global Tech Supplies
2024-10-16,East,Standing Desk,1,36100.0,Store B,Retail,0.05,Charlie,36100.0,Cash,BLACKFRIDAY,0,REG100146,Cust C5040,1474.62,2024-10-16,2024-10-20,Sophie,Furniture,38000.0,20000.0,P10017,FurnitureWorld Inc.
2025-05-20,North,Bookshelf,4,7225.0,Store A,Corporate,0.15,Grace,28900.0,Net Banking,BLACKFRIDAY,0,REG100147,Cust C5325,1621.14,2025-05-20,2025-05-29,Eric,Furniture,8500.0,4200.0,P10012,FurnitureWorld Inc.
2023-03-05,North,USB Flash Drive 64GB,27,800.0,Store A,Wholesale,0.0,Charlie,21600.0,Net Banking,NONE,0,REG100148,Cust C5069,2127.74,2023-03-05,2023-03-08,Eric,Accessories,800.0,350.0,P10006,Global Tech Supplies
2023-06-23,West,LED Desk Lamp,4,1760.0,Store D,Corporate,0.2,Eva,7040.0,Debit Card,SAVE10,0,REG100149,Cust C5181,355.78,2023-06-23,2023-06-28,Elena,Furniture,2200.0,1000.0,P10008,FurnitureWorld Inc.
2024-04-12,South,Wireless Earbuds,4,5525.0,Store C,Corporate,0.15,David,22100.0,Cash,BLACKFRIDAY,0,REG100150,Cust C5385,690.68,2024-04-12,2024-04-19,Marcus,Electronics,6500.0,3200.0,P10011,Global Tech Supplies
2023-12-15,North,LED Desk Lamp,46,1870.0,Store A,Wholesale,0.15,Frank,86020.0,Cash,SAVE10,0,REG100151,Cust C5307,1279.23,2023-12-15,2023-12-22,Eric,Furniture,2200.0,1000.0,P10008,FurnitureWorld Inc.
2024-04-25,North,Laser Printer,1,18500.0,Store A,Corporate,0.0,Eva,18500.0,Debit Card,BLACKFRIDAY,0,REG100152,Cust C5111,1048.64,2024-04-25,2024-05-01,Eric,Electronics,18500.0,9500.0,P10014,Global Tech Supplies
2025-04-16,South,Spiral Notebook,2,150.0,Store C,Corporate,0.0,Frank,300.0,UPI,SAVE10,0,REG100153,Cust C5222,984.3,2025-04-16,2025-04-21,Marcus,Office Supplies,150.0,60.0,P10001,OfficePro Distro
2024-09-25,West,Smartphone,14,55000.0,Store D,Wholesale,0.0,Charlie,770000.0,Net Banking,BUNDLE15,0,REG100154,Cust C5182,1164.03,2024-09-25,2024-10-03,Elena,Electronics,55000.0,32000.0,P10018,Global Tech Supplies
2025-05-15,South,Tablet,1,32000.0,Store C,Retail,0.0,Bob,32000.0,Net Banking,SAVE10,0,REG100155,Cust C5148,403.79,2025-05-15,2025-05-18,Marcus,Electronics,32000.0,18000.0,P10016,Global Tech Supplies
2025-05-08,South,Ergonomic Office Chair,1,11600.0,Store C,Retail,0.2,Grace,11600.0,Debit Card,FREESHIP,0,REG100156,Cust C5066,2215.83,2025-05-08,2025-05-14,Marcus,Furniture,14500.0,7500.0,P10013,FurnitureWorld Inc.
2025-03-16,South,Sticky Notes Bundle,33,170.0,Store C,Wholesale,0.15,Grace,5610.0,Debit Card,SAVE10,0,REG100157,Cust C5080,752.93,2025-03-16,2025-03-21,Marcus,Office Supplies,200.0,80.0,P10002,OfficePro Distro
2023-02-08,South,4K Smart Monitor,3,23800.0,Store C,Corporate,0.15,David,71400.0,Credit Card,BUNDLE15,0,REG100158,Cust C5165,1978.91,2023-02-08,2023-02-17,Marcus,Electronics,28000.0,15000.0,P10015,Global Tech Supplies
2025-01-14,South,Laptop Backpack,20,2800.0,Store C,Wholesale,0.0,Grace,56000.0,Cash,FREESHIP,0,REG100159,Cust C5169,592.22,2025-01-14,2025-01-18,Marcus,Accessories,2800.0,1200.0,P10009,SupplyCo Direct
2023-03-26,North,Gaming Laptop,7,90250.0,Store A,Wholesale,0.05,Grace,631750.0,Credit Card,BLACKFRIDAY,0,REG100160,Cust C5301,2159.41,2023-03-26,2023-04-04,Eric,Electronics,95000.0,58000.0,P10019,Global Tech Supplies
2025-06-17,South,Laser Printer,4,14800.0,Store C,Retail,0.2,Grace,59200.0,Cash,BLACKFRIDAY,0,REG100161,Cust C5347,1341.61,2025-06-17,2025-06-21,Marcus,Electronics,18500.0,9500.0,P10014,Global Tech Supplies
2025-04-19,North,HDMI Cable,3,480.0,Store A,Corporate,0.2,Alice,1440.0,UPI,BLACKFRIDAY,0,REG100162,Cust C5224,819.17,2025-04-19,2025-04-24,Eric,Accessories,600.0,250.0,P10005,Global Tech Supplies
2024-08-07,South,Ballpoint Pen Pack,2,225.0,Store C,Retail,0.1,Charlie,450.0,Net Banking,FREESHIP,0,REG100163,Cust C5378,1154.16,2024-08-07,2024-08-10,Marcus,Office Supplies,250.0,100.0,P10003,OfficePro Distro
2023-03-12,South,Smartphone,4,44000.0,Store C,Corporate,0.2,Charlie,176000.0,Credit Card,BLACKFRIDAY,0,REG100164,Cust C5126,1062.77,2023-03-12,2023-03-17,Marcus,Electronics,55000.0,32000.0,P10018,Global Tech Supplies
2023-05-14,South,Ballpoint Pen Pack,1,237.5,Store C,Corporate,0.05,Charlie,237.5,Credit Card,NONE,0,REG100165,Cust C5261,823.57,2023-05-14,2023-05-22,Marcus,Office Supplies,250.0,100.0,P10003,OfficePro Distro
2023-09-27,East,LED Desk Lamp,5,2200.0,Store B,Retail,0.0,David,11000.0,Credit Card,BUNDLE15,0,REG100166,Cust C5269,1577.28,2023-09-27,2023-10-05,Sophie,Furniture,2200.0,1000.0,P10008,FurnitureWorld Inc.
2023-12-24,West,USB Flash Drive 64GB,5,760.0,Store D,Corporate,0.05,Frank,3800.0,Cash,NONE,0,REG100167,Cust C5052,294.45,2023-12-24,2023-12-29,Elena,Accessories,800.0,350.0,P10006,Global Tech Supplies
2023-09-09,North,Ergonomic Office Chair,1,13775.0,Store A,Corporate,0.05,Charlie,13775.0,Debit Card,NONE,0,REG100168,Cust C5191,1360.59,2023-09-09,2023-09-14,Eric,Furniture,14500.0,7500.0,P10013,FurnitureWorld Inc.
2024-03-05,East,Mechanical Keyboard,1,4275.0,Store B,Retail,0.05,Alice,4275.0,Credit Card,BUNDLE15,0,REG100169,Cust C5101,1650.06,2024-03-05,2024-03-13,Sophie,Electronics,4500.0,2200.0,P10010,Global Tech Supplies
2025-01-18,North,Smartphone,1,55000.0,Store A,Corporate,0.0,David,55000.0,Net Banking,BUNDLE15,0,REG100170,Cust C5212,1534.81,2025-01-18,2025-01-22,Eric,Electronics,55000.0,32000.0,P10018,Global Tech Supplies
2023-09-03,West,4K Smart Monitor,11,23800.0,Store D,Wholesale,0.15,Charlie,261800.0,Debit Card,BLACKFRIDAY,0,REG100171,Cust C5178,915.65,2023-09-03,2023-09-11,Elena,Electronics,28000.0,15000.0,P10015,Global Tech Supplies
2024-05-31,South,Wireless Mouse,3,1350.0,Store C,Corporate,0.1,Frank,4050.0,UPI,NONE,0,REG100172,Cust C5395,664.7,2024-05-31,2024-06-03,Marcus,Accessories,1500.0,700.0,P10007,Global Tech Supplies
2024-10-01,West,HDMI Cable,3,540.0,Store D,Corporate,0.1,Eva,1620.0,Cash,SAVE10,0,REG100173,Cust C5025,672.47,2024-10-01,2024-10-06,Elena,Accessories,600.0,250.0,P10005,Global Tech Supplies
2024-10-30,East,LED Desk Lamp,1,1980.0,Store B,Retail,0.1,Eva,1980.0,Debit Card,FREESHIP,0,REG100174,Cust C5335,916.05,2024-10-30,2024-11-02,Sophie,Furniture,2200.0,1000.0,P10008,FurnitureWorld Inc.
2023-01-24,West,Spiral Notebook,11,135.0,Store D,Wholesale,0.1,Alice,1485.0,Net Banking,BUNDLE15,0,REG100175,Cust C5216,1193.98,2023-01-24,2023-01-28,Elena,Office Supplies,150.0,60.0,P10001,OfficePro Distro
2024-10-09,South,A4 Printer Paper (500 Sheets),3,405.0,Store C,Corporate,0.1,David,1215.0,Credit Card,NONE,0,REG100176,Cust C5244,2074.42,2024-10-09,2024-10-12,Marcus,Office Supplies,450.0,220.0,P10004,OfficePro Distro
2024-07-29,South,Laser Printer,2,16650.0,Store C,Corporate,0.1,David,33300.0,Credit Card,NONE,0,REG100177,Cust C5296,1242.28,2024-07-29,2024-08-03,Marcus,Electronics,18500.0,9500.0,P10014,Global Tech Supplies
2024-03-23,North,Mechanical Keyboard,10,4275.0,Store A,Wholesale,0.05,Bob,42750.0,Credit Card,FREESHIP,0,REG100178,Cust C5017,585.78,2024-03-23,2024-03-30,Eric,Electronics,4500.0,2200.0,P10010,Global Tech Supplies
2024-04-18,West,Wireless Mouse,5,1350.0,Store D,Retail,0.1,Eva,6750.0,Cash,BLACKFRIDAY,0,REG100179,Cust C5135,615.69,2024-04-18,2024-04-21,Elena,Accessories,1500.0,700.0,P10007,Global Tech Supplies
2025-04-30,South,Gaming Laptop,3,80750.0,Store C,Retail,0.15,Frank,242250.0,Cash,FREESHIP,0,REG100180,Cust C5034,1637.36,2025-04-30,2025-05-07,Marcus,Electronics,95000.0,58000.0,P10019,Global Tech Supplies
2023-11-02,South,Ergonomic Office Chair,7,13050.0,Store C,Wholesale,0.1,Alice,91350.0,UPI,FREESHIP,0,REG100181,Cust C5299,747.99,2023-11-02,2023-11-10,Marcus,Furniture,14500.0,7500.0,P10013,FurnitureWorld Inc.
2023-11-07,East,Bookshelf,4,6800.0,Store B,Corporate,0.2,Charlie,27200.0,Debit Card,BUNDLE15,0,REG100182,Cust C5187,1339.68,2023-11-07,2023-11-11,Sophie,Furniture,8500.0,4200.0,P10012,FurnitureWorld Inc.
2025-02-19,West,Ballpoint Pen Pack,1,225.0,Store D,Corporate,0.1,Charlie,225.0,Net Banking,BUNDLE15,0,REG100183,Cust C5350,487.35,2025-02-19,2025-02-28,Elena,Office Supplies,250.0,100.0,P10003,OfficePro Distro
2024-05-16,West,LED Desk Lamp,1,1980.0,Store D,Corporate,0.1,Frank,1980.0,UPI,NONE,0,REG100184,Cust C5257,1908.68,2024-05-16,2024-05-20,Elena,Furniture,2200.0,1000.0,P10008,FurnitureWorld Inc.
2024-04-17,North,Mechanical Keyboard,4,4500.0,Store A,Corporate,0.0,Grace,18000.0,Net Banking,NONE,0,REG100185,Cust C5358,755.02,2024-04-17,2024-04-26,Eric,Electronics,4500.0,2200.0,P10010,Global Tech Supplies
2023-04-11,West,A4 Printer Paper (500 Sheets),1,405.0,Store D,Corporate,0.1,Eva,405.0,Credit Card,NONE,0,REG100186,Cust C5300,1917.01,2023-04-11,2023-04-16,Elena,Office Supplies,450.0,220.0,P10004,OfficePro Distro
2024-05-07,South,Laptop Backpack,3,2380.0,Store C,Retail,0.15,Frank,7140.0,Cash,SAVE10,0,REG100187,Cust C5091,863.74,2024-05-07,2024-05-14,Marcus,Accessories,2800.0,1200.0,P10009,SupplyCo Direct
2024-05-16,West,Smartphone,10,55000.0,Store D,Wholesale,0.0,David,550000.0,Cash,BLACKFRIDAY,0,REG100188,Cust C5216,1764.13,2024-05-16,2024-05-26,Elena,Electronics,55000.0,32000.0,P10018,Global Tech Supplies
2023-04-23,West,Bookshelf,15,7225.0,Store D,Wholesale,0.15,David,108375.0,Cash,BLACKFRIDAY,0,REG100189,Cust C5215,1157.72,2023-04-23,2023-04-30,Elena,Furniture,8500.0,4200.0,P10012,FurnitureWorld Inc.
2024-03-06,East,Sticky Notes Bundle,36,180.0,Store B,Wholesale,0.1,Eva,6480.0,Debit Card,FREESHIP,0,REG100190,Cust C5174,1670.22,2024-03-06,2024-03-11,Sophie,Office Supplies,200.0,80.0,P10002,OfficePro Distro
2025-06-03,North,Laser Printer,5,17575.0,Store A,Retail,0.05,Bob,87875.0,Credit Card,FREESHIP,0,REG100191,Cust C5096,968.71,2025-06-03,2025-06-06,Eric,Electronics,18500.0,9500.0,P10014,Global Tech Supplies
2024-01-18,East,Ballpoint Pen Pack,1,212.5,Store B,Corporate,0.15,Bob,212.5,Net Banking,BLACKFRIDAY,0,REG100192,Cust C5041,1564.96,2024-01-18,2024-01-26,Sophie,Office Supplies,250.0,100.0,P10003,OfficePro Distro
2024-08-16,West,Mechanical Keyboard,5,4050.0,Store D,Corporate,0.1,Grace,20250.0,Cash,BLACKFRIDAY,1,REG100193,Cust C5385,1307.99,2024-08-16,2024-08-25,Elena,Electronics,4500.0,2200.0,P10010,Global Tech Supplies
2024-08-08,North,Wireless Mouse,3,1500.0,Store A,Retail,0.0,Alice,4500.0,Debit Card,SAVE10,0,REG100194,Cust C5321,572.68,2024-08-08,2024-08-16,Eric,Accessories,1500.0,700.0,P10007,Global Tech Supplies
2025-02-19,East,USB Flash Drive 64GB,4,800.0,Store B,Corporate,0.0,Alice,3200.0,UPI,SAVE10,0,REG100195,Cust C5120,776.01,2025-02-19,2025-02-26,Sophie,Accessories,800.0,350.0,P10006,Global Tech Supplies
2023-04-24,North,Ergonomic Office Chair,6,13775.0,Store A,Wholesale,0.05,Eva,82650.0,Cash,BUNDLE15,0,REG100196,Cust C5046,1932.24,2023-04-24,2023-05-03,Eric,Furniture,14500.0,7500.0,P10013,FurnitureWorld Inc.
2024-11-14,South,Spiral Notebook,1,127.5,Store C,Retail,0.15,Bob,127.5,Credit Card,NONE,0,REG100197,Cust C5076,1166.14,2024-11-14,2024-11-21,Marcus,Office Supplies,150.0,60.0,P10001,OfficePro Distro
2024-04-26,West,Bookshelf,4,7650.0,Store D,Corporate,0.1,Eva,30600.0,Debit Card,SAVE10,0,REG100198,Cust C5200,1245.98,2024-04-26,2024-05-01,Elena,Furniture,8500.0,4200.0,P10012,FurnitureWorld Inc.
2025-03-30,South,Standing Desk,1,34200.0,Store C,Retail,0.1,Alice,34200.0,Credit Card,SAVE10,0,REG100199,Cust C5363,2127.62,2025-03-30,2025-04-02,Marcus,Furniture,38000.0,20000.0,P10017,FurnitureWorld Inc.
2025-02-09,East,Spiral Notebook,21,120.0,Store B,Wholesale,0.2,Grace,2520.0,Net Banking,SAVE10,0,REG100200,Cust C5155,1831.73,2025-02-09,2025-02-13,Sophie,Office Supplies,150.0,60.0,P10001,OfficePro Distro
2024-11-30,East,Wireless Earbuds,6,5525.0,Store B,Wholesale,0.15,Frank,33150.0,Credit Card,NONE,1,REG100201,Cust C5263,466.65,2024-11-30,2024-12-05,Sophie,Electronics,6500.0,3200.0,P10011,Global Tech Supplies
2024-12-04,North,Smartphone,3,44000.0,Store A,Corporate,0.2,Bob,132000.0,UPI,BLACKFRIDAY,0,REG100202,Cust C5211,1362.82,2024-12-04,2024-12-12,Eric,Electronics,55000.0,32000.0,P10018,Global Tech Supplies
2023-04-07,North,Ballpoint Pen Pack,4,250.0,Store A,Corporate,0.0,Alice,1000.0,Credit Card,BUNDLE15,0,REG100203,Cust C5308,1314.18,2023-04-07,2023-04-11,Eric,Office Supplies,250.0,100.0,P10003,OfficePro Distro
2024-02-06,East,Ergonomic Office Chair,13,13775.0,Store B,Wholesale,0.05,Bob,179075.0,Net Banking,FREESHIP,0,REG100204,Cust C5126,369.37,2024-02-06,2024-02-12,Sophie,Furniture,14500.0,7500.0,P10013,FurnitureWorld Inc.
2023-01-11,South,Laptop Backpack,5,2380.0,Store C,Retail,0.15,Frank,11900.0,Cash,FREESHIP,1,REG100205,Cust C5088,313.27,2023-01-11,2023-01-16,Marcus,Accessories,2800.0,1200.0,P10009,SupplyCo Direct
2024-05-17,East,Spiral Notebook,2,135.0,Store B,Retail,0.1,Frank,270.0,Credit Card,SAVE10,0,REG100206,Cust C5055,1732.48,2024-05-17,2024-05-24,Sophie,Office Supplies,150.0,60.0,P10001,OfficePro Distro
2025-05-15,East,Wireless Earbuds,4,5850.0,Store B,Corporate,0.1,Eva,23400.0,Debit Card,NONE,0,REG100207,Cust C5050,1238.74,2025-05-15,2025-05-24,Sophie,Electronics,6500.0,3200.0,P10011,Global Tech Supplies
2024-01-14,North,LED Desk Lamp,5,1870.0,Store A,Corporate,0.15,Bob,9350.0,Net Banking,FREESHIP,0,REG100208,Cust C5034,341.65,2024-01-14,2024-01-22,Eric,Furniture,2200.0,1000.0,P10008,FurnitureWorld Inc.
2024-05-27,North,Mechanical Keyboard,5,3600.0,Store A,Retail,0.2,Bob,18000.0,UPI,NONE,0,REG100209,Cust C5257,747.31,2024-05-27,2024-06-03,Eric,Electronics,4500.0,2200.0,P10010,Global Tech Supplies
2024-03-28,West,Laptop Backpack,46,2520.0,Store D,Wholesale,0.1,Frank,115920.0,UPI,BUNDLE15,0,REG100210,Cust C5204,405.28,2024-03-28,2024-04-06,Elena,Accessories,2800.0,1200.0,P10009,SupplyCo Direct
2025-05-09,West,4K Smart Monitor,2,22400.0,Store D,Retail,0.2,Grace,44800.0,Net Banking,NONE,0,REG100211,Cust C5360,2405.26,2025-05-09,2025-05-16,Elena,Electronics,28000.0,15000.0,P10015,Global Tech Supplies
2024-12-26,South,Wireless Earbuds,3,5200.0,Store C,Retail,0.2,Eva,15600.0,Debit Card,SAVE10,0,REG100212,Cust C5134,1492.37,2024-12-26,2024-12-28,Marcus,Electronics,6500.0,3200.0,P10011,Global Tech Supplies
2024-04-14,South,Laptop Backpack,14,2380.0,Store C,Wholesale,0.15,Eva,33320.0,Cash,BUNDLE15,0,REG100213,Cust C5121,1860.21,2024-04-14,2024-04-23,Marcus,Accessories,2800.0,1200.0,P10009,SupplyCo Direct
2025-03-06,North,Wireless Earbuds,1,5200.0,Store A,Corporate,0.2,Charlie,5200.0,Net Banking,BUNDLE15,0,REG100214,Cust C5304,1804.11,2025-03-06,2025-03-08,Eric,Electronics,6500.0,3200.0,P10011,Global Tech Supplies
2024-07-31,East,HDMI Cable,4,570.0,Store B,Corporate,0.05,Eva,2280.0,Debit Card,NONE,0,REG100215,Cust C5059,2056.25,2024-07-31,2024-08-07,Sophie,Accessories,600.0,250.0,P10005,Global Tech Supplies
2024-03-01,North,4K Smart Monitor,3,22400.0,Store A,Retail,0.2,Alice,67200.0,Cash,BUNDLE15,0,REG100216,Cust C5209,1744.12,2024-03-01,2024-03-09,Eric,Electronics,28000.0,15000.0,P10015,Global Tech Supplies
2023-01-01,East,4K Smart Monitor,2,26600.0,Store B,Retail,0.05,Alice,53200.0,UPI,SAVE10,0,REG100217,Cust C5281,1466.34,2023-01-01,2023-01-05,Sophie,Electronics,28000.0,15000.0,P10015,Global Tech Supplies
2024-02-10,West,Gaming Laptop,12,90250.0,Store D,Wholesale,0.05,Bob,1083000.0,Net Banking,SAVE10,0,REG100218,Cust C5008,576.95,2024-02-10,2024-02-19,Elena,Electronics,95000.0,58000.0,P10019,Global Tech Supplies
2024-01-20,East,Laptop Backpack,10,2380.0,Store B,Wholesale,0.15,Eva,23800.0,UPI,FREESHIP,0,REG100219,Cust C5051,1258.0,2024-01-20,2024-01-27,Sophie,Accessories,2800.0,1200.0,P10009,SupplyCo Direct
2025-04-04,West,Wireless Earbuds,4,5200.0,Store D,Retail,0.2,Charlie,20800.0,Debit Card,BUNDLE15,0,REG100220,Cust C5017,1324.97,2025-04-04,2025-04-10,Elena,Electronics,6500.0,3200.0,P10011,Global Tech Supplies
2023-03-19,East,Wireless Mouse,10,1200.0,Store B,Wholesale,0.2,Charlie,12000.0,Debit Card,BUNDLE15,0,REG100221,Cust C5380,1557.79,2023-03-19,2023-03-27,Sophie,Accessories,1500.0,700.0,P10007,Global Tech Supplies
2025-02-03,West,Smartphone,3,55000.0,Store D,Corporate,0.0,David,165000.0,Cash,NONE,0,REG100222,Cust C5257,1390.21,2025-02-03,2025-02-08,Elena,Electronics,55000.0,32000.0,P10018,Global Tech Supplies
2023-08-06,South,USB Flash Drive 64GB,2,640.0,Store C,Retail,0.2,Bob,1280.0,Debit Card,FREESHIP,1,REG100223,Cust C5214,1171.57,2023-08-06,2023-08-09,Marcus,Accessories,800.0,350.0,P10006,Global Tech Supplies
2024-12-03,North,Standing Desk,5,34200.0,Store A,Corporate,0.1,Grace,171000.0,UPI,FREESHIP,0,REG100224,Cust C5007,319.02,2024-12-03,2024-12-05,Eric,Furniture,38000.0,20000.0,P10017,FurnitureWorld Inc.
2025-02-26,West,Wireless Earbuds,1,6500.0,Store D,Retail,0.0,Alice,6500.0,UPI,BUNDLE15,0,REG100225,Cust C5343,2307.64,2025-02-26,2025-02-28,Elena,Electronics,6500.0,3200.0,P10011,Global Tech Supplies
2023-09-21,South,Standing Desk,15,36100.0,Store C,Wholesale,0.05,Charlie,541500.0,Credit Card,BUNDLE15,0,REG100226,Cust C5254,910.77,2023-09-21,2023-09-29,Marcus,Furniture,38000.0,20000.0,P10017,FurnitureWorld Inc.
2024-07-21,North,LED Desk Lamp,1,2090.0,Store A,Retail,0.05,Eva,2090.0,Net Banking,BUNDLE15,0,REG100227,Cust C5162,1521.07,2024-07-21,2024-07-27,Eric,Furniture,2200.0,1000.0,P10008,FurnitureWorld Inc.
2023-04-22,East,LED Desk Lamp,3,1980.0,Store B,Retail,0.1,Eva,5940.0,Debit Card,SAVE10,0,REG100228,Cust C5338,489.46,2023-04-22,2023-04-27,Sophie,Furniture,2200.0,1000.0,P10008,FurnitureWorld Inc.
2023-03-30,North,Ballpoint Pen Pack,5,225.0,Store A,Retail,0.1,Alice,1125.0,Cash,FREESHIP,0,REG100229,Cust C5382,890.53,2023-03-30,2023-04-01,Eric,Office Supplies,250.0,100.0,P10003,OfficePro Distro
2023-03-06,South,Gaming Laptop,12,76000.0,Store C,Wholesale,0.2,Grace,912000.0,Cash,NONE,0,REG100230,Cust C5378,1629.33,2023-03-06,2023-03-10,Marcus,Electronics,95000.0,58000.0,P10019,Global Tech Supplies
2023-09-10,East,LED Desk Lamp,4,1870.0,Store B,Corporate,0.15,Grace,7480.0,Net Banking,NONE,1,REG100231,Cust C5199,2470.69,2023-09-10,2023-09-20,Sophie,Furniture,2200.0,1000.0,P10008,FurnitureWorld Inc.
2025-05-11,East,Ergonomic Office Chair,1,13050.0,Store B,Corporate,0.1,Grace,13050.0,Debit Card,NONE,0,REG100232,Cust C5399,2256.76,2025-05-11,2025-05-21,Sophie,Furniture,14500.0,7500.0,P10013,FurnitureWorld Inc.
2024-07-17,West,Gaming Laptop,3,80750.0,Store D,Corporate,0.15,Frank,242250.0,Credit Card,NONE,0,REG100233,Cust C5358,867.45,2024-07-17,2024-07-22,Elena,Electronics,95000.0,58000.0,P10019,Global Tech Supplies
2024-02-22,East,Standing Desk,2,30400.0,Store B,Retail,0.2,Grace,60800.0,Net Banking,NONE,0,REG100234,Cust C5350,1657.37,2024-02-22,2024-02-27,Sophie,Furniture,38000.0,20000.0,P10017,FurnitureWorld Inc.
2024-06-06,East,Ergonomic Office Chair,1,12325.0,Store B,Retail,0.15,Eva,12325.0,UPI,BLACKFRIDAY,0,REG100235,Cust C5158,1000.98,2024-06-06,2024-06-10,Sophie,Furniture,14500.0,7500.0,P10013,FurnitureWorld Inc.
2025-04-24,East,LED Desk Lamp,5,1870.0,Store B,Retail,0.15,David,9350.0,Net Banking,BUNDLE15,0,REG100236,Cust C5174,1154.41,2025-04-24,2025-04-27,Sophie,Furniture,2200.0,1000.0,P10008,FurnitureWorld Inc.
2024-08-30,North,Tablet,5,25600.0,Store A,Corporate,0.2,Alice,128000.0,Credit Card,NONE,0,REG100237,Cust C5390,1595.58,2024-08-30,2024-09-03,Eric,Electronics,32000.0,18000.0,P10016,Global Tech Supplies
2023-11-24,West,Standing Desk,10,38000.0,Store D,Wholesale,0.0,Bob,380000.0,Credit Card,NONE,0,REG100238,Cust C5385,1358.01,2023-11-24,2023-12-03,Elena,Furniture,38000.0,20000.0,P10017,FurnitureWorld Inc.
2024-03-24,West,Spiral Notebook,1,127.5,Store D,Corporate,0.15,Bob,127.5,Debit Card,BLACKFRIDAY,0,REG100239,Cust C5329,1567.66,2024-03-24,2024-04-02,Elena,Office Supplies,150.0,60.0,P10001,OfficePro Distro
2023-11-28,West,USB Flash Drive 64GB,22,800.0,Store D,Wholesale,0.0,Eva,17600.0,Net Banking,BUNDLE15,0,REG100240,Cust C5144,2323.89,2023-11-28,2023-12-05,Elena,Accessories,800.0,350.0,P10006,Global Tech Supplies
2024-12-12,North,Bookshelf,12,8075.0,Store A,Wholesale,0.05,Charlie,96900.0,Net Banking,FREESHIP,1,REG100241,Cust C5090,1019.72,2024-12-12,2024-12-18,Eric,Furniture,8500.0,4200.0,P10012,FurnitureWorld Inc.
2025-05-26,East,Mechanical Keyboard,5,3825.0,Store B,Retail,0.15,Frank,19125.0,UPI,BLACKFRIDAY,0,REG100242,Cust C5024,1518.92,2025-05-26,2025-06-02,Sophie,Electronics,4500.0,2200.0,P10010,Global Tech Supplies
2025-04-18,North,A4 Printer Paper (500 Sheets),40,382.5,Store A,Wholesale,0.15,Eva,15300.0,Debit Card,NONE,0,REG100243,Cust C5118,2254.26,2025-04-18,2025-04-21,Eric,Office Supplies,450.0,220.0,P10004,OfficePro Distro
2025-01-23,South,Laser Printer,15,18500.0,Store C,Wholesale,0.0,David,277500.0,Cash,NONE,1,REG100244,Cust C5338,1047.02,2025-01-23,2025-01-31,Marcus,Electronics,18500.0,9500.0,P10014,Global Tech Supplies
2024-05-31,East,Smartphone,2,44000.0,Store B,Retail,0.2,Frank,88000.0,UPI,SAVE10,0,REG100245,Cust C5165,796.11,2024-05-31,2024-06-05,Sophie,Electronics,55000.0,32000.0,P10018,Global Tech Supplies
2023-02-22,West,Wireless Earbuds,3,5850.0,Store D,Corporate,0.1,Bob,17550.0,Credit Card,BLACKFRIDAY,0,REG100246,Cust C5352,1066.69,2023-02-22,2023-02-27,Elena,Electronics,6500.0,3200.0,P10011,Global Tech Supplies
2024-09-30,South,LED Desk Lamp,3,1980.0,Store C,Retail,0.1,Alice,5940.0,Debit Card,FREESHIP,0,REG100247,Cust C5173,1239.76,2024-09-30,2024-10-07,Marcus,Furniture,2200.0,1000.0,P10008,FurnitureWorld Inc.
2024-02-17,East,Standing Desk,1,30400.0,Store B,Corporate,0.2,Grace,30400.0,Credit Card,FREESHIP,1,REG100248,Cust C5103,2094.94,2024-02-17,2024-02-22,Sophie,Furniture,38000.0,20000.0,P10017,FurnitureWorld Inc.
2023-04-01,West,HDMI Cable,4,480.0,Store D,Retail,0.2,Frank,1920.0,Cash,BUNDLE15,0,REG100249,Cust C5366,1977.67,2023-04-01,2023-04-09,Elena,Accessories,600.0,250.0,P10005,Global Tech Supplies
2024-05-07,South,4K Smart Monitor,2,26600.0,Store C,Corporate,0.05,Bob,53200.0,Cash,FREESHIP,0,REG100250,Cust C5012,1654.97,2024-05-07,2024-05-15,Marcus,Electronics,28000.0,15000.0,P10015,Global Tech Supplies
2024-07-27,West,Laptop Backpack,4,2660.0,Store D,Corporate,0.05,Grace,10640.0,Credit Card,NONE,0,REG100251,Cust C5292,1411.2,2024-07-27,2024-08-05,Elena,Accessories,2800.0,1200.0,P10009,SupplyCo Direct
2025-01-11,East,HDMI Cable,2,570.0,Store B,Retail,0.05,Frank,1140.0,UPI,BUNDLE15,0,REG100252,Cust C5385,520.85,2025-01-11,2025-01-17,Sophie,Accessories,600.0,250.0,P10005,Global Tech Supplies
2025-06-07,South,LED Desk Lamp,3,1980.0,Store C,Corporate,0.1,Alice,5940.0,Cash,BLACKFRIDAY,0,REG100253,Cust C5142,985.97,2025-06-07,2025-06-10,Marcus,Furniture,2200.0,1000.0,P10008,FurnitureWorld Inc.
2023-03-29,East,Smartphone,2,55000.0,Store B,Retail,0.0,Alice,110000.0,Credit Card,SAVE10,0,REG100254,Cust C5115,998.46,2023-03-29,2023-04-04,Sophie,Electronics,55000.0,32000.0,P10018,Global Tech Supplies
2023-07-15,West,Laser Printer,5,16650.0,Store D,Corporate,0.1,Eva,83250.0,Cash,BUNDLE15,0,REG100255,Cust C5228,220.86,2023-07-15,2023-07-22,Elena,Electronics,18500.0,9500.0,P10014,Global Tech Supplies
2025-04-28,West,A4 Printer Paper (500 Sheets),2,382.5,Store D,Corporate,0.15,Grace,765.0,Debit Card,NONE,0,REG100256,Cust C5075,412.47,2025-04-28,2025-05-08,Elena,Office Supplies,450.0,220.0,P10004,OfficePro Distro
2024-07-03,West,USB Flash Drive 64GB,50,720.0,Store D,Wholesale,0.1,David,36000.0,UPI,BLACKFRIDAY,0,REG100257,Cust C5224,683.75,2024-07-03,2024-07-10,Elena,Accessories,800.0,350.0,P10006,Global Tech Supplies
2023-08-04,East,Smartphone,3,52250.0,Store B,Corporate,0.05,Eva,156750.0,Cash,FREESHIP,0,REG100258,Cust C5090,1452.06,2023-08-04,2023-08-06,Sophie,Electronics,55000.0,32000.0,P10018,Global Tech Supplies
2023-08-03,West,Wireless Mouse,25,1425.0,Store D,Wholesale,0.05,Charlie,35625.0,Net Banking,NONE,0,REG100259,Cust C5283,237.83,2023-08-03,2023-08-06,Elena,Accessories,1500.0,700.0,P10007,Global Tech Supplies
2023-06-05,West,USB Flash Drive 64GB,2,760.0,Store D,Retail,0.05,Charlie,1520.0,Cash,NONE,0,REG100260,Cust C5207,1812.3,2023-06-05,2023-06-15,Elena,Accessories,800.0,350.0,P10006,Global Tech Supplies
2023-10-16,West,Mechanical Keyboard,4,4500.0,Store D,Corporate,0.0,Charlie,18000.0,Credit Card,NONE,0,REG100261,Cust C5122,2056.13,2023-10-16,2023-10-19,Elena,Electronics,4500.0,2200.0,P10010,Global Tech Supplies
2024-12-31,North,A4 Printer Paper (500 Sheets),25,382.5,Store A,Wholesale,0.15,Bob,9562.5,Credit Card,BLACKFRIDAY,0,REG100262,Cust C5220,1967.79,2024-12-31,2025-01-03,Eric,Office Supplies,450.0,220.0,P10004,OfficePro Distro
2023-03-16,South,Wireless Earbuds,3,5200.0,Store C,Retail,0.2,Bob,15600.0,Credit Card,BLACKFRIDAY,0,REG100263,Cust C5193,1243.54,2023-03-16,2023-03-22,Marcus,Electronics,6500.0,3200.0,P10011,Global Tech Supplies
2024-06-07,North,A4 Printer Paper (500 Sheets),1,382.5,Store A,Corporate,0.15,Grace,382.5,Net Banking,NONE,0,REG100264,Cust C5374,283.69,2024-06-07,2024-06-13,Eric,Office Supplies,450.0,220.0,P10004,OfficePro Distro
2025-06-06,East,Sticky Notes Bundle,4,180.0,Store B,Retail,0.1,Alice,720.0,Net Banking,FREESHIP,0,REG100265,Cust C5326,1559.62,2025-06-06,2025-06-14,Sophie,Office Supplies,200.0,80.0,P10002,OfficePro Distro
2024-06-07,East,Wireless Earbuds,2,5525.0,Store B,Corporate,0.15,Alice,11050.0,UPI,BUNDLE15,0,REG100266,Cust C5142,2273.51,2024-06-07,2024-06-10,Sophie,Electronics,6500.0,3200.0,P10011,Global Tech Supplies
2023-11-24,South,Tablet,1,30400.0,Store C,Retail,0.05,Grace,30400.0,Credit Card,FREESHIP,0,REG100267,Cust C5028,1190.32,2023-11-24,2023-12-03,Marcus,Electronics,32000.0,18000.0,P10016,Global Tech Supplies
2023-12-21,East,Wireless Mouse,1,1350.0,Store B,Corporate,0.1,Frank,1350.0,UPI,BUNDLE15,0,REG100268,Cust C5034,1260.1,2023-12-21,2023-12-27,Sophie,Accessories,1500.0,700.0,P10007,Global Tech Supplies
2023-01-25,South,Standing Desk,3,38000.0,Store C,Retail,0.0,Alice,114000.0,Net Banking,BUNDLE15,0,REG100269,Cust C5383,1669.0,2023-01-25,2023-01-29,Marcus,Furniture,38000.0,20000.0,P10017,FurnitureWorld Inc.
2023-08-28,South,Laptop Backpack,1,2660.0,Store C,Corporate,0.05,Charlie,2660.0,Net Banking,BLACKFRIDAY,0,REG100270,Cust C5041,1349.12,2023-08-28,2023-09-02,Marcus,Accessories,2800.0,1200.0,P10009,SupplyCo Direct
2025-01-23,South,Bookshelf,5,6800.0,Store C,Retail,0.2,Grace,34000.0,Cash,SAVE10,0,REG100271,Cust C5149,1798.5,2025-01-23,2025-01-26,Marcus,Furniture,8500.0,4200.0,P10012,FurnitureWorld Inc.
2024-01-01,North,USB Flash Drive 64GB,5,640.0,Store A,Retail,0.2,Charlie,3200.0,Credit Card,NONE,0,REG100272,Cust C5348,2176.91,2024-01-01,2024-01-05,Eric,Accessories,800.0,350.0,P10006,Global Tech Supplies
2023-05-04,North,Ergonomic Office Chair,11,11600.0,Store A,Wholesale,0.2,Grace,127600.0,Debit Card,NONE,0,REG100273,Cust C5023,582.36,2023-05-04,2023-05-08,Eric,Furniture,14500.0,7500.0,P10013,FurnitureWorld Inc.
2023-10-13,East,LED Desk Lamp,3,1760.0,Store B,Retail,0.2,Grace,5280.0,Credit Card,FREESHIP,0,REG100274,Cust C5126,748.8,2023-10-13,2023-10-16,Sophie,Furniture,2200.0,1000.0,P10008,FurnitureWorld Inc.
2023-09-14,West,USB Flash Drive 64GB,5,760.0,Store D,Retail,0.05,Charlie,3800.0,UPI,SAVE10,0,REG100275,Cust C5144,729.81,2023-09-14,2023-09-22,Elena,Accessories,800.0,350.0,P10006,Global Tech Supplies
2023-09-21,South,Ergonomic Office Chair,5,11600.0,Store C,Corporate,0.2,Eva,58000.0,Debit Card,BLACKFRIDAY,0,REG100276,Cust C5374,811.84,2023-09-21,2023-09-26,Marcus,Furniture,14500.0,7500.0,P10013,FurnitureWorld Inc.
2024-06-19,North,LED Desk Lamp,1,1980.0,Store A,Corporate,0.1,Frank,1980.0,Credit Card,SAVE10,0,REG100277,Cust C5210,861.21,2024-06-19,2024-06-27,Eric,Furniture,2200.0,1000.0,P10008,FurnitureWorld Inc.
2025-04-11,South,Sticky Notes Bundle,27,200.0,Store C,Wholesale,0.0,Grace,5400.0,Net Banking,NONE,0,REG100278,Cust C5261,2355.91,2025-04-11,2025-04-13,Marcus,Office Supplies,200.0,80.0,P10002,OfficePro Distro
2023-05-01,South,Spiral Notebook,4,142.5,Store C,Retail,0.05,Alice,570.0,Cash,NONE,0,REG100279,Cust C5053,1322.92,2023-05-01,2023-05-11,Marcus,Office Supplies,150.0,60.0,P10001,OfficePro Distro
2024-04-26,South,Mechanical Keyboard,1,4500.0,Store C,Corporate,0.0,Charlie,4500.0,UPI,NONE,0,REG100280,Cust C5248,1284.83,2024-04-26,2024-05-01,Marcus,Electronics,4500.0,2200.0,P10010,Global Tech Supplies
2024-02-08,South,Laptop Backpack,3,2240.0,Store C,Corporate,0.2,David,6720.0,Debit Card,BUNDLE15,0,REG100281,Cust C5271,2305.32,2024-02-08,2024-02-18,Marcus,Accessories,2800.0,1200.0,P10009,SupplyCo Direct
2025-03-10,South,Tablet,4,27200.0,Store C,Corporate,0.15,David,108800.0,Credit Card,SAVE10,0,REG100282,Cust C5002,1067.19,2025-03-10,2025-03-16,Marcus,Electronics,32000.0,18000.0,P10016,Global Tech Supplies
2025-05-21,South,Sticky Notes Bundle,19,200.0,Store C,Wholesale,0.0,Eva,3800.0,UPI,SAVE10,0,REG100283,Cust C5054,215.36,2025-05-21,2025-05-30,Marcus,Office Supplies,200.0,80.0,P10002,OfficePro Distro
2023-12-31,East,Wireless Mouse,3,1200.0,Store B,Corporate,0.2,Eva,3600.0,Credit Card,FREESHIP,0,REG100284,Cust C5110,210.92,2023-12-31,2024-01-04,Sophie,Accessories,1500.0,700.0,P10007,Global Tech Supplies
2024-02-10,East,Spiral Notebook,33,127.5,Store B,Wholesale,0.15,David,4207.5,Cash,FREESHIP,0,REG100285,Cust C5220,504.52,2024-02-10,2024-02-17,Sophie,Office Supplies,150.0,60.0,P10001,OfficePro Distro
2024-11-13,East,Sticky Notes Bundle,35,190.0,Store B,Wholesale,0.05,David,6650.0,Debit Card,SAVE10,0,REG100286,Cust C5035,1280.72,2024-11-13,2024-11-16,Sophie,Office Supplies,200.0,80.0,P10002,OfficePro Distro
2023-09-12,North,Smartphone,4,46750.0,Store A,Retail,0.15,Eva,187000.0,Cash,SAVE10,0,REG100287,Cust C5080,2238.73,2023-09-12,2023-09-19,Eric,Electronics,55000.0,32000.0,P10018,Global Tech Supplies
2023-08-03,North,LED Desk Lamp,3,1760.0,Store A,Retail,0.2,Grace,5280.0,Net Banking,NONE,0,REG100288,Cust C5357,511.99,2023-08-03,2023-08-10,Eric,Furniture,2200.0,1000.0,P10008,FurnitureWorld Inc.
2023-07-12,South,Smartphone,4,44000.0,Store C,Corporate,0.2,Frank,176000.0,UPI,NONE,0,REG100289,Cust C5148,2223.23,2023-07-12,2023-07-16,Marcus,Electronics,55000.0,32000.0,P10018,Global Tech Supplies
2024-04-11,South,Tablet,8,27200.0,Store C,Wholesale,0.15,David,217600.0,Net Banking,NONE,0,REG100290,Cust C5334,1745.51,2024-04-11,2024-04-18,Marcus,Electronics,32000.0,18000.0,P10016,Global Tech Supplies
2024-08-12,North,Gaming Laptop,6,76000.0,Store A,Wholesale,0.2,Grace,456000.0,Net Banking,FREESHIP,0,REG100291,Cust C5186,1587.26,2024-08-12,2024-08-20,Eric,Electronics,95000.0,58000.0,P10019,Global Tech Supplies
2024-09-16,East,4K Smart Monitor,2,28000.0,Store B,Retail,0.0,Alice,56000.0,Debit Card,BUNDLE15,0,REG100292,Cust C5128,1978.62,2024-09-16,2024-09-24,Sophie,Electronics,28000.0,15000.0,P10015,Global Tech Supplies
2023-02-22,North,Ergonomic Office Chair,3,14500.0,Store A,Corporate,0.0,Frank,43500.0,Net Banking,FREESHIP,0,REG100293,Cust C5361,2063.82,2023-02-22,2023-03-04,Eric,Furniture,14500.0,7500.0,P10013,FurnitureWorld Inc.
2023-02-02,East,Laptop Backpack,1,2660.0,Store B,Corporate,0.05,Frank,2660.0,Cash,BUNDLE15,0,REG100294,Cust C5257,2265.04,2023-02-02,2023-02-11,Sophie,Accessories,2800.0,1200.0,P10009,SupplyCo Direct
2024-08-13,West,Ballpoint Pen Pack,42,225.0,Store D,Wholesale,0.1,David,9450.0,Credit Card,FREESHIP,0,REG100295,Cust C5118,1263.97,2024-08-13,2024-08-16,Elena,Office Supplies,250.0,100.0,P10003,OfficePro Distro
2023-09-28,North,A4 Printer Paper (500 Sheets),45,382.5,Store A,Wholesale,0.15,David,17212.5,UPI,SAVE10,0,REG100296,Cust C5214,2309.56,2023-09-28,2023-10-08,Eric,Office Supplies,450.0,220.0,P10004,OfficePro Distro
2024-07-16,East,Tablet,5,30400.0,Store B,Corporate,0.05,Grace,152000.0,Net Banking,BLACKFRIDAY,0,REG100297,Cust C5085,2132.15,2024-07-16,2024-07-19,Sophie,Electronics,32000.0,18000.0,P10016,Global Tech Supplies
2024-10-26,South,Smartphone,15,44000.0,Store C,Wholesale,0.2,David,660000.0,UPI,BLACKFRIDAY,0,REG100298,Cust C5319,1539.75,2024-10-26,2024-10-30,Marcus,Electronics,55000.0,32000.0,P10018,Global Tech Supplies
2025-06-15,South,Bookshelf,2,7225.0,Store C,Retail,0.15,Bob,14450.0,Net Banking,BUNDLE15,0,REG100299,Cust C5142,341.94,2025-06-15,2025-06-22,Marcus,Furniture,8500.0,4200.0,P10012,FurnitureWorld Inc.
2024-01-13,South,Standing Desk,12,38000.0,Store C,Wholesale,0.0,Grace,456000.0,Cash,FREESHIP,0,REG100300,Cust C5222,2089.64,2024-01-13,2024-01-21,Marcus,Furniture,38000.0,20000.0,P10017,FurnitureWorld Inc.
2025-02-06,South,A4 Printer Paper (500 Sheets),1,450.0,Store C,Retail,0.0,Alice,450.0,Net Banking,FREESHIP,0,REG100301,Cust C5139,1916.6,2025-02-06,2025-02-12,Marcus,Office Supplies,450.0,220.0,P10004,OfficePro Distro
2025-03-03,East,HDMI Cable,3,510.0,Store B,Retail,0.15,David,1530.0,Cash,BUNDLE15,0,REG100302,Cust C5020,2428.68,2025-03-03,2025-03-06,Sophie,Accessories,600.0,250.0,P10005,Global Tech Supplies
2023-06-30,East,Laser Printer,3,16650.0,Store B,Corporate,0.1,Frank,49950.0,Debit Card,FREESHIP,1,REG100303,Cust C5105,553.9,2023-06-30,2023-07-10,Sophie,Electronics,18500.0,9500.0,P10014,Global Tech Supplies
2025-06-03,East,Tablet,4,25600.0,Store B,Retail,0.2,David,102400.0,Debit Card,FREESHIP,0,REG100304,Cust C5210,1786.2,2025-06-03,2025-06-10,Sophie,Electronics,32000.0,18000.0,P10016,Global Tech Supplies
2025-05-06,West,Bookshelf,4,8075.0,Store D,Corporate,0.05,Grace,32300.0,Debit Card,SAVE10,1,REG100305,Cust C5030,2292.51,2025-05-06,2025-05-16,Elena,Furniture,8500.0,4200.0,P10012,FurnitureWorld Inc.
2024-10-25,South,HDMI Cable,39,510.0,Store C,Wholesale,0.15,Bob,19890.0,Net Banking,NONE,0,REG100306,Cust C5165,476.86,2024-10-25,2024-10-27,Marcus,Accessories,600.0,250.0,P10005,Global Tech Supplies
2023-10-24,West,A4 Printer Paper (500 Sheets),3,450.0,Store D,Corporate,0.0,Charlie,1350.0,Net Banking,NONE,0,REG100307,Cust C5080,340.92,2023-10-24,2023-10-29,Elena,Office Supplies,450.0,220.0,P10004,OfficePro Distro
2023-04-12,East,A4 Printer Paper (500 Sheets),4,382.5,Store B,Corporate,0.15,David,1530.0,UPI,BUNDLE15,0,REG100308,Cust C5075,1269.15,2023-04-12,2023-04-20,Sophie,Office Supplies,450.0,220.0,P10004,OfficePro Distro
2024-08-12,West,HDMI Cable,4,510.0,Store D,Retail,0.15,Alice,2040.0,Net Banking,FREESHIP,0,REG100309,Cust C5166,689.88,2024-08-12,2024-08-21,Elena,Accessories,600.0,250.0,P10005,Global Tech Supplies
2024-08-06,East,4K Smart Monitor,2,25200.0,Store B,Corporate,0.1,Alice,50400.0,Net Banking,BUNDLE15,0,REG100310,Cust C5322,1376.96,2024-08-06,2024-08-08,Sophie,Electronics,28000.0,15000.0,P10015,Global Tech Supplies
2025-05-18,East,HDMI Cable,3,570.0,Store B,Retail,0.05,David,1710.0,Credit Card,BLACKFRIDAY,0,REG100311,Cust C5036,917.62,2025-05-18,2025-05-27,Sophie,Accessories,600.0,250.0,P10005,Global Tech Supplies
2024-03-07,South,Standing Desk,10,36100.0,Store C,Wholesale,0.05,David,361000.0,Net Banking,BLACKFRIDAY,0,REG100312,Cust C5144,1162.65,2024-03-07,2024-03-13,Marcus,Furniture,38000.0,20000.0,P10017,FurnitureWorld Inc.
2024-03-22,East,Sticky Notes Bundle,30,200.0,Store B,Wholesale,0.0,Charlie,6000.0,UPI,SAVE10,0,REG100313,Cust C5359,1833.07,2024-03-22,2024-03-24,Sophie,Office Supplies,200.0,80.0,P10002,OfficePro Distro
2023-09-21,East,Ballpoint Pen Pack,4,200.0,Store B,Corporate,0.2,Bob,800.0,UPI,BUNDLE15,0,REG100314,Cust C5069,720.8,2023-09-21,2023-09-23,Sophie,Office Supplies,250.0,100.0,P10003,OfficePro Distro
2023-11-27,West,Laser Printer,3,18500.0,Store D,Corporate,0.0,Bob,55500.0,Debit Card,SAVE10,0,REG100315,Cust C5325,738.92,2023-11-27,2023-12-03,Elena,Electronics,18500.0,9500.0,P10014,Global Tech Supplies
2024-08-01,West,A4 Printer Paper (500 Sheets),2,405.0,Store D,Retail,0.1,Frank,810.0,Net Banking,NONE,0,REG100316,Cust C5256,1812.93,2024-08-01,2024-08-07,Elena,Office Supplies,450.0,220.0,P10004,OfficePro Distro
2024-07-21,South,Spiral Notebook,1,120.0,Store C,Retail,0.2,Bob,120.0,Credit Card,NONE,0,REG100317,Cust C5231,2393.21,2024-07-21,2024-07-24,Marcus,Office Supplies,150.0,60.0,P10001,OfficePro Distro
2023-10-31,West,4K Smart Monitor,7,25200.0,Store D,Wholesale,0.1,Alice,176400.0,UPI,BUNDLE15,0,REG100318,Cust C5161,1140.15,2023-10-31,2023-11-07,Elena,Electronics,28000.0,15000.0,P10015,Global Tech Supplies
2024-05-24,South,Bookshelf,14,8075.0,Store C,Wholesale,0.05,Eva,113050.0,Net Banking,BLACKFRIDAY,0,REG100319,Cust C5018,2376.41,2024-05-24,2024-05-26,Marcus,Furniture,8500.0,4200.0,P10012,FurnitureWorld Inc.
2023-04-05,South,Laptop Backpack,5,2520.0,Store C,Retail,0.1,Eva,12600.0,Cash,BUNDLE15,0,REG100320,Cust C5357,1539.84,2023-04-05,2023-04-09,Marcus,Accessories,2800.0,1200.0,P10009,SupplyCo Direct
2024-09-03,West,Wireless Earbuds,10,6175.0,Store D,Wholesale,0.05,David,61750.0,Credit Card,FREESHIP,0,REG100321,Cust C5017,1191.04,2024-09-03,2024-09-07,Elena,Electronics,6500.0,3200.0,P10011,Global Tech Supplies
2023-03-31,South,Ballpoint Pen Pack,3,212.5,Store C,Corporate,0.15,Bob,637.5,Net Banking,BLACKFRIDAY,0,REG100322,Cust C5299,373.78,2023-03-31,2023-04-09,Marcus,Office Supplies,250.0,100.0,P10003,OfficePro Distro
2023-03-10,East,Wireless Earbuds,9,6175.0,Store B,Wholesale,0.05,Grace,55575.0,Debit Card,BLACKFRIDAY,0,REG100323,Cust C5128,1960.03,2023-03-10,2023-03-14,Sophie,Electronics,6500.0,3200.0,P10011,Global Tech Supplies
2024-03-09,West,Ballpoint Pen Pack,3,237.5,Store D,Retail,0.05,David,712.5,Debit Card,BUNDLE15,0,REG100324,Cust C5045,1158.82,2024-03-09,2024-03-13,Elena,Office Supplies,250.0,100.0,P10003,OfficePro Distro
2025-02-27,West,HDMI Cable,2,570.0,Store D,Retail,0.05,Grace,1140.0,Debit Card,BUNDLE15,0,REG100325,Cust C5345,493.26,2025-02-27,2025-03-06,Elena,Accessories,600.0,250.0,P10005,Global Tech Supplies
2023-01-03,North,Standing Desk,6,30400.0,Store A,Wholesale,0.2,David,182400.0,UPI,BLACKFRIDAY,0,REG100326,Cust C5368,585.99,2023-01-03,2023-01-06,Eric,Furniture,38000.0,20000.0,P10017,FurnitureWorld Inc.
2025-03-03,North,Laptop Backpack,2,2520.0,Store A,Corporate,0.1,Eva,5040.0,UPI,SAVE10,0,REG100327,Cust C5154,1229.11,2025-03-03,2025-03-13,Eric,Accessories,2800.0,1200.0,P10009,SupplyCo Direct
2024-05-14,North,Standing Desk,5,38000.0,Store A,Retail,0.0,Eva,190000.0,Cash,BLACKFRIDAY,0,REG100328,Cust C5165,2158.86,2024-05-14,2024-05-19,Eric,Furniture,38000.0,20000.0,P10017,FurnitureWorld Inc.
2025-05-23,South,Spiral Notebook,1,120.0,Store C,Retail,0.2,Bob,120.0,Debit Card,NONE,0,REG100329,Cust C5098,815.87,2025-05-23,2025-06-02,Marcus,Office Supplies,150.0,60.0,P10001,OfficePro Distro
2024-12-12,North,Sticky Notes Bundle,24,170.0,Store A,Wholesale,0.15,Eva,4080.0,Net Banking,BLACKFRIDAY,0,REG100330,Cust C5328,984.93,2024-12-12,2024-12-14,Eric,Office Supplies,200.0,80.0,P10002,OfficePro Distro
2025-03-07,North,USB Flash Drive 64GB,4,800.0,Store A,Retail,0.0,Charlie,3200.0,Net Banking,NONE,0,REG100331,Cust C5291,1813.81,2025-03-07,2025-03-12,Eric,Accessories,800.0,350.0,P10006,Global Tech Supplies
2025-06-20,East,Ballpoint Pen Pack,37,212.5,Store B,Wholesale,0.15,Eva,7862.5,UPI,SAVE10,0,REG100332,Cust C5073,1984.29,2025-06-20,2025-06-26,Sophie,Office Supplies,250.0,100.0,P10003,OfficePro Distro
2024-02-11,East,Bookshelf,3,7225.0,Store B,Retail,0.15,Grace,21675.0,Debit Card,BLACKFRIDAY,0,REG100333,Cust C5286,1630.36,2024-02-11,2024-02-15,Sophie,Furniture,8500.0,4200.0,P10012,FurnitureWorld Inc.
2025-05-17,North,Wireless Earbuds,14,6500.0,Store A,Wholesale,0.0,Bob,91000.0,UPI,FREESHIP,0,REG100334,Cust C5125,541.86,2025-05-17,2025-05-21,Eric,Electronics,6500.0,3200.0,P10011,Global Tech Supplies
2024-12-04,West,Bookshelf,11,8500.0,Store D,Wholesale,0.0,Grace,93500.0,Cash,NONE,0,REG100335,Cust C5251,1098.71,2024-12-04,2024-12-11,Elena,Furniture,8500.0,4200.0,P10012,FurnitureWorld Inc.
2025-05-19,South,Mechanical Keyboard,13,4275.0,Store C,Wholesale,0.05,David,55575.0,Debit Card,NONE,0,REG100336,Cust C5385,1510.56,2025-05-19,2025-05-21,Marcus,Electronics,4500.0,2200.0,P10010,Global Tech Supplies
2024-06-25,North,Bookshelf,3,6800.0,Store A,Retail,0.2,Grace,20400.0,Credit Card,SAVE10,0,REG100337,Cust C5066,637.07,2024-06-25,2024-07-03,Eric,Furniture,8500.0,4200.0,P10012,FurnitureWorld Inc.
2025-01-14,South,HDMI Cable,26,510.0,Store C,Wholesale,0.15,David,13260.0,UPI,SAVE10,0,REG100338,Cust C5095,416.26,2025-01-14,2025-01-24,Marcus,Accessories,600.0,250.0,P10005,Global Tech Supplies
2025-04-14,South,Gaming Laptop,10,85500.0,Store C,Wholesale,0.1,Eva,855000.0,UPI,FREESHIP,0,REG100339,Cust C5060,1451.4,2025-04-14,2025-04-21,Marcus,Electronics,95000.0,58000.0,P10019,Global Tech Supplies
2023-11-16,East,Wireless Mouse,3,1425.0,Store B,Corporate,0.05,Grace,4275.0,Credit Card,BUNDLE15,0,REG100340,Cust C5142,823.98,2023-11-16,2023-11-18,Sophie,Accessories,1500.0,700.0,P10007,Global Tech Supplies
2024-08-26,North,Bookshelf,5,7225.0,Store A,Retail,0.15,Eva,36125.0,Credit Card,SAVE10,0,REG100341,Cust C5195,1081.07,2024-08-26,2024-08-30,Eric,Furniture,8500.0,4200.0,P10012,FurnitureWorld Inc.
2024-04-14,East,Laser Printer,2,17575.0,Store B,Corporate,0.05,Bob,35150.0,UPI,SAVE10,0,REG100342,Cust C5275,751.98,2024-04-14,2024-04-22,Sophie,Electronics,18500.0,9500.0,P10014,Global Tech Supplies
2023-05-06,South,LED Desk Lamp,5,1760.0,Store C,Retail,0.2,Charlie,8800.0,Net Banking,BLACKFRIDAY,0,REG100343,Cust C5176,1818.55,2023-05-06,2023-05-16,Marcus,Furniture,2200.0,1000.0,P10008,FurnitureWorld Inc.
2025-03-13,East,Sticky Notes Bundle,1,200.0,Store B,Corporate,0.0,Alice,200.0,UPI,BUNDLE15,0,REG100344,Cust C5254,2180.06,2025-03-13,2025-03-17,Sophie,Office Supplies,200.0,80.0,P10002,OfficePro Distro
2025-06-07,South,Mechanical Keyboard,5,3825.0,Store C,Retail,0.15,Bob,19125.0,Debit Card,SAVE10,0,REG100345,Cust C5232,858.41,2025-06-07,2025-06-09,Marcus,Electronics,4500.0,2200.0,P10010,Global Tech Supplies
2024-09-28,East,Mechanical Keyboard,2,4275.0,Store B,Retail,0.05,Frank,8550.0,UPI,BLACKFRIDAY,0,REG100346,Cust C5376,2384.5,2024-09-28,2024-10-01,Sophie,Electronics,4500.0,2200.0,P10010,Global Tech Supplies
2025-05-27,West,Laser Printer,15,15725.0,Store D,Wholesale,0.15,Charlie,235875.0,Net Banking,BUNDLE15,0,REG100347,Cust C5381,1318.61,2025-05-27,2025-05-29,Elena,Electronics,18500.0,9500.0,P10014,Global Tech Supplies
2024-12-30,North,HDMI Cable,3,600.0,Store A,Retail,0.0,Eva,1800.0,Debit Card,SAVE10,0,REG100348,Cust C5117,203.53,2024-12-30,2025-01-02,Eric,Accessories,600.0,250.0,P10005,Global Tech Supplies
2024-02-08,East,Smartphone,4,44000.0,Store B,Retail,0.2,Grace,176000.0,Cash,FREESHIP,0,REG100349,Cust C5243,1278.18,2024-02-08,2024-02-10,Sophie,Electronics,55000.0,32000.0,P10018,Global Tech Supplies
2023-05-26,South,Wireless Mouse,47,1425.0,Store C,Wholesale,0.05,Bob,66975.0,Credit Card,FREESHIP,0,REG100350,Cust C5315,719.75,2023-05-26,2023-05-30,Marcus,Accessories,1500.0,700.0,P10007,Global Tech Supplies
2024-04-06,West,Tablet,9,27200.0,Store D,Wholesale,0.15,Charlie,244800.0,UPI,SAVE10,1,REG100351,Cust C5345,1032.86,2024-04-06,2024-04-10,Elena,Electronics,32000.0,18000.0,P10016,Global Tech Supplies
2023-07-11,South,Standing Desk,5,34200.0,Store C,Retail,0.1,Bob,171000.0,Net Banking,SAVE10,0,REG100352,Cust C5017,910.73,2023-07-11,2023-07-14,Marcus,Furniture,38000.0,20000.0,P10017,FurnitureWorld Inc.
2024-12-29,West,Gaming Laptop,13,76000.0,Store D,Wholesale,0.2,Grace,988000.0,UPI,FREESHIP,0,REG100353,Cust C5090,2208.32,2024-12-29,2025-01-08,Elena,Electronics,95000.0,58000.0,P10019,Global Tech Supplies
2024-01-13,East,Gaming Laptop,4,85500.0,Store B,Corporate,0.1,David,342000.0,Cash,SAVE10,0,REG100354,Cust C5028,1931.48,2024-01-13,2024-01-23,Sophie,Electronics,95000.0,58000.0,P10019,Global Tech Supplies
2023-09-05,South,USB Flash Drive 64GB,2,800.0,Store C,Corporate,0.0,Charlie,1600.0,Net Banking,NONE,0,REG100355,Cust C5162,2478.79,2023-09-05,2023-09-09,Marcus,Accessories,800.0,350.0,P10006,Global Tech Supplies
2024-02-26,South,Tablet,5,27200.0,Store C,Corporate,0.15,Eva,136000.0,Cash,BLACKFRIDAY,0,REG100356,Cust C5034,1728.36,2024-02-26,2024-03-06,Marcus,Electronics,32000.0,18000.0,P10016,Global Tech Supplies
2025-02-03,West,Wireless Mouse,3,1200.0,Store D,Retail,0.2,Grace,3600.0,Debit Card,BLACKFRIDAY,0,REG100357,Cust C5148,1622.32,2025-02-03,2025-02-06,Elena,Accessories,1500.0,700.0,P10007,Global Tech Supplies
2024-12-30,North,Ballpoint Pen Pack,21,212.5,Store A,Wholesale,0.15,Charlie,4462.5,UPI,NONE,0,REG100358,Cust C5323,728.21,2024-12-30,2025-01-09,Eric,Office Supplies,250.0,100.0,P10003,OfficePro Distro
2024-05-21,East,4K Smart Monitor,2,23800.0,Store B,Corporate,0.15,Eva,47600.0,Cash,BUNDLE15,0,REG100359,Cust C5100,1122.37,2024-05-21,2024-05-30,Sophie,Electronics,28000.0,15000.0,P10015,Global Tech Supplies
2025-02-23,South,Bookshelf,5,7225.0,Store C,Corporate,0.15,Eva,36125.0,Credit Card,SAVE10,0,REG100360,Cust C5245,397.56,2025-02-23,2025-03-04,Marcus,Furniture,8500.0,4200.0,P10012,FurnitureWorld Inc.
2023-01-24,North,Smartphone,2,49500.0,Store A,Retail,0.1,Frank,99000.0,Net Banking,BLACKFRIDAY,0,REG100361,Cust C5208,1360.6,2023-01-24,2023-01-26,Eric,Electronics,55000.0,32000.0,P10018,Global Tech Supplies
2023-03-29,South,USB Flash Drive 64GB,47,720.0,Store C,Wholesale,0.1,Grace,33840.0,Cash,NONE,0,REG100362,Cust C5129,982.45,2023-03-29,2023-04-05,Marcus,Accessories,800.0,350.0,P10006,Global Tech Supplies
2023-04-11,West,Ergonomic Office Chair,1,11600.0,Store D,Corporate,0.2,Frank,11600.0,Debit Card,BLACKFRIDAY,0,REG100363,Cust C5135,203.6,2023-04-11,2023-04-13,Elena,Furniture,14500.0,7500.0,P10013,FurnitureWorld Inc.
2023-06-10,South,USB Flash Drive 64GB,47,720.0,Store C,Wholesale,0.1,Charlie,33840.0,Credit Card,BLACKFRIDAY,0,REG100364,Cust C5216,2404.79,2023-06-10,2023-06-14,Marcus,Accessories,800.0,350.0,P10006,Global Tech Supplies
2025-05-23,East,Standing Desk,12,38000.0,Store B,Wholesale,0.0,Bob,456000.0,Debit Card,NONE,0,REG100365,Cust C5237,485.88,2025-05-23,2025-05-25,Sophie,Furniture,38000.0,20000.0,P10017,FurnitureWorld Inc.
2023-07-30,South,Wireless Mouse,37,1425.0,Store C,Wholesale,0.05,David,52725.0,Net Banking,BUNDLE15,0,REG100366,Cust C5345,1265.58,2023-07-30,2023-08-04,Marcus,Accessories,1500.0,700.0,P10007,Global Tech Supplies
2024-02-02,East,Laptop Backpack,3,2380.0,Store B,Corporate,0.15,Alice,7140.0,UPI,FREESHIP,0,REG100367,Cust C5340,310.6,2024-02-02,2024-02-09,Sophie,Accessories,2800.0,1200.0,P10009,SupplyCo Direct
2024-09-05,West,Gaming Laptop,12,95000.0,Store D,Wholesale,0.0,Frank,1140000.0,Credit Card,BLACKFRIDAY,0,REG100368,Cust C5038,2298.66,2024-09-05,2024-09-08,Elena,Electronics,95000.0,58000.0,P10019,Global Tech Supplies
2024-11-07,North,Laser Printer,11,16650.0,Store A,Wholesale,0.1,David,183150.0,Cash,BUNDLE15,0,REG100369,Cust C5362,1103.98,2024-11-07,2024-11-09,Eric,Electronics,18500.0,9500.0,P10014,Global Tech Supplies
2023-06-05,West,Laptop Backpack,20,2800.0,Store D,Wholesale,0.0,Charlie,56000.0,Net Banking,BUNDLE15,0,REG100370,Cust C5117,866.61,2023-06-05,2023-06-08,Elena,Accessories,2800.0,1200.0,P10009,SupplyCo Direct
2023-08-12,North,LED Desk Lamp,34,2090.0,Store A,Wholesale,0.05,Charlie,71060.0,Credit Card,FREESHIP,0,REG100371,Cust C5293,2339.54,2023-08-12,2023-08-16,Eric,Furniture,2200.0,1000.0,P10008,FurnitureWorld Inc.
2024-05-16,West,4K Smart Monitor,12,28000.0,Store D,Wholesale,0.0,Alice,336000.0,UPI,BUNDLE15,0,REG100372,Cust C5388,2430.05,2024-05-16,2024-05-21,Elena,Electronics,28000.0,15000.0,P10015,Global Tech Supplies
2025-04-11,South,LED Desk Lamp,36,1980.0,Store C,Wholesale,0.1,Bob,71280.0,Net Banking,NONE,0,REG100373,Cust C5036,1923.08,2025-04-11,2025-04-20,Marcus,Furniture,2200.0,1000.0,P10008,FurnitureWorld Inc.
2024-11-17,West,Wireless Mouse,4,1200.0,Store D,Retail,0.2,Charlie,4800.0,Net Banking,FREESHIP,0,REG100374,Cust C5225,604.93,2024-11-17,2024-11-22,Elena,Accessories,1500.0,700.0,P10007,Global Tech Supplies
2024-08-20,North,Gaming Laptop,3,76000.0,Store A,Retail,0.2,Bob,228000.0,UPI,NONE,0,REG100375,Cust C5205,1104.47,2024-08-20,2024-08-27,Eric,Electronics,95000.0,58000.0,P10019,Global Tech Supplies
2023-05-29,West,Wireless Mouse,1,1350.0,Store D,Retail,0.1,David,1350.0,Cash,BUNDLE15,0,REG100376,Cust C5028,1094.33,2023-05-29,2023-06-01,Elena,Accessories,1500.0,700.0,P10007,Global Tech Supplies
2025-05-09,South,Sticky Notes Bundle,2,200.0,Store C,Retail,0.0,Grace,400.0,Credit Card,BUNDLE15,0,REG100377,Cust C5186,1904.06,2025-05-09,2025-05-19,Marcus,Office Supplies,200.0,80.0,P10002,OfficePro Distro
2024-01-09,West,LED Desk Lamp,48,2090.0,Store D,Wholesale,0.05,Eva,100320.0,Net Banking,BUNDLE15,0,REG100378,Cust C5383,928.88,2024-01-09,2024-01-13,Elena,Furniture,2200.0,1000.0,P10008,FurnitureWorld Inc.
2024-01-05,South,Sticky Notes Bundle,5,160.0,Store C,Corporate,0.2,David,800.0,UPI,SAVE10,0,REG100379,Cust C5018,1842.72,2024-01-05,2024-01-11,Marcus,Office Supplies,200.0,80.0,P10002,OfficePro Distro
2023-11-30,North,Ergonomic Office Chair,2,11600.0,Store A,Corporate,0.2,Alice,23200.0,UPI,SAVE10,0,REG100380,Cust C5244,2440.09,2023-11-30,2023-12-06,Eric,Furniture,14500.0,7500.0,P10013,FurnitureWorld Inc.
2023-08-06,North,Wireless Mouse,46,1200.0,Store A,Wholesale,0.2,David,55200.0,UPI,SAVE10,0,REG100381,Cust C5134,648.58,2023-08-06,2023-08-10,Eric,Accessories,1500.0,700.0,P10007,Global Tech Supplies
2023-03-19,South,Laser Printer,6,15725.0,Store C,Wholesale,0.15,Eva,94350.0,UPI,BLACKFRIDAY,0,REG100382,Cust C5379,1794.33,2023-03-19,2023-03-26,Marcus,Electronics,18500.0,9500.0,P10014,Global Tech Supplies
2025-01-09,North,Bookshelf,12,8500.0,Store A,Wholesale,0.0,Charlie,102000.0,Cash,BLACKFRIDAY,0,REG100383,Cust C5186,1202.19,2025-01-09,2025-01-16,Eric,Furniture,8500.0,4200.0,P10012,FurnitureWorld Inc.
2024-01-06,South,LED Desk Lamp,3,1760.0,Store C,Corporate,0.2,Alice,5280.0,Net Banking,SAVE10,0,REG100384,Cust C5342,1479.66,2024-01-06,2024-01-10,Marcus,Furniture,2200.0,1000.0,P10008,FurnitureWorld Inc.
2024-07-14,East,HDMI Cable,2,570.0,Store B,Corporate,0.05,Eva,1140.0,Net Banking,BLACKFRIDAY,0,REG100385,Cust C5073,1020.67,2024-07-14,2024-07-18,Sophie,Accessories,600.0,250.0,P10005,Global Tech Supplies
2025-01-13,South,A4 Printer Paper (500 Sheets),36,360.0,Store C,Wholesale,0.2,David,12960.0,Cash,FREESHIP,0,REG100386,Cust C5080,890.74,2025-01-13,2025-01-18,Marcus,Office Supplies,450.0,220.0,P10004,OfficePro Distro
2024-02-27,South,Tablet,3,28800.0,Store C,Corporate,0.1,Bob,86400.0,Cash,SAVE10,0,REG100387,Cust C5350,277.81,2024-02-27,2024-03-04,Marcus,Electronics,32000.0,18000.0,P10016,Global Tech Supplies
2024-07-17,North,Spiral Notebook,5,150.0,Store A,Corporate,0.0,David,750.0,Debit Card,BUNDLE15,0,REG100388,Cust C5276,1456.56,2024-07-17,2024-07-24,Eric,Office Supplies,150.0,60.0,P10001,OfficePro Distro
2025-02-04,North,Bookshelf,1,8500.0,Store A,Corporate,0.0,Alice,8500.0,UPI,BLACKFRIDAY,0,REG100389,Cust C5005,936.14,2025-02-04,2025-02-11,Eric,Furniture,8500.0,4200.0,P10012,FurnitureWorld Inc.
2024-05-13,West,Smartphone,12,49500.0,Store D,Wholesale,0.1,Bob,594000.0,Net Banking,BLACKFRIDAY,0,REG100390,Cust C5301,1201.06,2024-05-13,2024-05-22,Elena,Electronics,55000.0,32000.0,P10018,Global Tech Supplies
2024-01-21,West,Smartphone,11,49500.0,Store D,Wholesale,0.1,Bob,544500.0,Credit Card,FREESHIP,0,REG100391,Cust C5124,1954.43,2024-01-21,2024-01-26,Elena,Electronics,55000.0,32000.0,P10018,Global Tech Supplies
2025-01-31,South,4K Smart Monitor,4,26600.0,Store C,Retail,0.05,Bob,106400.0,Net Banking,SAVE10,0,REG100392,Cust C5075,1527.46,2025-01-31,2025-02-08,Marcus,Electronics,28000.0,15000.0,P10015,Global Tech Supplies
2023-01-01,South,Ballpoint Pen Pack,3,212.5,Store C,Retail,0.15,David,637.5,Credit Card,FREESHIP,1,REG100393,Cust C5327,675.49,2023-01-01,2023-01-05,Marcus,Office Supplies,250.0,100.0,P10003,OfficePro Distro
2023-06-18,South,Sticky Notes Bundle,1,180.0,Store C,Corporate,0.1,Alice,180.0,Debit Card,BUNDLE15,0,REG100394,Cust C5324,934.83,2023-06-18,2023-06-21,Marcus,Office Supplies,200.0,80.0,P10002,OfficePro Distro
2024-10-01,North,Laser Printer,4,14800.0,Store A,Corporate,0.2,Charlie,59200.0,Debit Card,BLACKFRIDAY,0,REG100395,Cust C5038,576.84,2024-10-01,2024-10-10,Eric,Electronics,18500.0,9500.0,P10014,Global Tech Supplies
2024-01-22,West,LED Desk Lamp,3,1760.0,Store D,Corporate,0.2,Eva,5280.0,UPI,BUNDLE15,0,REG100396,Cust C5310,1535.38,2024-01-22,2024-01-24,Elena,Furniture,2200.0,1000.0,P10008,FurnitureWorld Inc.
2024-02-03,East,Tablet,14,30400.0,Store B,Wholesale,0.05,Eva,425600.0,Debit Card,BLACKFRIDAY,0,REG100397,Cust C5270,1214.81,2024-02-03,2024-02-11,Sophie,Electronics,32000.0,18000.0,P10016,Global Tech Supplies
2024-11-01,South,Mechanical Keyboard,8,4500.0,Store C,Wholesale,0.0,Eva,36000.0,Cash,FREESHIP,1,REG100398,Cust C5323,460.43,2024-11-01,2024-11-08,Marcus,Electronics,4500.0,2200.0,P10010,Global Tech Supplies
2023-03-08,West,Laptop Backpack,3,2240.0,Store D,Retail,0.2,Charlie,6720.0,Net Banking,BUNDLE15,0,REG100399,Cust C5245,616.51,2023-03-08,2023-03-16,Elena,Accessories,2800.0,1200.0,P10009,SupplyCo Direct
2024-10-17,West,LED Desk Lamp,2,2090.0,Store D,Retail,0.05,David,4180.0,Net Banking,FREESHIP,0,REG100400,Cust C5263,1367.46,2024-10-17,2024-10-21,Elena,Furniture,2200.0,1000.0,P10008,FurnitureWorld Inc.
2024-07-15,North,Ballpoint Pen Pack,33,225.0,Store A,Wholesale,0.1,Eva,7425.0,Credit Card,SAVE10,0,REG100401,Cust C5342,1333.39,2024-07-15,2024-07-25,Eric,Office Supplies,250.0,100.0,P10003,OfficePro Distro
2023-03-03,North,Sticky Notes Bundle,3,200.0,Store A,Corporate,0.0,Alice,600.0,Net Banking,SAVE10,0,REG100402,Cust C5378,859.3,2023-03-03,2023-03-10,Eric,Office Supplies,200.0,80.0,P10002,OfficePro Distro
2023-10-19,South,Smartphone,6,44000.0,Store C,Wholesale,0.2,Charlie,264000.0,Credit Card,FREESHIP,0,REG100403,Cust C5141,1514.8,2023-10-19,2023-10-21,Marcus,Electronics,55000.0,32000.0,P10018,Global Tech Supplies
2023-05-18,North,Tablet,2,30400.0,Store A,Corporate,0.05,Grace,60800.0,Net Banking,FREESHIP,0,REG100404,Cust C5028,2356.79,2023-05-18,2023-05-23,Eric,Electronics,32000.0,18000.0,P10016,Global Tech Supplies
2025-06-16,East,Bookshelf,3,7225.0,Store B,Corporate,0.15,Frank,21675.0,Cash,NONE,0,REG100405,Cust C5299,2345.22,2025-06-16,2025-06-23,Sophie,Furniture,8500.0,4200.0,P10012,FurnitureWorld Inc.
2025-01-17,East,USB Flash Drive 64GB,1,680.0,Store B,Corporate,0.15,David,680.0,Debit Card,BUNDLE15,0,REG100406,Cust C5286,1408.3,2025-01-17,2025-01-20,Sophie,Accessories,800.0,350.0,P10006,Global Tech Supplies
2025-03-07,East,Smartphone,4,46750.0,Store B,Retail,0.15,David,187000.0,Net Banking,SAVE10,0,REG100407,Cust C5301,769.37,2025-03-07,2025-03-16,Sophie,Electronics,55000.0,32000.0,P10018,Global Tech Supplies
2025-06-07,East,Standing Desk,5,32300.0,Store B,Wholesale,0.15,Eva,161500.0,Net Banking,BLACKFRIDAY,0,REG100408,Cust C5336,1509.2,2025-06-07,2025-06-15,Sophie,Furniture,38000.0,20000.0,P10017,FurnitureWorld Inc.
2025-03-20,North,Wireless Earbuds,3,5850.0,Store A,Corporate,0.1,Alice,17550.0,Net Banking,SAVE10,0,REG100409,Cust C5338,2490.69,2025-03-20,2025-03-22,Eric,Electronics,6500.0,3200.0,P10011,Global Tech Supplies
2024-12-03,North,USB Flash Drive 64GB,5,680.0,Store A,Retail,0.15,Frank,3400.0,Credit Card,BUNDLE15,0,REG100410,Cust C5093,732.04,2024-12-03,2024-12-06,Eric,Accessories,800.0,350.0,P10006,Global Tech Supplies
2023-12-20,East,4K Smart Monitor,5,26600.0,Store B,Wholesale,0.05,Frank,133000.0,UPI,FREESHIP,0,REG100411,Cust C5155,964.9,2023-12-20,2023-12-26,Sophie,Electronics,28000.0,15000.0,P10015,Global Tech Supplies
2024-04-14,North,A4 Printer Paper (500 Sheets),47,427.5,Store A,Wholesale,0.05,Frank,20092.5,Net Banking,SAVE10,0,REG100412,Cust C5394,1467.63,2024-04-14,2024-04-23,Eric,Office Supplies,450.0,220.0,P10004,OfficePro Distro
2025-01-03,North,Wireless Earbuds,13,6500.0,Store A,Wholesale,0.0,Alice,84500.0,Net Banking,FREESHIP,0,REG100413,Cust C5155,1743.89,2025-01-03,2025-01-13,Eric,Electronics,6500.0,3200.0,P10011,Global Tech Supplies
2024-01-09,North,Wireless Mouse,3,1275.0,Store A,Corporate,0.15,Bob,3825.0,Net Banking,BLACKFRIDAY,0,REG100414,Cust C5244,1622.75,2024-01-09,2024-01-14,Eric,Accessories,1500.0,700.0,P10007,Global Tech Supplies
2025-02-26,North,Bookshelf,3,8500.0,Store A,Corporate,0.0,Grace,25500.0,UPI,BUNDLE15,0,REG100415,Cust C5097,388.76,2025-02-26,2025-03-07,Eric,Furniture,8500.0,4200.0,P10012,FurnitureWorld Inc.
2023-03-08,East,4K Smart Monitor,3,28000.0,Store B,Corporate,0.0,Eva,84000.0,Net Banking,NONE,0,REG100416,Cust C5124,1092.69,2023-03-08,2023-03-12,Sophie,Electronics,28000.0,15000.0,P10015,Global Tech Supplies
2025-06-04,West,USB Flash Drive 64GB,38,760.0,Store D,Wholesale,0.05,Grace,28880.0,Credit Card,NONE,0,REG100417,Cust C5285,1509.07,2025-06-04,2025-06-14,Elena,Accessories,800.0,350.0,P10006,Global Tech Supplies
2023-11-14,East,Gaming Laptop,1,80750.0,Store B,Retail,0.15,Grace,80750.0,Net Banking,SAVE10,0,REG100418,Cust C5001,1302.72,2023-11-14,2023-11-17,Sophie,Electronics,95000.0,58000.0,P10019,Global Tech Supplies
2024-06-27,South,Standing Desk,5,32300.0,Store C,Retail,0.15,Bob,161500.0,Net Banking,BLACKFRIDAY,0,REG100419,Cust C5256,799.85,2024-06-27,2024-07-02,Marcus,Furniture,38000.0,20000.0,P10017,FurnitureWorld Inc.
2023-06-15,West,Laser Printer,4,15725.0,Store D,Corporate,0.15,Alice,62900.0,Net Banking,BUNDLE15,0,REG100420,Cust C5211,972.74,2023-06-15,2023-06-20,Elena,Electronics,18500.0,9500.0,P10014,Global Tech Supplies
2024-04-04,South,Bookshelf,3,7650.0,Store C,Corporate,0.1,Charlie,22950.0,Net Banking,BUNDLE15,0,REG100421,Cust C5001,431.11,2024-04-04,2024-04-09,Marcus,Furniture,8500.0,4200.0,P10012,FurnitureWorld Inc.
2023-01-13,South,HDMI Cable,3,570.0,Store C,Retail,0.05,Eva,1710.0,Cash,BLACKFRIDAY,0,REG100422,Cust C5383,1783.43,2023-01-13,2023-01-19,Marcus,Accessories,600.0,250.0,P10005,Global Tech Supplies
2025-04-05,South,Spiral Notebook,2,127.5,Store C,Corporate,0.15,Eva,255.0,Debit Card,FREESHIP,0,REG100423,Cust C5248,685.83,2025-04-05,2025-04-12,Marcus,Office Supplies,150.0,60.0,P10001,OfficePro Distro
2024-06-23,North,HDMI Cable,1,540.0,Store A,Retail,0.1,Alice,540.0,Debit Card,NONE,0,REG100424,Cust C5146,237.76,2024-06-23,2024-06-25,Eric,Accessories,600.0,250.0,P10005,Global Tech Supplies
2023-04-30,East,Mechanical Keyboard,13,4500.0,Store B,Wholesale,0.0,Grace,58500.0,UPI,NONE,0,REG100425,Cust C5219,1743.57,2023-04-30,2023-05-08,Sophie,Electronics,4500.0,2200.0,P10010,Global Tech Supplies
2024-03-23,West,Bookshelf,1,7650.0,Store D,Retail,0.1,Frank,7650.0,Debit Card,NONE,0,REG100426,Cust C5225,1820.64,2024-03-23,2024-03-26,Elena,Furniture,8500.0,4200.0,P10012,FurnitureWorld Inc.
2024-07-19,South,Mechanical Keyboard,5,3600.0,Store C,Retail,0.2,David,18000.0,UPI,BUNDLE15,0,REG100427,Cust C5320,516.89,2024-07-19,2024-07-25,Marcus,Electronics,4500.0,2200.0,P10010,Global Tech Supplies
2024-10-28,North,Gaming Laptop,9,76000.0,Store A,Wholesale,0.2,David,684000.0,Debit Card,BLACKFRIDAY,0,REG100428,Cust C5170,1634.77,2024-10-28,2024-11-05,Eric,Electronics,95000.0,58000.0,P10019,Global Tech Supplies
2023-08-05,West,LED Desk Lamp,3,1870.0,Store D,Retail,0.15,Charlie,5610.0,Debit Card,FREESHIP,0,REG100429,Cust C5084,1320.65,2023-08-05,2023-08-15,Elena,Furniture,2200.0,1000.0,P10008,FurnitureWorld Inc.
2023-02-09,West,A4 Printer Paper (500 Sheets),2,427.5,Store D,Corporate,0.05,Grace,855.0,Debit Card,SAVE10,0,REG100430,Cust C5390,1003.8,2023-02-09,2023-02-19,Elena,Office Supplies,450.0,220.0,P10004,OfficePro Distro
2024-12-20,West,Laser Printer,1,14800.0,Store D,Corporate,0.2,Alice,14800.0,Debit Card,FREESHIP,0,REG100431,Cust C5373,1971.95,2024-12-20,2024-12-25,Elena,Electronics,18500.0,9500.0,P10014,Global Tech Supplies
2023-10-07,North,Smartphone,4,46750.0,Store A,Corporate,0.15,Alice,187000.0,Debit Card,NONE,0,REG100432,Cust C5161,1653.52,2023-10-07,2023-10-17,Eric,Electronics,55000.0,32000.0,P10018,Global Tech Supplies
2025-01-26,North,Ergonomic Office Chair,5,11600.0,Store A,Retail,0.2,Bob,58000.0,UPI,BUNDLE15,0,REG100433,Cust C5229,1354.51,2025-01-26,2025-02-04,Eric,Furniture,14500.0,7500.0,P10013,FurnitureWorld Inc.
2025-06-27,North,Gaming Laptop,13,76000.0,Store A,Wholesale,0.2,Bob,988000.0,Cash,FREESHIP,0,REG100434,Cust C5009,436.09,2025-06-27,2025-07-05,Eric,Electronics,95000.0,58000.0,P10019,Global Tech Supplies
2024-07-16,East,A4 Printer Paper (500 Sheets),16,450.0,Store B,Wholesale,0.0,Charlie,7200.0,Net Banking,BUNDLE15,1,REG100435,Cust C5166,1076.35,2024-07-16,2024-07-19,Sophie,Office Supplies,450.0,220.0,P10004,OfficePro Distro
2023-08-26,West,Bookshelf,2,7650.0,Store D,Retail,0.1,David,15300.0,Net Banking,BLACKFRIDAY,0,REG100436,Cust C5065,1169.92,2023-08-26,2023-08-29,Elena,Furniture,8500.0,4200.0,P10012,FurnitureWorld Inc.
2025-02-27,East,Ergonomic Office Chair,4,13050.0,Store B,Corporate,0.1,Eva,52200.0,Debit Card,BUNDLE15,0,REG100437,Cust C5327,2021.09,2025-02-27,2025-03-03,Sophie,Furniture,14500.0,7500.0,P10013,FurnitureWorld Inc.
2024-10-08,North,Sticky Notes Bundle,1,170.0,Store A,Corporate,0.15,Frank,170.0,Credit Card,NONE,0,REG100438,Cust C5118,1272.37,2024-10-08,2024-10-18,Eric,Office Supplies,200.0,80.0,P10002,OfficePro Distro
2024-03-10,North,Tablet,11,30400.0,Store A,Wholesale,0.05,Charlie,334400.0,Debit Card,BUNDLE15,0,REG100439,Cust C5042,2356.99,2024-03-10,2024-03-12,Eric,Electronics,32000.0,18000.0,P10016,Global Tech Supplies
2023-02-07,South,Laser Printer,10,18500.0,Store C,Wholesale,0.0,Charlie,185000.0,Debit Card,BLACKFRIDAY,0,REG100440,Cust C5133,626.32,2023-02-07,2023-02-13,Marcus,Electronics,18500.0,9500.0,P10014,Global Tech Supplies
2025-01-26,West,HDMI Cable,3,540.0,Store D,Corporate,0.1,Grace,1620.0,Cash,NONE,0,REG100441,Cust C5344,398.52,2025-01-26,2025-02-01,Elena,Accessories,600.0,250.0,P10005,Global Tech Supplies
2023-09-18,North,4K Smart Monitor,7,23800.0,Store A,Wholesale,0.15,Grace,166600.0,Cash,SAVE10,0,REG100442,Cust C5096,248.11,2023-09-18,2023-09-28,Eric,Electronics,28000.0,15000.0,P10015,Global Tech Supplies
2025-01-23,South,Ergonomic Office Chair,12,13775.0,Store C,Wholesale,0.05,Frank,165300.0,Net Banking,FREESHIP,0,REG100443,Cust C5001,1741.27,2025-01-23,2025-01-27,Marcus,Furniture,14500.0,7500.0,P10013,FurnitureWorld Inc.
2024-03-23,South,A4 Printer Paper (500 Sheets),20,450.0,Store C,Wholesale,0.0,Bob,9000.0,Debit Card,SAVE10,0,REG100444,Cust C5063,1201.26,2024-03-23,2024-03-29,Marcus,Office Supplies,450.0,220.0,P10004,OfficePro Distro
2023-12-16,South,Wireless Earbuds,2,5200.0,Store C,Retail,0.2,Frank,10400.0,Credit Card,NONE,0,REG100445,Cust C5220,529.77,2023-12-16,2023-12-24,Marcus,Electronics,6500.0,3200.0,P10011,Global Tech Supplies
2025-06-02,North,Laptop Backpack,10,2800.0,Store A,Wholesale,0.0,Charlie,28000.0,Credit Card,FREESHIP,0,REG100446,Cust C5180,1523.97,2025-06-02,2025-06-09,Eric,Accessories,2800.0,1200.0,P10009,SupplyCo Direct
2023-01-07,South,Tablet,13,25600.0,Store C,Wholesale,0.2,Charlie,332800.0,Cash,SAVE10,0,REG100447,Cust C5261,1668.81,2023-01-07,2023-01-14,Marcus,Electronics,32000.0,18000.0,P10016,Global Tech Supplies
2024-04-27,East,4K Smart Monitor,2,23800.0,Store B,Retail,0.15,Frank,47600.0,Credit Card,BLACKFRIDAY,0,REG100448,Cust C5016,672.7,2024-04-27,2024-04-30,Sophie,Electronics,28000.0,15000.0,P10015,Global Tech Supplies
2025-01-20,North,Standing Desk,4,32300.0,Store A,Retail,0.15,Bob,129200.0,Credit Card,BUNDLE15,0,REG100449,Cust C5126,564.22,2025-01-20,2025-01-25,Eric,Furniture,38000.0,20000.0,P10017,FurnitureWorld Inc.
2024-03-25,West,4K Smart Monitor,10,22400.0,Store D,Wholesale,0.2,Grace,224000.0,UPI,BLACKFRIDAY,0,REG100450,Cust C5260,2296.5,2024-03-25,2024-03-31,Elena,Electronics,28000.0,15000.0,P10015,Global Tech Supplies
2024-07-04,West,Mechanical Keyboard,3,3825.0,Store D,Corporate,0.15,Eva,11475.0,Debit Card,FREESHIP,0,REG100451,Cust C5077,1542.21,2024-07-04,2024-07-13,Elena,Electronics,4500.0,2200.0,P10010,Global Tech Supplies
2023-07-26,North,Wireless Mouse,50,1350.0,Store A,Wholesale,0.1,Grace,67500.0,Net Banking,BUNDLE15,0,REG100452,Cust C5080,2235.1,2023-07-26,2023-08-03,Eric,Accessories,1500.0,700.0,P10007,Global Tech Supplies
2023-08-24,South,Spiral Notebook,4,127.5,Store C,Corporate,0.15,Grace,510.0,Credit Card,NONE,0,REG100453,Cust C5107,1686.18,2023-08-24,2023-09-01,Marcus,Office Supplies,150.0,60.0,P10001,OfficePro Distro
2024-12-31,North,Ergonomic Office Chair,4,12325.0,Store A,Retail,0.15,Bob,49300.0,Debit Card,NONE,0,REG100454,Cust C5174,1572.81,2024-12-31,2025-01-05,Eric,Furniture,14500.0,7500.0,P10013,FurnitureWorld Inc.
2023-07-13,East,Smartphone,1,49500.0,Store B,Retail,0.1,David,49500.0,Net Banking,FREESHIP,0,REG100455,Cust C5053,1377.81,2023-07-13,2023-07-18,Sophie,Electronics,55000.0,32000.0,P10018,Global Tech Supplies
2023-09-13,East,Spiral Notebook,1,120.0,Store B,Retail,0.2,Bob,120.0,Cash,BLACKFRIDAY,0,REG100456,Cust C5305,2198.04,2023-09-13,2023-09-21,Sophie,Office Supplies,150.0,60.0,P10001,OfficePro Distro
2023-03-15,East,Bookshelf,15,7650.0,Store B,Wholesale,0.1,David,114750.0,Cash,NONE,0,REG100457,Cust C5288,2256.42,2023-03-15,2023-03-18,Sophie,Furniture,8500.0,4200.0,P10012,FurnitureWorld Inc.
2025-04-08,South,LED Desk Lamp,15,1760.0,Store C,Wholesale,0.2,Grace,26400.0,Net Banking,NONE,0,REG100458,Cust C5193,249.42,2025-04-08,2025-04-11,Marcus,Furniture,2200.0,1000.0,P10008,FurnitureWorld Inc.
2025-01-02,East,USB Flash Drive 64GB,28,800.0,Store B,Wholesale,0.0,David,22400.0,Credit Card,SAVE10,0,REG100459,Cust C5072,1113.51,2025-01-02,2025-01-10,Sophie,Accessories,800.0,350.0,P10006,Global Tech Supplies
2023-05-29,East,Tablet,2,25600.0,Store B,Retail,0.2,Frank,51200.0,UPI,SAVE10,0,REG100460,Cust C5218,2198.3,2023-05-29,2023-06-05,Sophie,Electronics,32000.0,18000.0,P10016,Global Tech Supplies
2023-03-08,East,Laser Printer,1,16650.0,Store B,Corporate,0.1,Grace,16650.0,Cash,BLACKFRIDAY,0,REG100461,Cust C5245,377.99,2023-03-08,2023-03-10,Sophie,Electronics,18500.0,9500.0,P10014,Global Tech Supplies
2023-05-20,West,Spiral Notebook,5,150.0,Store D,Retail,0.0,Frank,750.0,Debit Card,SAVE10,0,REG100462,Cust C5244,2497.31,2023-05-20,2023-05-30,Elena,Office Supplies,150.0,60.0,P10001,OfficePro Distro
2024-03-04,West,Laser Printer,2,14800.0,Store D,Retail,0.2,Grace,29600.0,Net Banking,BLACKFRIDAY,0,REG100463,Cust C5047,1163.12,2024-03-04,2024-03-11,Elena,Electronics,18500.0,9500.0,P10014,Global Tech Supplies
2023-10-25,North,USB Flash Drive 64GB,40,760.0,Store A,Wholesale,0.05,Eva,30400.0,Net Banking,NONE,0,REG100464,Cust C5027,2466.97,2023-10-25,2023-10-27,Eric,Accessories,800.0,350.0,P10006,Global Tech Supplies
2023-07-19,North,Wireless Mouse,1,1425.0,Store A,Corporate,0.05,Grace,1425.0,Net Banking,SAVE10,0,REG100465,Cust C5174,2300.84,2023-07-19,2023-07-21,Eric,Accessories,1500.0,700.0,P10007,Global Tech Supplies
2023-01-08,West,Sticky Notes Bundle,4,180.0,Store D,Corporate,0.1,Frank,720.0,Net Banking,BLACKFRIDAY,0,REG100466,Cust C5167,856.46,2023-01-08,2023-01-12,Elena,Office Supplies,200.0,80.0,P10002,OfficePro Distro
2023-03-06,East,Smartphone,2,46750.0,Store B,Retail,0.15,Bob,93500.0,Credit Card,BLACKFRIDAY,0,REG100467,Cust C5169,1425.78,2023-03-06,2023-03-11,Sophie,Electronics,55000.0,32000.0,P10018,Global Tech Supplies
2023-05-19,East,Wireless Mouse,3,1425.0,Store B,Corporate,0.05,Charlie,4275.0,Cash,SAVE10,0,REG100468,Cust C5057,788.62,2023-05-19,2023-05-28,Sophie,Accessories,1500.0,700.0,P10007,Global Tech Supplies
2025-02-28,West,Mechanical Keyboard,15,4275.0,Store D,Wholesale,0.05,David,64125.0,Debit Card,FREESHIP,0,REG100469,Cust C5274,396.23,2025-02-28,2025-03-07,Elena,Electronics,4500.0,2200.0,P10010,Global Tech Supplies
2023-02-28,North,4K Smart Monitor,2,22400.0,Store A,Corporate,0.2,Grace,44800.0,Net Banking,SAVE10,0,REG100470,Cust C5138,1893.82,2023-02-28,2023-03-09,Eric,Electronics,28000.0,15000.0,P10015,Global Tech Supplies
2024-05-04,East,Standing Desk,15,34200.0,Store B,Wholesale,0.1,Eva,513000.0,Credit Card,BLACKFRIDAY,0,REG100471,Cust C5172,239.26,2024-05-04,2024-05-11,Sophie,Furniture,38000.0,20000.0,P10017,FurnitureWorld Inc.
2025-06-14,North,Sticky Notes Bundle,1,170.0,Store A,Corporate,0.15,Frank,170.0,Credit Card,NONE,0,REG100472,Cust C5027,1619.27,2025-06-14,2025-06-23,Eric,Office Supplies,200.0,80.0,P10002,OfficePro Distro
2024-10-07,North,HDMI Cable,5,540.0,Store A,Retail,0.1,Charlie,2700.0,Credit Card,SAVE10,0,REG100473,Cust C5001,1825.21,2024-10-07,2024-10-10,Eric,Accessories,600.0,250.0,P10005,Global Tech Supplies
2024-08-17,West,Bookshelf,6,8500.0,Store D,Wholesale,0.0,David,51000.0,UPI,NONE,0,REG100474,Cust C5159,312.15,2024-08-17,2024-08-25,Elena,Furniture,8500.0,4200.0,P10012,FurnitureWorld Inc.
2023-12-01,East,Wireless Mouse,2,1275.0,Store B,Retail,0.15,Alice,2550.0,Cash,SAVE10,0,REG100475,Cust C5196,2468.3,2023-12-01,2023-12-05,Sophie,Accessories,1500.0,700.0,P10007,Global Tech Supplies
2023-05-14,South,Ergonomic Office Chair,8,13775.0,Store C,Wholesale,0.05,Charlie,110200.0,UPI,BLACKFRIDAY,1,REG100476,Cust C5048,469.03,2023-05-14,2023-05-22,Marcus,Furniture,14500.0,7500.0,P10013,FurnitureWorld Inc.
2023-01-08,North,Wireless Mouse,38,1500.0,Store A,Wholesale,0.0,Charlie,57000.0,Debit Card,BUNDLE15,0,REG100477,Cust C5298,478.47,2023-01-08,2023-01-11,Eric,Accessories,1500.0,700.0,P10007,Global Tech Supplies
2023-12-09,North,Laptop Backpack,3,2240.0,Store A,Corporate,0.2,Eva,6720.0,UPI,NONE,0,REG100478,Cust C5037,266.34,2023-12-09,2023-12-12,Eric,Accessories,2800.0,1200.0,P10009,SupplyCo Direct
2025-02-28,West,Wireless Earbuds,2,5850.0,Store D,Retail,0.1,Charlie,11700.0,Cash,FREESHIP,0,REG100479,Cust C5115,2045.91,2025-02-28,2025-03-09,Elena,Electronics,6500.0,3200.0,P10011,Global Tech Supplies
2024-01-06,East,Laser Printer,8,18500.0,Store B,Wholesale,0.0,Bob,148000.0,Credit Card,BLACKFRIDAY,0,REG100480,Cust C5014,1699.97,2024-01-06,2024-01-10,Sophie,Electronics,18500.0,9500.0,P10014,Global Tech Supplies
2023-04-11,West,Ergonomic Office Chair,10,12325.0,Store D,Wholesale,0.15,Bob,123250.0,Debit Card,BLACKFRIDAY,0,REG100481,Cust C5011,1907.73,2023-04-11,2023-04-13,Elena,Furniture,14500.0,7500.0,P10013,FurnitureWorld Inc.
2025-06-23,South,Wireless Mouse,28,1275.0,Store C,Wholesale,0.15,Eva,35700.0,UPI,FREESHIP,0,REG100482,Cust C5154,386.65,2025-06-23,2025-07-02,Marcus,Accessories,1500.0,700.0,P10007,Global Tech Supplies
2023-07-16,South,Tablet,5,27200.0,Store C,Retail,0.15,Frank,136000.0,Debit Card,SAVE10,0,REG100483,Cust C5252,2338.93,2023-07-16,2023-07-20,Marcus,Electronics,32000.0,18000.0,P10016,Global Tech Supplies
2024-06-23,South,A4 Printer Paper (500 Sheets),5,360.0,Store C,Corporate,0.2,Alice,1800.0,Net Banking,BLACKFRIDAY,0,REG100484,Cust C5365,1567.98,2024-06-23,2024-07-02,Marcus,Office Supplies,450.0,220.0,P10004,OfficePro Distro
2023-04-19,West,A4 Printer Paper (500 Sheets),1,450.0,Store D,Retail,0.0,Charlie,450.0,UPI,SAVE10,0,REG100485,Cust C5370,793.53,2023-04-19,2023-04-26,Elena,Office Supplies,450.0,220.0,P10004,OfficePro Distro
2024-01-09,South,Standing Desk,8,32300.0,Store C,Wholesale,0.15,Bob,258400.0,Net Banking,NONE,0,REG100486,Cust C5344,371.03,2024-01-09,2024-01-15,Marcus,Furniture,38000.0,20000.0,P10017,FurnitureWorld Inc.
2023-04-05,South,Tablet,4,27200.0,Store C,Corporate,0.15,Charlie,108800.0,UPI,BLACKFRIDAY,0,REG100487,Cust C5158,1573.36,2023-04-05,2023-04-07,Marcus,Electronics,32000.0,18000.0,P10016,Global Tech Supplies
2023-09-18,East,Spiral Notebook,4,150.0,Store B,Retail,0.0,David,600.0,UPI,BUNDLE15,0,REG100488,Cust C5045,1127.63,2023-09-18,2023-09-20,Sophie,Office Supplies,150.0,60.0,P10001,OfficePro Distro
2023-04-17,North,Sticky Notes Bundle,44,190.0,Store A,Wholesale,0.05,Frank,8360.0,Cash,NONE,0,REG100489,Cust C5046,709.81,2023-04-17,2023-04-21,Eric,Office Supplies,200.0,80.0,P10002,OfficePro Distro
2023-11-22,East,Spiral Notebook,3,127.5,Store B,Corporate,0.15,Charlie,382.5,UPI,NONE,0,REG100490,Cust C5216,2396.54,2023-11-22,2023-12-01,Sophie,Office Supplies,150.0,60.0,P10001,OfficePro Distro
2023-10-25,South,Ballpoint Pen Pack,38,250.0,Store C,Wholesale,0.0,Grace,9500.0,Debit Card,NONE,0,REG100491,Cust C5076,1471.8,2023-10-25,2023-10-29,Marcus,Office Supplies,250.0,100.0,P10003,OfficePro Distro
2023-10-05,East,Laptop Backpack,17,2800.0,Store B,Wholesale,0.0,Charlie,47600.0,Debit Card,BUNDLE15,0,REG100492,Cust C5242,783.0,2023-10-05,2023-10-09,Sophie,Accessories,2800.0,1200.0,P10009,SupplyCo Direct
2025-02-09,South,HDMI Cable,2,570.0,Store C,Retail,0.05,Frank,1140.0,Net Banking,FREESHIP,0,REG100493,Cust C5031,2390.36,2025-02-09,2025-02-19,Marcus,Accessories,600.0,250.0,P10005,Global Tech Supplies
2024-03-08,North,Ballpoint Pen Pack,13,212.5,Store A,Wholesale,0.15,Grace,2762.5,Debit Card,NONE,0,REG100494,Cust C5305,715.93,2024-03-08,2024-03-18,Eric,Office Supplies,250.0,100.0,P10003,OfficePro Distro
2023-09-01,East,Wireless Earbuds,4,5525.0,Store B,Corporate,0.15,Grace,22100.0,Net Banking,FREESHIP,0,REG100495,Cust C5033,932.78,2023-09-01,2023-09-07,Sophie,Electronics,6500.0,3200.0,P10011,Global Tech Supplies
2025-02-18,East,Wireless Earbuds,3,5525.0,Store B,Retail,0.15,Alice,16575.0,Net Banking,NONE,0,REG100496,Cust C5161,1535.12,2025-02-18,2025-02-23,Sophie,Electronics,6500.0,3200.0,P10011,Global Tech Supplies
2023-04-09,North,Mechanical Keyboard,8,4500.0,Store A,Wholesale,0.0,Frank,36000.0,Net Banking,SAVE10,0,REG100497,Cust C5148,1676.28,2023-04-09,2023-04-14,Eric,Electronics,4500.0,2200.0,P10010,Global Tech Supplies
2024-07-10,West,Spiral Notebook,5,127.5,Store D,Corporate,0.15,Frank,637.5,Debit Card,BUNDLE15,0,REG100498,Cust C5350,1184.94,2024-07-10,2024-07-12,Elena,Office Supplies,150.0,60.0,P10001,OfficePro Distro
2024-07-24,North,Sticky Notes Bundle,3,200.0,Store A,Retail,0.0,Charlie,600.0,Debit Card,FREESHIP,0,REG100499,Cust C5344,444.9,2024-07-24,2024-08-03,Eric,Office Supplies,200.0,80.0,P10002,OfficePro Distro
2023-09-01,East,Tablet,3,30400.0,Store B,Corporate,0.05,Grace,91200.0,Cash,BUNDLE15,0,REG100500,Cust C5334,2467.18,2023-09-01,2023-09-07,Sophie,Electronics,32000.0,18000.0,P10016,Global Tech Supplies
2023-04-07,North,Tablet,2,28800.0,Store A,Corporate,0.1,Grace,57600.0,Credit Card,NONE,0,REG100501,Cust C5185,2123.03,2023-04-07,2023-04-15,Eric,Electronics,32000.0,18000.0,P10016,Global Tech Supplies
2023-02-19,South,Tablet,2,25600.0,Store C,Retail,0.2,Frank,51200.0,UPI,BLACKFRIDAY,0,REG100502,Cust C5042,1289.67,2023-02-19,2023-02-25,Marcus,Electronics,32000.0,18000.0,P10016,Global Tech Supplies
2023-10-03,West,Ergonomic Office Chair,3,11600.0,Store D,Corporate,0.2,Charlie,34800.0,Debit Card,NONE,0,REG100503,Cust C5010,589.05,2023-10-03,2023-10-05,Elena,Furniture,14500.0,7500.0,P10013,FurnitureWorld Inc.
2024-05-29,East,Tablet,4,28800.0,Store B,Corporate,0.1,David,115200.0,Cash,NONE,0,REG100504,Cust C5199,1878.82,2024-05-29,2024-06-01,Sophie,Electronics,32000.0,18000.0,P10016,Global Tech Supplies
2023-10-22,East,Wireless Mouse,15,1500.0,Store B,Wholesale,0.0,Alice,22500.0,Net Banking,SAVE10,0,REG100505,Cust C5137,1572.7,2023-10-22,2023-10-25,Sophie,Accessories,1500.0,700.0,P10007,Global Tech Supplies
2024-06-06,North,Standing Desk,4,38000.0,Store A,Corporate,0.0,Alice,152000.0,UPI,SAVE10,1,REG100506,Cust C5103,1355.3,2024-06-06,2024-06-16,Eric,Furniture,38000.0,20000.0,P10017,FurnitureWorld Inc.
2024-08-19,West,A4 Printer Paper (500 Sheets),5,427.5,Store D,Corporate,0.05,Bob,2137.5,Credit Card,NONE,0,REG100507,Cust C5082,541.6,2024-08-19,2024-08-26,Elena,Office Supplies,450.0,220.0,P10004,OfficePro Distro
2024-05-25,West,Ergonomic Office Chair,8,14500.0,Store D,Wholesale,0.0,Grace,116000.0,Net Banking,NONE,0,REG100508,Cust C5176,1393.94,2024-05-25,2024-05-29,Elena,Furniture,14500.0,7500.0,P10013,FurnitureWorld Inc.
2023-09-25,North,4K Smart Monitor,2,25200.0,Store A,Retail,0.1,David,50400.0,Credit Card,SAVE10,0,REG100509,Cust C5362,1342.65,2023-09-25,2023-09-28,Eric,Electronics,28000.0,15000.0,P10015,Global Tech Supplies
2024-12-17,East,Tablet,6,30400.0,Store B,Wholesale,0.05,Frank,182400.0,Credit Card,NONE,0,REG100510,Cust C5158,1755.34,2024-12-17,2024-12-26,Sophie,Electronics,32000.0,18000.0,P10016,Global Tech Supplies
2024-03-25,North,USB Flash Drive 64GB,17,720.0,Store A,Wholesale,0.1,David,12240.0,UPI,BLACKFRIDAY,0,REG100511,Cust C5260,1050.12,2024-03-25,2024-03-30,Eric,Accessories,800.0,350.0,P10006,Global Tech Supplies
2023-12-17,East,Mechanical Keyboard,5,4050.0,Store B,Corporate,0.1,Bob,20250.0,UPI,BLACKFRIDAY,0,REG100512,Cust C5168,512.67,2023-12-17,2023-12-19,Sophie,Electronics,4500.0,2200.0,P10010,Global Tech Supplies
2024-05-21,West,Smartphone,15,49500.0,Store D,Wholesale,0.1,Bob,742500.0,Net Banking,BLACKFRIDAY,0,REG100513,Cust C5250,2002.52,2024-05-21,2024-05-26,Elena,Electronics,55000.0,32000.0,P10018,Global Tech Supplies
2024-06-17,East,HDMI Cable,18,600.0,Store B,Wholesale,0.0,Bob,10800.0,Debit Card,NONE,0,REG100514,Cust C5043,1540.89,2024-06-17,2024-06-20,Sophie,Accessories,600.0,250.0,P10005,Global Tech Supplies
2024-11-02,East,Ballpoint Pen Pack,1,250.0,Store B,Retail,0.0,Charlie,250.0,UPI,SAVE10,0,REG100515,Cust C5096,1293.48,2024-11-02,2024-11-07,Sophie,Office Supplies,250.0,100.0,P10003,OfficePro Distro
2024-06-21,South,Ergonomic Office Chair,2,14500.0,Store C,Corporate,0.0,Bob,29000.0,Credit Card,SAVE10,0,REG100516,Cust C5373,685.6,2024-06-21,2024-06-27,Marcus,Furniture,14500.0,7500.0,P10013,FurnitureWorld Inc.
2025-03-15,West,Sticky Notes Bundle,4,180.0,Store D,Corporate,0.1,Grace,720.0,Cash,FREESHIP,0,REG100517,Cust C5393,336.24,2025-03-15,2025-03-20,Elena,Office Supplies,200.0,80.0,P10002,OfficePro Distro
2024-05-06,East,A4 Printer Paper (500 Sheets),5,405.0,Store B,Corporate,0.1,Bob,2025.0,Net Banking,BLACKFRIDAY,0,REG100518,Cust C5265,2219.35,2024-05-06,2024-05-08,Sophie,Office Supplies,450.0,220.0,P10004,OfficePro Distro
2024-03-10,North,LED Desk Lamp,4,2090.0,Store A,Retail,0.05,Alice,8360.0,Cash,BLACKFRIDAY,0,REG100519,Cust C5264,1693.86,2024-03-10,2024-03-20,Eric,Furniture,2200.0,1000.0,P10008,FurnitureWorld Inc.
2023-04-20,South,Ballpoint Pen Pack,5,212.5,Store C,Retail,0.15,Eva,1062.5,Cash,BLACKFRIDAY,0,REG100520,Cust C5365,893.67,2023-04-20,2023-04-25,Marcus,Office Supplies,250.0,100.0,P10003,OfficePro Distro
2023-07-22,North,LED Desk Lamp,4,1980.0,Store A,Corporate,0.1,Eva,7920.0,UPI,NONE,0,REG100521,Cust C5118,2242.16,2023-07-22,2023-07-31,Eric,Furniture,2200.0,1000.0,P10008,FurnitureWorld Inc.
2023-03-04,West,Wireless Mouse,4,1350.0,Store D,Corporate,0.1,Charlie,5400.0,Debit Card,NONE,0,REG100522,Cust C5187,588.82,2023-03-04,2023-03-10,Elena,Accessories,1500.0,700.0,P10007,Global Tech Supplies
2023-01-16,North,Tablet,3,28800.0,Store A,Retail,0.1,Eva,86400.0,Credit Card,SAVE10,0,REG100523,Cust C5259,1695.03,2023-01-16,2023-01-23,Eric,Electronics,32000.0,18000.0,P10016,Global Tech Supplies
2024-11-14,North,Smartphone,5,55000.0,Store A,Corporate,0.0,Frank,275000.0,Credit Card,BLACKFRIDAY,1,REG100524,Cust C5289,2065.59,2024-11-14,2024-11-17,Eric,Electronics,55000.0,32000.0,P10018,Global Tech Supplies
2025-01-16,East,Sticky Notes Bundle,40,170.0,Store B,Wholesale,0.15,Grace,6800.0,Credit Card,FREESHIP,0,REG100525,Cust C5283,1560.59,2025-01-16,2025-01-26,Sophie,Office Supplies,200.0,80.0,P10002,OfficePro Distro
2024-04-20,East,Bookshelf,9,7225.0,Store B,Wholesale,0.15,Bob,65025.0,UPI,BUNDLE15,0,REG100526,Cust C5120,430.72,2024-04-20,2024-04-23,Sophie,Furniture,8500.0,4200.0,P10012,FurnitureWorld Inc.
2024-03-02,West,Ergonomic Office Chair,2,12325.0,Store D,Retail,0.15,Alice,24650.0,UPI,BLACKFRIDAY,0,REG100527,Cust C5119,1960.77,2024-03-02,2024-03-11,Elena,Furniture,14500.0,7500.0,P10013,FurnitureWorld Inc.
2024-12-14,West,Ballpoint Pen Pack,3,200.0,Store D,Retail,0.2,Alice,600.0,Cash,SAVE10,0,REG100528,Cust C5112,975.01,2024-12-14,2024-12-17,Elena,Office Supplies,250.0,100.0,P10003,OfficePro Distro
2023-09-19,East,A4 Printer Paper (500 Sheets),4,382.5,Store B,Retail,0.15,Alice,1530.0,Credit Card,BUNDLE15,0,REG100529,Cust C5238,1632.37,2023-09-19,2023-09-21,Sophie,Office Supplies,450.0,220.0,P10004,OfficePro Distro
2024-02-29,North,Wireless Mouse,2,1200.0,Store A,Corporate,0.2,Charlie,2400.0,Debit Card,BLACKFRIDAY,0,REG100530,Cust C5007,2221.97,2024-02-29,2024-03-03,Eric,Accessories,1500.0,700.0,P10007,Global Tech Supplies
2025-04-05,East,Tablet,9,30400.0,Store B,Wholesale,0.05,Charlie,273600.0,Credit Card,FREESHIP,0,REG100531,Cust C5354,1232.16,2025-04-05,2025-04-08,Sophie,Electronics,32000.0,18000.0,P10016,Global Tech Supplies
2023-09-07,West,Laptop Backpack,13,2520.0,Store D,Wholesale,0.1,Grace,32760.0,Credit Card,BLACKFRIDAY,0,REG100532,Cust C5168,1965.87,2023-09-07,2023-09-11,Elena,Accessories,2800.0,1200.0,P10009,SupplyCo Direct
2025-01-03,South,Spiral Notebook,49,127.5,Store C,Wholesale,0.15,Alice,6247.5,Net Banking,SAVE10,0,REG100533,Cust C5066,1662.19,2025-01-03,2025-01-08,Marcus,Office Supplies,150.0,60.0,P10001,OfficePro Distro
2024-05-03,South,Sticky Notes Bundle,1,160.0,Store C,Corporate,0.2,Frank,160.0,Debit Card,NONE,0,REG100534,Cust C5160,2148.34,2024-05-03,2024-05-13,Marcus,Office Supplies,200.0,80.0,P10002,OfficePro Distro
2024-08-05,North,Smartphone,3,49500.0,Store A,Corporate,0.1,Frank,148500.0,Net Banking,BLACKFRIDAY,0,REG100535,Cust C5167,940.22,2024-08-05,2024-08-13,Eric,Electronics,55000.0,32000.0,P10018,Global Tech Supplies
2023-10-29,South,4K Smart Monitor,3,25200.0,Store C,Retail,0.1,Charlie,75600.0,UPI,FREESHIP,0,REG100536,Cust C5325,327.72,2023-10-29,2023-11-02,Marcus,Electronics,28000.0,15000.0,P10015,Global Tech Supplies
2024-05-10,West,Wireless Earbuds,2,5200.0,Store D,Retail,0.2,David,10400.0,Net Banking,FREESHIP,0,REG100537,Cust C5373,311.56,2024-05-10,2024-05-16,Elena,Electronics,6500.0,3200.0,P10011,Global Tech Supplies
2023-01-25,North,LED Desk Lamp,1,1980.0,Store A,Retail,0.1,Charlie,1980.0,Cash,NONE,0,REG100538,Cust C5017,897.41,2023-01-25,2023-01-28,Eric,Furniture,2200.0,1000.0,P10008,FurnitureWorld Inc.
2024-08-07,North,Tablet,11,28800.0,Store A,Wholesale,0.1,Charlie,316800.0,UPI,NONE,0,REG100539,Cust C5265,1026.51,2024-08-07,2024-08-10,Eric,Electronics,32000.0,18000.0,P10016,Global Tech Supplies
2023-01-24,North,Mechanical Keyboard,3,3825.0,Store A,Corporate,0.15,Eva,11475.0,Net Banking,BUNDLE15,0,REG100540,Cust C5128,2153.29,2023-01-24,2023-01-30,Eric,Electronics,4500.0,2200.0,P10010,Global Tech Supplies
2025-01-19,South,Wireless Mouse,20,1350.0,Store C,Wholesale,0.1,Charlie,27000.0,Cash,BLACKFRIDAY,0,REG100541,Cust C5009,1030.95,2025-01-19,2025-01-29,Marcus,Accessories,1500.0,700.0,P10007,Global Tech Supplies
2024-03-11,West,Mechanical Keyboard,11,3825.0,Store D,Wholesale,0.15,Eva,42075.0,UPI,BUNDLE15,0,REG100542,Cust C5098,339.19,2024-03-11,2024-03-15,Elena,Electronics,4500.0,2200.0,P10010,Global Tech Supplies
2024-06-03,North,Ballpoint Pen Pack,4,250.0,Store A,Retail,0.0,Frank,1000.0,Debit Card,NONE,0,REG100543,Cust C5348,1011.68,2024-06-03,2024-06-06,Eric,Office Supplies,250.0,100.0,P10003,OfficePro Distro
2024-08-02,South,A4 Printer Paper (500 Sheets),3,450.0,Store C,Corporate,0.0,Alice,1350.0,Net Banking,NONE,0,REG100544,Cust C5173,752.61,2024-08-02,2024-08-09,Marcus,Office Supplies,450.0,220.0,P10004,OfficePro Distro
2024-10-09,North,Laptop Backpack,4,2520.0,Store A,Corporate,0.1,Grace,10080.0,Net Banking,SAVE10,0,REG100545,Cust C5247,2383.63,2024-10-09,2024-10-17,Eric,Accessories,2800.0,1200.0,P10009,SupplyCo Direct
2024-12-08,North,A4 Printer Paper (500 Sheets),1,427.5,Store A,Retail,0.05,David,427.5,UPI,SAVE10,0,REG100546,Cust C5205,1543.06,2024-12-08,2024-12-13,Eric,Office Supplies,450.0,220.0,P10004,OfficePro Distro
2024-02-28,North,Ergonomic Office Chair,9,13050.0,Store A,Wholesale,0.1,Charlie,117450.0,Debit Card,BLACKFRIDAY,0,REG100547,Cust C5214,1073.37,2024-02-28,2024-03-09,Eric,Furniture,14500.0,7500.0,P10013,FurnitureWorld Inc.
2024-11-30,South,USB Flash Drive 64GB,2,640.0,Store C,Retail,0.2,Alice,1280.0,UPI,SAVE10,0,REG100548,Cust C5395,626.01,2024-11-30,2024-12-06,Marcus,Accessories,800.0,350.0,P10006,Global Tech Supplies
2025-02-02,South,HDMI Cable,20,480.0,Store C,Wholesale,0.2,Frank,9600.0,Debit Card,BLACKFRIDAY,0,REG100549,Cust C5234,1996.62,2025-02-02,2025-02-08,Marcus,Accessories,600.0,250.0,P10005,Global Tech Supplies
2024-06-26,South,Laptop Backpack,5,2800.0,Store C,Retail,0.0,Charlie,14000.0,Cash,FREESHIP,0,REG100550,Cust C5196,1719.26,2024-06-26,2024-07-02,Marcus,Accessories,2800.0,1200.0,P10009,SupplyCo Direct
2024-10-21,East,LED Desk Lamp,4,1760.0,Store B,Corporate,0.2,David,7040.0,Credit Card,BUNDLE15,0,REG100551,Cust C5329,1488.34,2024-10-21,2024-10-27,Sophie,Furniture,2200.0,1000.0,P10008,FurnitureWorld Inc.
2025-04-02,West,Tablet,2,27200.0,Store D,Corporate,0.15,Charlie,54400.0,Credit Card,FREESHIP,0,REG100552,Cust C5023,1241.36,2025-04-02,2025-04-08,Elena,Electronics,32000.0,18000.0,P10016,Global Tech Supplies
2024-07-30,North,Bookshelf,1,7225.0,Store A,Corporate,0.15,Eva,7225.0,Net Banking,FREESHIP,0,REG100553,Cust C5275,1173.95,2024-07-30,2024-08-02,Eric,Furniture,8500.0,4200.0,P10012,FurnitureWorld Inc.
2024-03-11,West,4K Smart Monitor,1,22400.0,Store D,Retail,0.2,Bob,22400.0,Debit Card,SAVE10,0,REG100554,Cust C5307,1553.15,2024-03-11,2024-03-19,Elena,Electronics,28000.0,15000.0,P10015,Global Tech Supplies
2023-12-17,East,Laptop Backpack,4,2380.0,Store B,Retail,0.15,Grace,9520.0,UPI,BLACKFRIDAY,0,REG100555,Cust C5254,2188.74,2023-12-17,2023-12-22,Sophie,Accessories,2800.0,1200.0,P10009,SupplyCo Direct
2023-11-23,West,Laser Printer,4,16650.0,Store D,Retail,0.1,Grace,66600.0,Cash,BUNDLE15,0,REG100556,Cust C5108,1887.42,2023-11-23,2023-11-26,Elena,Electronics,18500.0,9500.0,P10014,Global Tech Supplies
2025-03-14,South,Mechanical Keyboard,6,3825.0,Store C,Wholesale,0.15,Grace,22950.0,Net Banking,BUNDLE15,0,REG100557,Cust C5181,824.89,2025-03-14,2025-03-23,Marcus,Electronics,4500.0,2200.0,P10010,Global Tech Supplies
2024-01-09,East,Sticky Notes Bundle,3,200.0,Store B,Corporate,0.0,Charlie,600.0,Cash,FREESHIP,0,REG100558,Cust C5144,1047.61,2024-01-09,2024-01-11,Sophie,Office Supplies,200.0,80.0,P10002,OfficePro Distro
2024-04-14,South,Smartphone,4,49500.0,Store C,Retail,0.1,David,198000.0,Debit Card,FREESHIP,0,REG100559,Cust C5110,2484.73,2024-04-14,2024-04-21,Marcus,Electronics,55000.0,32000.0,P10018,Global Tech Supplies
2024-01-01,South,Smartphone,4,49500.0,Store C,Corporate,0.1,Frank,198000.0,Net Banking,SAVE10,0,REG100560,Cust C5385,1097.87,2024-01-01,2024-01-08,Marcus,Electronics,55000.0,32000.0,P10018,Global Tech Supplies
2023-07-08,South,Wireless Earbuds,1,5850.0,Store C,Corporate,0.1,Bob,5850.0,UPI,BUNDLE15,0,REG100561,Cust C5174,2499.28,2023-07-08,2023-07-10,Marcus,Electronics,6500.0,3200.0,P10011,Global Tech Supplies
2024-06-24,East,Tablet,14,27200.0,Store B,Wholesale,0.15,Eva,380800.0,Net Banking,NONE,0,REG100562,Cust C5259,952.06,2024-06-24,2024-06-28,Sophie,Electronics,32000.0,18000.0,P10016,Global Tech Supplies
2025-05-11,South,Smartphone,4,46750.0,Store C,Corporate,0.15,David,187000.0,Cash,BLACKFRIDAY,0,REG100563,Cust C5209,252.56,2025-05-11,2025-05-15,Marcus,Electronics,55000.0,32000.0,P10018,Global Tech Supplies
2024-03-21,West,USB Flash Drive 64GB,21,640.0,Store D,Wholesale,0.2,Eva,13440.0,Debit Card,SAVE10,0,REG100564,Cust C5394,1675.28,2024-03-21,2024-03-27,Elena,Accessories,800.0,350.0,P10006,Global Tech Supplies
2024-05-08,North,Sticky Notes Bundle,3,170.0,Store A,Retail,0.15,Grace,510.0,Net Banking,BLACKFRIDAY,0,REG100565,Cust C5253,715.05,2024-05-08,2024-05-16,Eric,Office Supplies,200.0,80.0,P10002,OfficePro Distro
2023-04-19,West,Laptop Backpack,14,2240.0,Store D,Wholesale,0.2,Bob,31360.0,Net Banking,BLACKFRIDAY,0,REG100566,Cust C5199,1548.76,2023-04-19,2023-04-27,Elena,Accessories,2800.0,1200.0,P10009,SupplyCo Direct
2023-12-18,East,Tablet,6,32000.0,Store B,Wholesale,0.0,Charlie,192000.0,Net Banking,BLACKFRIDAY,0,REG100567,Cust C5037,1092.85,2023-12-18,2023-12-22,Sophie,Electronics,32000.0,18000.0,P10016,Global Tech Supplies
2024-10-01,West,Sticky Notes Bundle,1,190.0,Store D,Retail,0.05,Alice,190.0,Cash,NONE,0,REG100568,Cust C5023,1299.97,2024-10-01,2024-10-11,Elena,Office Supplies,200.0,80.0,P10002,OfficePro Distro
2023-05-25,North,Mechanical Keyboard,8,4050.0,Store A,Wholesale,0.1,Eva,32400.0,Credit Card,FREESHIP,0,REG100569,Cust C5221,609.05,2023-05-25,2023-05-30,Eric,Electronics,4500.0,2200.0,P10010,Global Tech Supplies
2023-04-03,North,A4 Printer Paper (500 Sheets),3,360.0,Store A,Corporate,0.2,Alice,1080.0,UPI,SAVE10,0,REG100570,Cust C5313,2287.54,2023-04-03,2023-04-11,Eric,Office Supplies,450.0,220.0,P10004,OfficePro Distro
2023-09-27,West,Mechanical Keyboard,1,4500.0,Store D,Retail,0.0,David,4500.0,Cash,NONE,0,REG100571,Cust C5283,1447.52,2023-09-27,2023-09-29,Elena,Electronics,4500.0,2200.0,P10010,Global Tech Supplies
2023-04-09,South,Bookshelf,1,8075.0,Store C,Corporate,0.05,Eva,8075.0,UPI,FREESHIP,0,REG100572,Cust C5118,2062.36,2023-04-09,2023-04-12,Marcus,Furniture,8500.0,4200.0,P10012,FurnitureWorld Inc.
2024-11-27,West,Ergonomic Office Chair,3,11600.0,Store D,Corporate,0.2,Charlie,34800.0,Credit Card,BLACKFRIDAY,0,REG100573,Cust C5293,554.62,2024-11-27,2024-12-05,Elena,Furniture,14500.0,7500.0,P10013,FurnitureWorld Inc.
2025-06-20,South,Tablet,5,25600.0,Store C,Retail,0.2,David,128000.0,Net Banking,SAVE10,0,REG100574,Cust C5124,889.79,2025-06-20,2025-06-26,Marcus,Electronics,32000.0,18000.0,P10016,Global Tech Supplies
2023-02-24,South,Smartphone,4,52250.0,Store C,Retail,0.05,Frank,209000.0,UPI,BUNDLE15,0,REG100575,Cust C5069,1292.27,2023-02-24,2023-03-01,Marcus,Electronics,55000.0,32000.0,P10018,Global Tech Supplies
2023-06-12,West,Ballpoint Pen Pack,3,225.0,Store D,Retail,0.1,David,675.0,Cash,BLACKFRIDAY,0,REG100576,Cust C5217,655.1,2023-06-12,2023-06-19,Elena,Office Supplies,250.0,100.0,P10003,OfficePro Distro
2024-12-08,East,Mechanical Keyboard,5,3825.0,Store B,Retail,0.15,Frank,19125.0,Net Banking,BLACKFRIDAY,0,REG100577,Cust C5390,1853.0,2024-12-08,2024-12-17,Sophie,Electronics,4500.0,2200.0,P10010,Global Tech Supplies
2025-05-31,South,Standing Desk,4,30400.0,Store C,Retail,0.2,David,121600.0,Net Banking,FREESHIP,0,REG100578,Cust C5259,1217.62,2025-05-31,2025-06-03,Marcus,Furniture,38000.0,20000.0,P10017,FurnitureWorld Inc.
2024-09-23,West,Smartphone,1,49500.0,Store D,Retail,0.1,Grace,49500.0,Credit Card,BLACKFRIDAY,0,REG100579,Cust C5360,1219.16,2024-09-23,2024-09-26,Elena,Electronics,55000.0,32000.0,P10018,Global Tech Supplies
2023-07-07,South,Ergonomic Office Chair,4,13050.0,Store C,Retail,0.1,Eva,52200.0,UPI,SAVE10,0,REG100580,Cust C5340,706.92,2023-07-07,2023-07-13,Marcus,Furniture,14500.0,7500.0,P10013,FurnitureWorld Inc.
2023-03-21,South,Spiral Notebook,46,150.0,Store C,Wholesale,0.0,Grace,6900.0,Debit Card,SAVE10,0,REG100581,Cust C5304,358.84,2023-03-21,2023-03-23,Marcus,Office Supplies,150.0,60.0,P10001,OfficePro Distro
2023-02-27,West,LED Desk Lamp,38,1980.0,Store D,Wholesale,0.1,Charlie,75240.0,Cash,BUNDLE15,0,REG100582,Cust C5051,1416.95,2023-02-27,2023-03-03,Elena,Furniture,2200.0,1000.0,P10008,FurnitureWorld Inc.
2023-01-31,South,Bookshelf,3,8075.0,Store C,Corporate,0.05,Frank,24225.0,UPI,NONE,0,REG100583,Cust C5032,680.76,2023-01-31,2023-02-03,Marcus,Furniture,8500.0,4200.0,P10012,FurnitureWorld Inc.
2024-01-14,South,Wireless Earbuds,6,6175.0,Store C,Wholesale,0.05,Alice,37050.0,UPI,NONE,1,REG100584,Cust C5244,2069.01,2024-01-14,2024-01-22,Marcus,Electronics,6500.0,3200.0,P10011,Global Tech Supplies
2024-08-03,South,4K Smart Monitor,3,23800.0,Store C,Retail,0.15,Grace,71400.0,Net Banking,SAVE10,0,REG100585,Cust C5014,1154.16,2024-08-03,2024-08-08,Marcus,Electronics,28000.0,15000.0,P10015,Global Tech Supplies
2023-08-07,West,A4 Printer Paper (500 Sheets),5,427.5,Store D,Retail,0.05,Frank,2137.5,UPI,NONE,0,REG100586,Cust C5324,1306.47,2023-08-07,2023-08-16,Elena,Office Supplies,450.0,220.0,P10004,OfficePro Distro
2024-11-07,North,Spiral Notebook,4,142.5,Store A,Corporate,0.05,Eva,570.0,Credit Card,SAVE10,0,REG100587,Cust C5282,559.91,2024-11-07,2024-11-13,Eric,Office Supplies,150.0,60.0,P10001,OfficePro Distro
2023-01-01,North,Laptop Backpack,5,2660.0,Store A,Retail,0.05,Grace,13300.0,Cash,BUNDLE15,0,REG100588,Cust C5138,1076.92,2023-01-01,2023-01-09,Eric,Accessories,2800.0,1200.0,P10009,SupplyCo Direct
2024-10-27,East,Sticky Notes Bundle,2,180.0,Store B,Retail,0.1,Alice,360.0,Debit Card,BUNDLE15,0,REG100589,Cust C5369,985.2,2024-10-27,2024-11-03,Sophie,Office Supplies,200.0,80.0,P10002,OfficePro Distro
2025-03-16,North,Smartphone,5,49500.0,Store A,Wholesale,0.1,Frank,247500.0,Credit Card,NONE,0,REG100590,Cust C5161,390.68,2025-03-16,2025-03-18,Eric,Electronics,55000.0,32000.0,P10018,Global Tech Supplies
2024-09-17,South,Gaming Laptop,4,90250.0,Store C,Retail,0.05,Bob,361000.0,Debit Card,BUNDLE15,1,REG100591,Cust C5399,1134.34,2024-09-17,2024-09-25,Marcus,Electronics,95000.0,58000.0,P10019,Global Tech Supplies
2023-02-20,West,Laser Printer,10,14800.0,Store D,Wholesale,0.2,David,148000.0,Debit Card,NONE,0,REG100592,Cust C5162,1064.86,2023-02-20,2023-02-27,Elena,Electronics,18500.0,9500.0,P10014,Global Tech Supplies
2023-11-14,East,USB Flash Drive 64GB,34,800.0,Store B,Wholesale,0.0,Frank,27200.0,Cash,BUNDLE15,0,REG100593,Cust C5134,1558.52,2023-11-14,2023-11-22,Sophie,Accessories,800.0,350.0,P10006,Global Tech Supplies
2025-05-23,South,Tablet,2,25600.0,Store C,Retail,0.2,Alice,51200.0,UPI,FREESHIP,0,REG100594,Cust C5255,1346.88,2025-05-23,2025-05-29,Marcus,Electronics,32000.0,18000.0,P10016,Global Tech Supplies
2023-02-26,West,A4 Printer Paper (500 Sheets),1,450.0,Store D,Corporate,0.0,Grace,450.0,Debit Card,FREESHIP,0,REG100595,Cust C5343,1505.3,2023-02-26,2023-03-05,Elena,Office Supplies,450.0,220.0,P10004,OfficePro Distro
2024-02-16,East,Sticky Notes Bundle,4,160.0,Store B,Corporate,0.2,Alice,640.0,Debit Card,FREESHIP,0,REG100596,Cust C5166,2155.64,2024-02-16,2024-02-25,Sophie,Office Supplies,200.0,80.0,P10002,OfficePro Distro
2023-10-13,South,Ballpoint Pen Pack,2,225.0,Store C,Corporate,0.1,Grace,450.0,UPI,BLACKFRIDAY,0,REG100597,Cust C5252,1922.06,2023-10-13,2023-10-17,Marcus,Office Supplies,250.0,100.0,P10003,OfficePro Distro
2023-03-08,North,Bookshelf,4,8075.0,Store A,Retail,0.05,David,32300.0,Credit Card,BUNDLE15,0,REG100598,Cust C5336,1738.89,2023-03-08,2023-03-15,Eric,Furniture,8500.0,4200.0,P10012,FurnitureWorld Inc.
2023-10-28,North,4K Smart Monitor,11,28000.0,Store A,Wholesale,0.0,Eva,308000.0,UPI,FREESHIP,0,REG100599,Cust C5340,1868.92,2023-10-28,2023-11-01,Eric,Electronics,28000.0,15000.0,P10015,Global Tech Supplies
2024-01-27,West,Spiral Notebook,1,127.5,Store D,Retail,0.15,Alice,127.5,Debit Card,SAVE10,0,REG100600,Cust C5273,301.41,2024-01-27,2024-02-06,Elena,Office Supplies,150.0,60.0,P10001,OfficePro Distro
2023-06-07,West,Gaming Laptop,4,80750.0,Store D,Corporate,0.15,Frank,323000.0,UPI,FREESHIP,0,REG100601,Cust C5053,1145.57,2023-06-07,2023-06-12,Elena,Electronics,95000.0,58000.0,P10019,Global Tech Supplies
2023-11-27,North,4K Smart Monitor,4,23800.0,Store A,Retail,0.15,Grace,95200.0,Net Banking,FREESHIP,0,REG100602,Cust C5352,231.98,2023-11-27,2023-11-29,Eric,Electronics,28000.0,15000.0,P10015,Global Tech Supplies
2023-01-06,North,A4 Printer Paper (500 Sheets),26,360.0,Store A,Wholesale,0.2,Charlie,9360.0,Debit Card,BUNDLE15,0,REG100603,Cust C5145,611.74,2023-01-06,2023-01-15,Eric,Office Supplies,450.0,220.0,P10004,OfficePro Distro
2024-05-09,West,Standing Desk,4,32300.0,Store D,Retail,0.15,Alice,129200.0,Cash,SAVE10,0,REG100604,Cust C5352,1322.64,2024-05-09,2024-05-18,Elena,Furniture,38000.0,20000.0,P10017,FurnitureWorld Inc.
2023-11-03,East,USB Flash Drive 64GB,10,760.0,Store B,Wholesale,0.05,Grace,7600.0,Credit Card,NONE,0,REG100605,Cust C5303,2386.56,2023-11-03,2023-11-06,Sophie,Accessories,800.0,350.0,P10006,Global Tech Supplies
2025-02-02,East,4K Smart Monitor,5,23800.0,Store B,Corporate,0.15,Grace,119000.0,Net Banking,FREESHIP,0,REG100606,Cust C5216,710.71,2025-02-02,2025-02-09,Sophie,Electronics,28000.0,15000.0,P10015,Global Tech Supplies
2023-06-24,North,Sticky Notes Bundle,47,160.0,Store A,Wholesale,0.2,Frank,7520.0,Net Banking,BUNDLE15,0,REG100607,Cust C5146,2059.34,2023-06-24,2023-06-26,Eric,Office Supplies,200.0,80.0,P10002,OfficePro Distro
2023-04-03,North,Smartphone,3,52250.0,Store A,Corporate,0.05,Alice,156750.0,Cash,SAVE10,0,REG100608,Cust C5066,1937.29,2023-04-03,2023-04-07,Eric,Electronics,55000.0,32000.0,P10018,Global Tech Supplies
2023-06-02,North,Spiral Notebook,14,150.0,Store A,Wholesale,0.0,Bob,2100.0,UPI,BUNDLE15,0,REG100609,Cust C5332,2154.78,2023-06-02,2023-06-09,Eric,Office Supplies,150.0,60.0,P10001,OfficePro Distro
2023-08-20,North,4K Smart Monitor,10,22400.0,Store A,Wholesale,0.2,Alice,224000.0,Debit Card,NONE,0,REG100610,Cust C5318,2235.5,2023-08-20,2023-08-27,Eric,Electronics,28000.0,15000.0,P10015,Global Tech Supplies
2024-03-22,North,Ergonomic Office Chair,4,11600.0,Store A,Retail,0.2,Eva,46400.0,Net Banking,SAVE10,0,REG100611,Cust C5177,2214.71,2024-03-22,2024-03-30,Eric,Furniture,14500.0,7500.0,P10013,FurnitureWorld Inc.
2025-03-10,East,Sticky Notes Bundle,5,170.0,Store B,Retail,0.15,Grace,850.0,UPI,BLACKFRIDAY,0,REG100612,Cust C5073,1322.81,2025-03-10,2025-03-17,Sophie,Office Supplies,200.0,80.0,P10002,OfficePro Distro
2024-01-04,South,Wireless Earbuds,4,6500.0,Store C,Corporate,0.0,Eva,26000.0,Net Banking,BLACKFRIDAY,0,REG100613,Cust C5009,1613.22,2024-01-04,2024-01-06,Marcus,Electronics,6500.0,3200.0,P10011,Global Tech Supplies
2025-04-22,East,4K Smart Monitor,13,28000.0,Store B,Wholesale,0.0,Charlie,364000.0,UPI,NONE,1,REG100614,Cust C5325,2303.97,2025-04-22,2025-05-02,Sophie,Electronics,28000.0,15000.0,P10015,Global Tech Supplies
2024-02-03,West,Spiral Notebook,5,135.0,Store D,Corporate,0.1,Grace,675.0,Cash,SAVE10,1,REG100615,Cust C5123,860.55,2024-02-03,2024-02-10,Elena,Office Supplies,150.0,60.0,P10001,OfficePro Distro
2024-03-16,South,Spiral Notebook,4,135.0,Store C,Retail,0.1,Eva,540.0,Net Banking,NONE,0,REG100616,Cust C5273,203.02,2024-03-16,2024-03-18,Marcus,Office Supplies,150.0,60.0,P10001,OfficePro Distro
2024-04-26,East,Gaming Laptop,3,95000.0,Store B,Corporate,0.0,Alice,285000.0,Debit Card,BLACKFRIDAY,0,REG100617,Cust C5312,850.1,2024-04-26,2024-05-03,Sophie,Electronics,95000.0,58000.0,P10019,Global Tech Supplies
2024-04-26,South,Sticky Notes Bundle,5,170.0,Store C,Retail,0.15,Grace,850.0,Net Banking,BUNDLE15,0,REG100618,Cust C5081,1526.98,2024-04-26,2024-04-28,Marcus,Office Supplies,200.0,80.0,P10002,OfficePro Distro
2023-01-05,East,A4 Printer Paper (500 Sheets),17,450.0,Store B,Wholesale,0.0,Charlie,7650.0,Net Banking,FREESHIP,0,REG100619,Cust C5279,2258.55,2023-01-05,2023-01-07,Sophie,Office Supplies,450.0,220.0,P10004,OfficePro Distro
2024-07-08,North,Wireless Mouse,3,1275.0,Store A,Retail,0.15,Eva,3825.0,Credit Card,BLACKFRIDAY,0,REG100620,Cust C5081,256.03,2024-07-08,2024-07-14,Eric,Accessories,1500.0,700.0,P10007,Global Tech Supplies
2023-06-17,West,Spiral Notebook,21,142.5,Store D,Wholesale,0.05,Bob,2992.5,Cash,FREESHIP,0,REG100621,Cust C5355,230.24,2023-06-17,2023-06-24,Elena,Office Supplies,150.0,60.0,P10001,OfficePro Distro
2023-04-30,North,Bookshelf,9,8075.0,Store A,Wholesale,0.05,Grace,72675.0,Net Banking,BLACKFRIDAY,0,REG100622,Cust C5047,1276.66,2023-04-30,2023-05-05,Eric,Furniture,8500.0,4200.0,P10012,FurnitureWorld Inc.
2025-01-06,North,Bookshelf,5,8075.0,Store A,Retail,0.05,Eva,40375.0,Debit Card,NONE,0,REG100623,Cust C5061,1916.2,2025-01-06,2025-01-13,Eric,Furniture,8500.0,4200.0,P10012,FurnitureWorld Inc.
2025-04-21,North,Bookshelf,1,8075.0,Store A,Retail,0.05,David,8075.0,Debit Card,NONE,1,REG100624,Cust C5001,2425.88,2025-04-21,2025-04-27,Eric,Furniture,8500.0,4200.0,P10012,FurnitureWorld Inc.
2023-12-06,North,Bookshelf,2,6800.0,Store A,Corporate,0.2,Bob,13600.0,Net Banking,BUNDLE15,0,REG100625,Cust C5395,697.42,2023-12-06,2023-12-14,Eric,Furniture,8500.0,4200.0,P10012,FurnitureWorld Inc.
2024-07-29,West,HDMI Cable,42,570.0,Store D,Wholesale,0.05,Bob,23940.0,UPI,BLACKFRIDAY,0,REG100626,Cust C5313,1270.58,2024-07-29,2024-08-04,Elena,Accessories,600.0,250.0,P10005,Global Tech Supplies
2025-05-21,East,Bookshelf,4,8500.0,Store B,Corporate,0.0,David,34000.0,Credit Card,BUNDLE15,0,REG100627,Cust C5187,2451.15,2025-05-21,2025-05-26,Sophie,Furniture,8500.0,4200.0,P10012,FurnitureWorld Inc.
2023-06-02,North,4K Smart Monitor,4,26600.0,Store A,Retail,0.05,Eva,106400.0,UPI,SAVE10,0,REG100628,Cust C5152,671.92,2023-06-02,2023-06-08,Eric,Electronics,28000.0,15000.0,P10015,Global Tech Supplies
2024-08-04,North,Smartphone,14,46750.0,Store A,Wholesale,0.15,David,654500.0,Debit Card,SAVE10,1,REG100629,Cust C5097,860.48,2024-08-04,2024-08-09,Eric,Electronics,55000.0,32000.0,P10018,Global Tech Supplies
2023-03-28,East,Bookshelf,5,7650.0,Store B,Corporate,0.1,Charlie,38250.0,Net Banking,BLACKFRIDAY,0,REG100630,Cust C5143,2442.39,2023-03-28,2023-04-03,Sophie,Furniture,8500.0,4200.0,P10012,FurnitureWorld Inc.
2025-02-11,North,Bookshelf,1,7650.0,Store A,Corporate,0.1,Frank,7650.0,Credit Card,NONE,0,REG100631,Cust C5195,2307.14,2025-02-11,2025-02-21,Eric,Furniture,8500.0,4200.0,P10012,FurnitureWorld Inc.
2025-06-17,West,Smartphone,1,52250.0,Store D,Retail,0.05,Charlie,52250.0,Credit Card,SAVE10,0,REG100632,Cust C5004,496.07,2025-06-17,2025-06-25,Elena,Electronics,55000.0,32000.0,P10018,Global Tech Supplies
2023-04-17,East,LED Desk Lamp,3,2090.0,Store B,Retail,0.05,Frank,6270.0,Credit Card,BUNDLE15,0,REG100633,Cust C5371,262.32,2023-04-17,2023-04-25,Sophie,Furniture,2200.0,1000.0,P10008,FurnitureWorld Inc.
2025-03-07,North,Spiral Notebook,4,120.0,Store A,Retail,0.2,Eva,480.0,Debit Card,BUNDLE15,0,REG100634,Cust C5219,2336.42,2025-03-07,2025-03-13,Eric,Office Supplies,150.0,60.0,P10001,OfficePro Distro
2024-02-03,East,Tablet,4,30400.0,Store B,Corporate,0.05,Eva,121600.0,Cash,BUNDLE15,1,REG100635,Cust C5375,923.3,2024-02-03,2024-02-05,Sophie,Electronics,32000.0,18000.0,P10016,Global Tech Supplies
2024-05-30,West,Wireless Mouse,41,1425.0,Store D,Wholesale,0.05,Grace,58425.0,Cash,BLACKFRIDAY,1,REG100636,Cust C5029,645.12,2024-05-30,2024-06-01,Elena,Accessories,1500.0,700.0,P10007,Global Tech Supplies
2023-07-14,East,HDMI Cable,1,510.0,Store B,Corporate,0.15,Eva,510.0,Credit Card,FREESHIP,0,REG100637,Cust C5297,414.75,2023-07-14,2023-07-16,Sophie,Accessories,600.0,250.0,P10005,Global Tech Supplies
2024-01-06,West,Sticky Notes Bundle,2,170.0,Store D,Corporate,0.15,Eva,340.0,Net Banking,SAVE10,0,REG100638,Cust C5288,439.92,2024-01-06,2024-01-09,Elena,Office Supplies,200.0,80.0,P10002,OfficePro Distro
2024-06-01,East,Standing Desk,14,30400.0,Store B,Wholesale,0.2,David,425600.0,Net Banking,BLACKFRIDAY,0,REG100639,Cust C5007,1090.58,2024-06-01,2024-06-04,Sophie,Furniture,38000.0,20000.0,P10017,FurnitureWorld Inc.
2025-06-15,North,Standing Desk,5,30400.0,Store A,Wholesale,0.2,Charlie,152000.0,Credit Card,BLACKFRIDAY,0,REG100640,Cust C5083,916.63,2025-06-15,2025-06-19,Eric,Furniture,38000.0,20000.0,P10017,FurnitureWorld Inc.
2024-05-30,South,Ergonomic Office Chair,6,11600.0,Store C,Wholesale,0.2,Bob,69600.0,Credit Card,FREESHIP,0,REG100641,Cust C5305,1758.52,2024-05-30,2024-06-01,Marcus,Furniture,14500.0,7500.0,P10013,FurnitureWorld Inc.
2023-01-09,West,4K Smart Monitor,5,28000.0,Store D,Retail,0.0,Charlie,140000.0,Cash,NONE,0,REG100642,Cust C5108,343.26,2023-01-09,2023-01-14,Elena,Electronics,28000.0,15000.0,P10015,Global Tech Supplies
2023-09-21,South,Bookshelf,14,6800.0,Store C,Wholesale,0.2,Eva,95200.0,Credit Card,SAVE10,0,REG100643,Cust C5139,302.41,2023-09-21,2023-10-01,Marcus,Furniture,8500.0,4200.0,P10012,FurnitureWorld Inc.
2024-12-09,West,Wireless Earbuds,4,6175.0,Store D,Corporate,0.05,Bob,24700.0,UPI,BLACKFRIDAY,0,REG100644,Cust C5051,337.72,2024-12-09,2024-12-18,Elena,Electronics,6500.0,3200.0,P10011,Global Tech Supplies
2025-02-04,West,Laser Printer,10,18500.0,Store D,Wholesale,0.0,Eva,185000.0,Net Banking,FREESHIP,0,REG100645,Cust C5310,2320.37,2025-02-04,2025-02-12,Elena,Electronics,18500.0,9500.0,P10014,Global Tech Supplies
2025-01-12,West,Spiral Notebook,4,142.5,Store D,Retail,0.05,Grace,570.0,Debit Card,SAVE10,0,REG100646,Cust C5328,1405.29,2025-01-12,2025-01-22,Elena,Office Supplies,150.0,60.0,P10001,OfficePro Distro
2025-01-22,West,HDMI Cable,1,510.0,Store D,Corporate,0.15,Charlie,510.0,Debit Card,BUNDLE15,0,REG100647,Cust C5041,860.86,2025-01-22,2025-02-01,Elena,Accessories,600.0,250.0,P10005,Global Tech Supplies
2024-10-08,East,A4 Printer Paper (500 Sheets),3,450.0,Store B,Retail,0.0,Grace,1350.0,Net Banking,FREESHIP,0,REG100648,Cust C5061,2082.66,2024-10-08,2024-10-17,Sophie,Office Supplies,450.0,220.0,P10004,OfficePro Distro
2024-05-07,South,HDMI Cable,2,540.0,Store C,Corporate,0.1,David,1080.0,Cash,SAVE10,0,REG100649,Cust C5056,651.7,2024-05-07,2024-05-13,Marcus,Accessories,600.0,250.0,P10005,Global Tech Supplies
2024-10-26,South,Sticky Notes Bundle,18,170.0,Store C,Wholesale,0.15,Grace,3060.0,UPI,BUNDLE15,0,REG100650,Cust C5158,273.66,2024-10-26,2024-11-04,Marcus,Office Supplies,200.0,80.0,P10002,OfficePro Distro
2023-01-14,South,Ergonomic Office Chair,12,12325.0,Store C,Wholesale,0.15,Bob,147900.0,UPI,BLACKFRIDAY,0,REG100651,Cust C5197,876.9,2023-01-14,2023-01-17,Marcus,Furniture,14500.0,7500.0,P10013,FurnitureWorld Inc.
2025-05-12,South,Tablet,10,30400.0,Store C,Wholesale,0.05,Grace,304000.0,Debit Card,SAVE10,0,REG100652,Cust C5339,2276.81,2025-05-12,2025-05-20,Marcus,Electronics,32000.0,18000.0,P10016,Global Tech Supplies
2024-02-16,West,Smartphone,2,44000.0,Store D,Retail,0.2,David,88000.0,Credit Card,SAVE10,1,REG100653,Cust C5028,1516.87,2024-02-16,2024-02-25,Elena,Electronics,55000.0,32000.0,P10018,Global Tech Supplies
2024-09-22,West,Laser Printer,1,15725.0,Store D,Retail,0.15,Charlie,15725.0,UPI,SAVE10,0,REG100654,Cust C5396,427.45,2024-09-22,2024-09-28,Elena,Electronics,18500.0,9500.0,P10014,Global Tech Supplies
2024-07-24,East,4K Smart Monitor,5,22400.0,Store B,Corporate,0.2,Eva,112000.0,Credit Card,SAVE10,0,REG100655,Cust C5121,702.85,2024-07-24,2024-08-01,Sophie,Electronics,28000.0,15000.0,P10015,Global Tech Supplies
2023-05-22,West,Standing Desk,11,34200.0,Store D,Wholesale,0.1,David,376200.0,Credit Card,BLACKFRIDAY,0,REG100656,Cust C5378,1693.12,2023-05-22,2023-05-26,Elena,Furniture,38000.0,20000.0,P10017,FurnitureWorld Inc.
2023-03-03,North,Laser Printer,10,15725.0,Store A,Wholesale,0.15,Eva,157250.0,UPI,BLACKFRIDAY,0,REG100657,Cust C5328,1343.65,2023-03-03,2023-03-08,Eric,Electronics,18500.0,9500.0,P10014,Global Tech Supplies
2024-10-29,West,Wireless Mouse,5,1350.0,Store D,Corporate,0.1,David,6750.0,Credit Card,FREESHIP,0,REG100658,Cust C5074,570.14,2024-10-29,2024-11-01,Elena,Accessories,1500.0,700.0,P10007,Global Tech Supplies
2023-02-23,North,Ergonomic Office Chair,4,12325.0,Store A,Retail,0.15,Frank,49300.0,UPI,BLACKFRIDAY,0,REG100659,Cust C5199,2182.08,2023-02-23,2023-02-26,Eric,Furniture,14500.0,7500.0,P10013,FurnitureWorld Inc.
2024-09-11,South,Ballpoint Pen Pack,1,250.0,Store C,Corporate,0.0,David,250.0,Net Banking,FREESHIP,0,REG100660,Cust C5054,308.0,2024-09-11,2024-09-13,Marcus,Office Supplies,250.0,100.0,P10003,OfficePro Distro
2023-11-13,South,Gaming Laptop,5,90250.0,Store C,Wholesale,0.05,Eva,451250.0,Debit Card,BUNDLE15,0,REG100661,Cust C5242,325.76,2023-11-13,2023-11-20,Marcus,Electronics,95000.0,58000.0,P10019,Global Tech Supplies
2025-06-01,South,Tablet,2,28800.0,Store C,Retail,0.1,Charlie,57600.0,Cash,BLACKFRIDAY,0,REG100662,Cust C5066,2089.09,2025-06-01,2025-06-05,Marcus,Electronics,32000.0,18000.0,P10016,Global Tech Supplies
2023-02-27,East,4K Smart Monitor,1,26600.0,Store B,Retail,0.05,Charlie,26600.0,Net Banking,BLACKFRIDAY,0,REG100663,Cust C5203,1146.83,2023-02-27,2023-03-08,Sophie,Electronics,28000.0,15000.0,P10015,Global Tech Supplies
2023-03-02,West,Sticky Notes Bundle,1,170.0,Store D,Corporate,0.15,Alice,170.0,Credit Card,FREESHIP,0,REG100664,Cust C5253,2188.42,2023-03-02,2023-03-12,Elena,Office Supplies,200.0,80.0,P10002,OfficePro Distro
2023-02-04,South,HDMI Cable,21,540.0,Store C,Wholesale,0.1,David,11340.0,Debit Card,SAVE10,0,REG100665,Cust C5234,539.7,2023-02-04,2023-02-06,Marcus,Accessories,600.0,250.0,P10005,Global Tech Supplies
2025-02-20,South,Gaming Laptop,11,90250.0,Store C,Wholesale,0.05,Alice,992750.0,Debit Card,SAVE10,0,REG100666,Cust C5182,1749.52,2025-02-20,2025-02-28,Marcus,Electronics,95000.0,58000.0,P10019,Global Tech Supplies
2023-03-23,South,Tablet,7,32000.0,Store C,Wholesale,0.0,Eva,224000.0,Debit Card,SAVE10,0,REG100667,Cust C5358,1369.19,2023-03-23,2023-03-26,Marcus,Electronics,32000.0,18000.0,P10016,Global Tech Supplies
2023-12-18,West,Smartphone,4,44000.0,Store D,Corporate,0.2,Frank,176000.0,Credit Card,NONE,0,REG100668,Cust C5288,2322.99,2023-12-18,2023-12-25,Elena,Electronics,55000.0,32000.0,P10018,Global Tech Supplies
2025-06-21,South,Ballpoint Pen Pack,2,200.0,Store C,Retail,0.2,Grace,400.0,UPI,BUNDLE15,0,REG100669,Cust C5025,1954.21,2025-06-21,2025-06-28,Marcus,Office Supplies,250.0,100.0,P10003,OfficePro Distro
2023-01-21,East,Laptop Backpack,5,2660.0,Store B,Corporate,0.05,Frank,13300.0,Debit Card,FREESHIP,0,REG100670,Cust C5234,2406.97,2023-01-21,2023-01-26,Sophie,Accessories,2800.0,1200.0,P10009,SupplyCo Direct
2023-08-22,East,Mechanical Keyboard,3,4050.0,Store B,Corporate,0.1,David,12150.0,Net Banking,FREESHIP,0,REG100671,Cust C5268,1761.94,2023-08-22,2023-08-26,Sophie,Electronics,4500.0,2200.0,P10010,Global Tech Supplies
2025-05-27,South,Sticky Notes Bundle,26,190.0,Store C,Wholesale,0.05,David,4940.0,Debit Card,BLACKFRIDAY,0,REG100672,Cust C5391,1663.47,2025-05-27,2025-06-05,Marcus,Office Supplies,200.0,80.0,P10002,OfficePro Distro
2024-11-08,East,Standing Desk,1,30400.0,Store B,Retail,0.2,Grace,30400.0,UPI,NONE,0,REG100673,Cust C5321,1143.17,2024-11-08,2024-11-14,Sophie,Furniture,38000.0,20000.0,P10017,FurnitureWorld Inc.
2024-07-26,West,Gaming Laptop,14,90250.0,Store D,Wholesale,0.05,Eva,1263500.0,Credit Card,NONE,0,REG100674,Cust C5296,1368.08,2024-07-26,2024-08-01,Elena,Electronics,95000.0,58000.0,P10019,Global Tech Supplies
2023-05-05,East,Laptop Backpack,4,2660.0,Store B,Corporate,0.05,Eva,10640.0,Net Banking,NONE,1,REG100675,Cust C5178,1017.64,2023-05-05,2023-05-09,Sophie,Accessories,2800.0,1200.0,P10009,SupplyCo Direct
2024-06-12,South,USB Flash Drive 64GB,3,720.0,Store C,Retail,0.1,Eva,2160.0,UPI,FREESHIP,0,REG100676,Cust C5293,1280.02,2024-06-12,2024-06-15,Marcus,Accessories,800.0,350.0,P10006,Global Tech Supplies
2023-08-23,South,Standing Desk,4,34200.0,Store C,Corporate,0.1,Frank,136800.0,Credit Card,SAVE10,0,REG100677,Cust C5059,1005.64,2023-08-23,2023-08-29,Marcus,Furniture,38000.0,20000.0,P10017,FurnitureWorld Inc.
2023-02-27,South,Laptop Backpack,5,2800.0,Store C,Corporate,0.0,Grace,14000.0,Credit Card,NONE,0,REG100678,Cust C5212,1976.0,2023-02-27,2023-03-08,Marcus,Accessories,2800.0,1200.0,P10009,SupplyCo Direct
2024-09-16,South,LED Desk Lamp,4,1980.0,Store C,Retail,0.1,Charlie,7920.0,Debit Card,BLACKFRIDAY,0,REG100679,Cust C5335,1441.72,2024-09-16,2024-09-22,Marcus,Furniture,2200.0,1000.0,P10008,FurnitureWorld Inc.
2024-12-08,East,Tablet,2,25600.0,Store B,Retail,0.2,Grace,51200.0,UPI,SAVE10,0,REG100680,Cust C5051,368.65,2024-12-08,2024-12-11,Sophie,Electronics,32000.0,18000.0,P10016,Global Tech Supplies
2024-11-06,North,HDMI Cable,3,540.0,Store A,Retail,0.1,Eva,1620.0,Cash,BLACKFRIDAY,0,REG100681,Cust C5253,803.92,2024-11-06,2024-11-16,Eric,Accessories,600.0,250.0,P10005,Global Tech Supplies
2023-02-23,West,4K Smart Monitor,1,25200.0,Store D,Retail,0.1,Charlie,25200.0,UPI,BUNDLE15,0,REG100682,Cust C5318,1221.08,2023-02-23,2023-03-04,Elena,Electronics,28000.0,15000.0,P10015,Global Tech Supplies
2023-07-09,East,Ergonomic Office Chair,9,13775.0,Store B,Wholesale,0.05,Bob,123975.0,Credit Card,BUNDLE15,0,REG100683,Cust C5390,1841.73,2023-07-09,2023-07-18,Sophie,Furniture,14500.0,7500.0,P10013,FurnitureWorld Inc.
2025-02-26,North,HDMI Cable,1,480.0,Store A,Corporate,0.2,Alice,480.0,Net Banking,BLACKFRIDAY,0,REG100684,Cust C5251,787.27,2025-02-26,2025-03-07,Eric,Accessories,600.0,250.0,P10005,Global Tech Supplies
2024-09-10,West,LED Desk Lamp,31,1870.0,Store D,Wholesale,0.15,Bob,57970.0,Cash,BLACKFRIDAY,0,REG100685,Cust C5333,575.09,2024-09-10,2024-09-20,Elena,Furniture,2200.0,1000.0,P10008,FurnitureWorld Inc.
2024-08-02,West,Wireless Mouse,3,1350.0,Store D,Corporate,0.1,Grace,4050.0,Cash,BLACKFRIDAY,0,REG100686,Cust C5055,837.35,2024-08-02,2024-08-05,Elena,Accessories,1500.0,700.0,P10007,Global Tech Supplies
2024-04-08,South,Standing Desk,4,36100.0,Store C,Corporate,0.05,Eva,144400.0,UPI,NONE,0,REG100687,Cust C5380,2059.72,2024-04-08,2024-04-12,Marcus,Furniture,38000.0,20000.0,P10017,FurnitureWorld Inc.
2023-11-20,North,Bookshelf,3,7225.0,Store A,Retail,0.15,Grace,21675.0,Net Banking,NONE,0,REG100688,Cust C5278,1226.57,2023-11-20,2023-11-27,Eric,Furniture,8500.0,4200.0,P10012,FurnitureWorld Inc.
2023-07-17,East,Wireless Earbuds,5,5525.0,Store B,Retail,0.15,Alice,27625.0,Credit Card,FREESHIP,0,REG100689,Cust C5116,2363.8,2023-07-17,2023-07-22,Sophie,Electronics,6500.0,3200.0,P10011,Global Tech Supplies
2025-06-19,West,Wireless Earbuds,1,5525.0,Store D,Corporate,0.15,Charlie,5525.0,UPI,SAVE10,0,REG100690,Cust C5194,2176.55,2025-06-19,2025-06-22,Elena,Electronics,6500.0,3200.0,P10011,Global Tech Supplies
2025-03-15,North,Spiral Notebook,5,127.5,Store A,Retail,0.15,Eva,637.5,Cash,FREESHIP,0,REG100691,Cust C5339,1175.55,2025-03-15,2025-03-17,Eric,Office Supplies,150.0,60.0,P10001,OfficePro Distro
2023-02-27,West,Standing Desk,15,38000.0,Store D,Wholesale,0.0,Bob,570000.0,Cash,NONE,0,REG100692,Cust C5166,488.04,2023-02-27,2023-03-01,Elena,Furniture,38000.0,20000.0,P10017,FurnitureWorld Inc.
2023-04-08,East,Laser Printer,12,17575.0,Store B,Wholesale,0.05,Eva,210900.0,Credit Card,SAVE10,0,REG100693,Cust C5196,2119.78,2023-04-08,2023-04-10,Sophie,Electronics,18500.0,9500.0,P10014,Global Tech Supplies
2024-12-26,East,4K Smart Monitor,7,23800.0,Store B,Wholesale,0.15,Frank,166600.0,Cash,BUNDLE15,0,REG100694,Cust C5263,611.67,2024-12-26,2025-01-04,Sophie,Electronics,28000.0,15000.0,P10015,Global Tech Supplies
2025-02-03,North,Ballpoint Pen Pack,2,225.0,Store A,Retail,0.1,Grace,450.0,UPI,BUNDLE15,0,REG100695,Cust C5068,1439.84,2025-02-03,2025-02-10,Eric,Office Supplies,250.0,100.0,P10003,OfficePro Distro
2023-11-14,North,Wireless Mouse,27,1200.0,Store A,Wholesale,0.2,Eva,32400.0,Cash,BUNDLE15,0,REG100696,Cust C5058,2061.19,2023-11-14,2023-11-20,Eric,Accessories,1500.0,700.0,P10007,Global Tech Supplies
2023-06-30,West,Wireless Earbuds,5,6175.0,Store D,Corporate,0.05,Frank,30875.0,Credit Card,BUNDLE15,0,REG100697,Cust C5294,839.29,2023-06-30,2023-07-06,Elena,Electronics,6500.0,3200.0,P10011,Global Tech Supplies
2024-04-06,South,Ballpoint Pen Pack,5,212.5,Store C,Corporate,0.15,David,1062.5,UPI,FREESHIP,0,REG100698,Cust C5331,962.25,2024-04-06,2024-04-11,Marcus,Office Supplies,250.0,100.0,P10003,OfficePro Distro
2023-12-24,East,Smartphone,1,55000.0,Store B,Corporate,0.0,Frank,55000.0,Cash,BUNDLE15,0,REG100699,Cust C5045,2356.71,2023-12-24,2023-12-27,Sophie,Electronics,55000.0,32000.0,P10018,Global Tech Supplies
2023-12-30,West,Spiral Notebook,33,135.0,Store D,Wholesale,0.1,Eva,4455.0,Net Banking,BUNDLE15,0,REG100700,Cust C5039,1152.78,2023-12-30,2024-01-02,Elena,Office Supplies,150.0,60.0,P10001,OfficePro Distro
2023-04-05,North,Ergonomic Office Chair,2,13050.0,Store A,Retail,0.1,Grace,26100.0,UPI,NONE,1,REG100701,Cust C5000,825.85,2023-04-05,2023-04-12,Eric,Furniture,14500.0,7500.0,P10013,FurnitureWorld Inc.
2023-12-17,South,Ergonomic Office Chair,12,13050.0,Store C,Wholesale,0.1,Grace,156600.0,Net Banking,FREESHIP,0,REG100702,Cust C5328,1051.33,2023-12-17,2023-12-26,Marcus,Furniture,14500.0,7500.0,P10013,FurnitureWorld Inc.
2024-08-25,East,Wireless Mouse,15,1350.0,Store B,Wholesale,0.1,Alice,20250.0,Net Banking,BLACKFRIDAY,0,REG100703,Cust C5172,1958.38,2024-08-25,2024-09-03,Sophie,Accessories,1500.0,700.0,P10007,Global Tech Supplies
2023-09-05,East,Spiral Notebook,3,120.0,Store B,Retail,0.2,Grace,360.0,Credit Card,NONE,0,REG100704,Cust C5218,2249.76,2023-09-05,2023-09-10,Sophie,Office Supplies,150.0,60.0,P10001,OfficePro Distro
2025-06-03,North,Tablet,3,27200.0,Store A,Retail,0.15,Bob,81600.0,UPI,FREESHIP,0,REG100705,Cust C5236,706.69,2025-06-03,2025-06-11,Eric,Electronics,32000.0,18000.0,P10016,Global Tech Supplies
2024-07-10,East,Mechanical Keyboard,6,3600.0,Store B,Wholesale,0.2,Bob,21600.0,Cash,SAVE10,0,REG100706,Cust C5213,1660.37,2024-07-10,2024-07-12,Sophie,Electronics,4500.0,2200.0,P10010,Global Tech Supplies
2023-04-25,West,Gaming Laptop,1,80750.0,Store D,Retail,0.15,David,80750.0,Net Banking,NONE,0,REG100707,Cust C5025,2174.82,2023-04-25,2023-05-02,Elena,Electronics,95000.0,58000.0,P10019,Global Tech Supplies
2024-03-19,East,Sticky Notes Bundle,5,180.0,Store B,Retail,0.1,Alice,900.0,Net Banking,BLACKFRIDAY,0,REG100708,Cust C5060,334.79,2024-03-19,2024-03-28,Sophie,Office Supplies,200.0,80.0,P10002,OfficePro Distro
2024-09-15,West,Tablet,1,30400.0,Store D,Corporate,0.05,David,30400.0,Net Banking,NONE,0,REG100709,Cust C5145,1567.17,2024-09-15,2024-09-23,Elena,Electronics,32000.0,18000.0,P10016,Global Tech Supplies
2024-07-16,North,Ergonomic Office Chair,11,11600.0,Store A,Wholesale,0.2,Bob,127600.0,Cash,BLACKFRIDAY,0,REG100710,Cust C5076,2103.01,2024-07-16,2024-07-25,Eric,Furniture,14500.0,7500.0,P10013,FurnitureWorld Inc.
2024-07-08,West,Standing Desk,12,32300.0,Store D,Wholesale,0.15,Eva,387600.0,Cash,SAVE10,0,REG100711,Cust C5276,2153.88,2024-07-08,2024-07-18,Elena,Furniture,38000.0,20000.0,P10017,FurnitureWorld Inc.
2023-12-23,West,Wireless Mouse,5,1275.0,Store D,Corporate,0.15,David,6375.0,Debit Card,BLACKFRIDAY,0,REG100712,Cust C5090,1779.09,2023-12-23,2023-12-31,Elena,Accessories,1500.0,700.0,P10007,Global Tech Supplies
2025-06-12,North,LED Desk Lamp,1,1870.0,Store A,Corporate,0.15,David,1870.0,Debit Card,BLACKFRIDAY,1,REG100713,Cust C5131,2268.58,2025-06-12,2025-06-14,Eric,Furniture,2200.0,1000.0,P10008,FurnitureWorld Inc.
2025-04-11,North,Spiral Notebook,4,127.5,Store A,Retail,0.15,Frank,510.0,UPI,NONE,0,REG100714,Cust C5372,2173.16,2025-04-11,2025-04-16,Eric,Office Supplies,150.0,60.0,P10001,OfficePro Distro
2025-02-22,West,Ergonomic Office Chair,1,13050.0,Store D,Retail,0.1,Bob,13050.0,Debit Card,BUNDLE15,0,REG100715,Cust C5273,1432.11,2025-02-22,2025-03-04,Elena,Furniture,14500.0,7500.0,P10013,FurnitureWorld Inc.
2024-04-05,East,A4 Printer Paper (500 Sheets),13,405.0,Store B,Wholesale,0.1,Frank,5265.0,Credit Card,SAVE10,0,REG100716,Cust C5343,1506.17,2024-04-05,2024-04-08,Sophie,Office Supplies,450.0,220.0,P10004,OfficePro Distro
2024-10-16,West,Bookshelf,6,6800.0,Store D,Wholesale,0.2,Frank,40800.0,Cash,NONE,0,REG100717,Cust C5060,2031.51,2024-10-16,2024-10-21,Elena,Furniture,8500.0,4200.0,P10012,FurnitureWorld Inc.
2024-12-27,North,Standing Desk,5,30400.0,Store A,Wholesale,0.2,Eva,152000.0,UPI,FREESHIP,0,REG100718,Cust C5225,260.57,2024-12-27,2025-01-01,Eric,Furniture,38000.0,20000.0,P10017,FurnitureWorld Inc.
2024-09-04,South,Mechanical Keyboard,5,4050.0,Store C,Retail,0.1,Eva,20250.0,Credit Card,BLACKFRIDAY,0,REG100719,Cust C5050,349.29,2024-09-04,2024-09-10,Marcus,Electronics,4500.0,2200.0,P10010,Global Tech Supplies
2024-07-27,West,HDMI Cable,5,600.0,Store D,Corporate,0.0,David,3000.0,Cash,BLACKFRIDAY,0,REG100720,Cust C5082,2448.02,2024-07-27,2024-07-30,Elena,Accessories,600.0,250.0,P10005,Global Tech Supplies
2024-11-25,West,Standing Desk,5,32300.0,Store D,Corporate,0.15,Charlie,161500.0,UPI,BUNDLE15,0,REG100721,Cust C5149,367.01,2024-11-25,2024-11-27,Elena,Furniture,38000.0,20000.0,P10017,FurnitureWorld Inc.
2023-04-09,West,Laser Printer,15,15725.0,Store D,Wholesale,0.15,Charlie,235875.0,Credit Card,NONE,0,REG100722,Cust C5311,549.86,2023-04-09,2023-04-12,Elena,Electronics,18500.0,9500.0,P10014,Global Tech Supplies
2024-07-24,North,Tablet,10,25600.0,Store A,Wholesale,0.2,Frank,256000.0,UPI,FREESHIP,0,REG100723,Cust C5143,1475.05,2024-07-24,2024-07-26,Eric,Electronics,32000.0,18000.0,P10016,Global Tech Supplies
2024-12-29,West,Tablet,2,27200.0,Store D,Corporate,0.15,Alice,54400.0,Credit Card,NONE,0,REG100724,Cust C5003,855.2,2024-12-29,2025-01-05,Elena,Electronics,32000.0,18000.0,P10016,Global Tech Supplies
2025-02-03,North,Bookshelf,12,8500.0,Store A,Wholesale,0.0,Eva,102000.0,Net Banking,SAVE10,0,REG100725,Cust C5285,999.36,2025-02-03,2025-02-13,Eric,Furniture,8500.0,4200.0,P10012,FurnitureWorld Inc.
2024-10-10,South,Mechanical Keyboard,15,4050.0,Store C,Wholesale,0.1,Charlie,60750.0,Cash,FREESHIP,0,REG100726,Cust C5312,2407.31,2024-10-10,2024-10-19,Marcus,Electronics,4500.0,2200.0,P10010,Global Tech Supplies
2024-01-07,East,Wireless Mouse,1,1200.0,Store B,Corporate,0.2,Grace,1200.0,Net Banking,SAVE10,0,REG100727,Cust C5069,390.33,2024-01-07,2024-01-10,Sophie,Accessories,1500.0,700.0,P10007,Global Tech Supplies
2024-03-29,East,HDMI Cable,1,510.0,Store B,Corporate,0.15,Charlie,510.0,Credit Card,BUNDLE15,0,REG100728,Cust C5295,1422.46,2024-03-29,2024-04-07,Sophie,Accessories,600.0,250.0,P10005,Global Tech Supplies
2025-01-29,South,LED Desk Lamp,27,2090.0,Store C,Wholesale,0.05,Alice,56430.0,Credit Card,BLACKFRIDAY,0,REG100729,Cust C5093,788.96,2025-01-29,2025-02-05,Marcus,Furniture,2200.0,1000.0,P10008,FurnitureWorld Inc.
2023-11-17,North,A4 Printer Paper (500 Sheets),48,382.5,Store A,Wholesale,0.15,Frank,18360.0,Debit Card,NONE,0,REG100730,Cust C5051,835.87,2023-11-17,2023-11-24,Eric,Office Supplies,450.0,220.0,P10004,OfficePro Distro
2024-01-13,South,Smartphone,4,52250.0,Store C,Retail,0.05,Grace,209000.0,Credit Card,BLACKFRIDAY,0,REG100731,Cust C5258,1031.72,2024-01-13,2024-01-18,Marcus,Electronics,55000.0,32000.0,P10018,Global Tech Supplies
2023-11-24,West,A4 Printer Paper (500 Sheets),24,427.5,Store D,Wholesale,0.05,Charlie,10260.0,Credit Card,NONE,0,REG100732,Cust C5120,538.58,2023-11-24,2023-11-28,Elena,Office Supplies,450.0,220.0,P10004,OfficePro Distro
2025-03-27,South,Gaming Laptop,3,80750.0,Store C,Corporate,0.15,Eva,242250.0,UPI,BUNDLE15,0,REG100733,Cust C5084,2369.22,2025-03-27,2025-04-05,Marcus,Electronics,95000.0,58000.0,P10019,Global Tech Supplies
2023-01-20,South,LED Desk Lamp,30,1980.0,Store C,Wholesale,0.1,Eva,59400.0,UPI,FREESHIP,0,REG100734,Cust C5368,1973.98,2023-01-20,2023-01-22,Marcus,Furniture,2200.0,1000.0,P10008,FurnitureWorld Inc.
2023-02-12,South,USB Flash Drive 64GB,2,640.0,Store C,Corporate,0.2,Charlie,1280.0,Debit Card,BLACKFRIDAY,0,REG100735,Cust C5095,1394.6,2023-02-12,2023-02-21,Marcus,Accessories,800.0,350.0,P10006,Global Tech Supplies
2025-06-07,East,USB Flash Drive 64GB,2,680.0,Store B,Retail,0.15,Grace,1360.0,Cash,BUNDLE15,0,REG100736,Cust C5184,1649.08,2025-06-07,2025-06-16,Sophie,Accessories,800.0,350.0,P10006,Global Tech Supplies
2024-06-20,North,Ergonomic Office Chair,13,13050.0,Store A,Wholesale,0.1,Bob,169650.0,Net Banking,SAVE10,0,REG100737,Cust C5346,505.85,2024-06-20,2024-06-22,Eric,Furniture,14500.0,7500.0,P10013,FurnitureWorld Inc.
2024-04-16,West,Ballpoint Pen Pack,1,250.0,Store D,Retail,0.0,Frank,250.0,Net Banking,NONE,1,REG100738,Cust C5069,1051.21,2024-04-16,2024-04-23,Elena,Office Supplies,250.0,100.0,P10003,OfficePro Distro
2025-02-24,South,Wireless Mouse,40,1275.0,Store C,Wholesale,0.15,David,51000.0,Cash,BLACKFRIDAY,0,REG100739,Cust C5387,2327.21,2025-02-24,2025-02-27,Marcus,Accessories,1500.0,700.0,P10007,Global Tech Supplies
2025-01-23,East,Laser Printer,4,17575.0,Store B,Retail,0.05,Eva,70300.0,Net Banking,NONE,0,REG100740,Cust C5300,2471.48,2025-01-23,2025-02-01,Sophie,Electronics,18500.0,9500.0,P10014,Global Tech Supplies
2024-06-02,East,Wireless Earbuds,5,5200.0,Store B,Corporate,0.2,Grace,26000.0,Credit Card,SAVE10,0,REG100741,Cust C5038,1898.79,2024-06-02,2024-06-06,Sophie,Electronics,6500.0,3200.0,P10011,Global Tech Supplies
2025-03-31,West,LED Desk Lamp,22,1980.0,Store D,Wholesale,0.1,Grace,43560.0,Net Banking,FREESHIP,0,REG100742,Cust C5249,1946.77,2025-03-31,2025-04-07,Elena,Furniture,2200.0,1000.0,P10008,FurnitureWorld Inc.
2023-06-12,North,Wireless Earbuds,7,6175.0,Store A,Wholesale,0.05,Frank,43225.0,Credit Card,FREESHIP,0,REG100743,Cust C5277,552.34,2023-06-12,2023-06-19,Eric,Electronics,6500.0,3200.0,P10011,Global Tech Supplies
2025-03-30,South,Laptop Backpack,4,2240.0,Store C,Corporate,0.2,Alice,8960.0,Net Banking,NONE,0,REG100744,Cust C5265,480.65,2025-03-30,2025-04-03,Marcus,Accessories,2800.0,1200.0,P10009,SupplyCo Direct
2025-01-16,North,Ergonomic Office Chair,2,11600.0,Store A,Corporate,0.2,Charlie,23200.0,UPI,NONE,1,REG100745,Cust C5134,1591.99,2025-01-16,2025-01-24,Eric,Furniture,14500.0,7500.0,P10013,FurnitureWorld Inc.
2024-06-15,East,Standing Desk,1,36100.0,Store B,Corporate,0.05,Eva,36100.0,Net Banking,NONE,0,REG100746,Cust C5298,1076.61,2024-06-15,2024-06-19,Sophie,Furniture,38000.0,20000.0,P10017,FurnitureWorld Inc.
2024-06-03,West,USB Flash Drive 64GB,1,680.0,Store D,Corporate,0.15,David,680.0,Credit Card,NONE,0,REG100747,Cust C5125,1925.46,2024-06-03,2024-06-10,Elena,Accessories,800.0,350.0,P10006,Global Tech Supplies
2023-06-30,West,Wireless Earbuds,5,6500.0,Store D,Corporate,0.0,Alice,32500.0,Credit Card,SAVE10,0,REG100748,Cust C5153,1081.63,2023-06-30,2023-07-07,Elena,Electronics,6500.0,3200.0,P10011,Global Tech Supplies
2024-11-24,North,Smartphone,4,44000.0,Store A,Corporate,0.2,Alice,176000.0,UPI,NONE,0,REG100749,Cust C5268,1953.81,2024-11-24,2024-12-04,Eric,Electronics,55000.0,32000.0,P10018,Global Tech Supplies
2023-07-29,East,Mechanical Keyboard,4,4275.0,Store B,Retail,0.05,Frank,17100.0,Debit Card,BLACKFRIDAY,0,REG100750,Cust C5259,1376.08,2023-07-29,2023-08-06,Sophie,Electronics,4500.0,2200.0,P10010,Global Tech Supplies
2025-03-11,South,Mechanical Keyboard,2,3825.0,Store C,Retail,0.15,Bob,7650.0,Net Banking,BUNDLE15,1,REG100751,Cust C5101,1993.01,2025-03-11,2025-03-17,Marcus,Electronics,4500.0,2200.0,P10010,Global Tech Supplies
2025-06-03,East,Laser Printer,5,18500.0,Store B,Retail,0.0,Alice,92500.0,Debit Card,SAVE10,0,REG100752,Cust C5258,374.62,2025-06-03,2025-06-13,Sophie,Electronics,18500.0,9500.0,P10014,Global Tech Supplies
2023-02-17,East,Mechanical Keyboard,3,3825.0,Store B,Corporate,0.15,Eva,11475.0,Debit Card,SAVE10,0,REG100753,Cust C5192,2404.67,2023-02-17,2023-02-26,Sophie,Electronics,4500.0,2200.0,P10010,Global Tech Supplies
2023-03-09,North,A4 Printer Paper (500 Sheets),3,382.5,Store A,Corporate,0.15,Alice,1147.5,Credit Card,NONE,0,REG100754,Cust C5306,1264.1,2023-03-09,2023-03-19,Eric,Office Supplies,450.0,220.0,P10004,OfficePro Distro
2024-09-25,South,Ergonomic Office Chair,5,12325.0,Store C,Wholesale,0.15,Frank,61625.0,Credit Card,NONE,0,REG100755,Cust C5067,699.57,2024-09-25,2024-10-04,Marcus,Furniture,14500.0,7500.0,P10013,FurnitureWorld Inc.
2024-04-03,North,Tablet,8,30400.0,Store A,Wholesale,0.05,Grace,243200.0,Debit Card,BLACKFRIDAY,0,REG100756,Cust C5252,2197.92,2024-04-03,2024-04-05,Eric,Electronics,32000.0,18000.0,P10016,Global Tech Supplies
2024-06-29,North,Ballpoint Pen Pack,1,237.5,Store A,Corporate,0.05,Grace,237.5,Debit Card,NONE,0,REG100757,Cust C5012,1153.36,2024-06-29,2024-07-06,Eric,Office Supplies,250.0,100.0,P10003,OfficePro Distro
2023-06-21,West,HDMI Cable,5,480.0,Store D,Retail,0.2,Charlie,2400.0,Credit Card,NONE,0,REG100758,Cust C5294,436.72,2023-06-21,2023-06-29,Elena,Accessories,600.0,250.0,P10005,Global Tech Supplies
2024-04-15,North,Spiral Notebook,24,150.0,Store A,Wholesale,0.0,Bob,3600.0,Credit Card,SAVE10,0,REG100759,Cust C5326,1113.0,2024-04-15,2024-04-19,Eric,Office Supplies,150.0,60.0,P10001,OfficePro Distro
2023-08-09,North,Spiral Notebook,1,142.5,Store A,Retail,0.05,Eva,142.5,UPI,BLACKFRIDAY,0,REG100760,Cust C5334,2156.31,2023-08-09,2023-08-18,Eric,Office Supplies,150.0,60.0,P10001,OfficePro Distro
2024-02-02,South,Ballpoint Pen Pack,4,237.5,Store C,Retail,0.05,David,950.0,Credit Card,BUNDLE15,0,REG100761,Cust C5238,282.47,2024-02-02,2024-02-10,Marcus,Office Supplies,250.0,100.0,P10003,OfficePro Distro
2023-02-19,South,Mechanical Keyboard,2,3825.0,Store C,Retail,0.15,Bob,7650.0,Credit Card,SAVE10,0,REG100762,Cust C5179,1786.76,2023-02-19,2023-03-01,Marcus,Electronics,4500.0,2200.0,P10010,Global Tech Supplies
2024-12-28,West,A4 Printer Paper (500 Sheets),30,427.5,Store D,Wholesale,0.05,Charlie,12825.0,Cash,FREESHIP,0,REG100763,Cust C5018,2440.51,2024-12-28,2025-01-01,Elena,Office Supplies,450.0,220.0,P10004,OfficePro Distro
2023-09-08,West,A4 Printer Paper (500 Sheets),31,450.0,Store D,Wholesale,0.0,Frank,13950.0,Credit Card,NONE,0,REG100764,Cust C5113,431.14,2023-09-08,2023-09-10,Elena,Office Supplies,450.0,220.0,P10004,OfficePro Distro
2023-02-26,East,4K Smart Monitor,12,28000.0,Store B,Wholesale,0.0,Grace,336000.0,Credit Card,FREESHIP,0,REG100765,Cust C5326,911.62,2023-02-26,2023-03-02,Sophie,Electronics,28000.0,15000.0,P10015,Global Tech Supplies
2023-12-12,West,Laser Printer,1,14800.0,Store D,Retail,0.2,Bob,14800.0,Cash,FREESHIP,0,REG100766,Cust C5196,711.28,2023-12-12,2023-12-17,Elena,Electronics,18500.0,9500.0,P10014,Global Tech Supplies
2024-09-11,East,Wireless Mouse,5,1350.0,Store B,Corporate,0.1,Alice,6750.0,Cash,FREESHIP,0,REG100767,Cust C5005,244.7,2024-09-11,2024-09-14,Sophie,Accessories,1500.0,700.0,P10007,Global Tech Supplies
2024-05-14,West,HDMI Cable,3,600.0,Store D,Retail,0.0,Frank,1800.0,UPI,FREESHIP,0,REG100768,Cust C5123,1190.21,2024-05-14,2024-05-21,Elena,Accessories,600.0,250.0,P10005,Global Tech Supplies
2023-08-19,North,Spiral Notebook,3,135.0,Store A,Corporate,0.1,Frank,405.0,Debit Card,BUNDLE15,0,REG100769,Cust C5345,1375.0,2023-08-19,2023-08-25,Eric,Office Supplies,150.0,60.0,P10001,OfficePro Distro
2023-03-02,East,Mechanical Keyboard,5,4500.0,Store B,Corporate,0.0,Bob,22500.0,UPI,NONE,0,REG100770,Cust C5109,248.89,2023-03-02,2023-03-05,Sophie,Electronics,4500.0,2200.0,P10010,Global Tech Supplies
2024-09-06,North,Bookshelf,1,6800.0,Store A,Corporate,0.2,Grace,6800.0,Cash,NONE,0,REG100771,Cust C5008,1133.73,2024-09-06,2024-09-16,Eric,Furniture,8500.0,4200.0,P10012,FurnitureWorld Inc.
2024-04-12,North,Bookshelf,2,6800.0,Store A,Retail,0.2,David,13600.0,Debit Card,NONE,0,REG100772,Cust C5236,1096.73,2024-04-12,2024-04-19,Eric,Furniture,8500.0,4200.0,P10012,FurnitureWorld Inc.
2024-10-25,West,A4 Printer Paper (500 Sheets),5,427.5,Store D,Corporate,0.05,Bob,2137.5,Cash,BUNDLE15,0,REG100773,Cust C5145,1642.78,2024-10-25,2024-10-29,Elena,Office Supplies,450.0,220.0,P10004,OfficePro Distro
2025-03-14,West,Smartphone,1,52250.0,Store D,Retail,0.05,David,52250.0,UPI,NONE,0,REG100774,Cust C5284,791.31,2025-03-14,2025-03-18,Elena,Electronics,55000.0,32000.0,P10018,Global Tech Supplies
2023-08-21,South,Ergonomic Office Chair,9,12325.0,Store C,Wholesale,0.15,Grace,110925.0,Credit Card,BUNDLE15,0,REG100775,Cust C5149,403.29,2023-08-21,2023-08-27,Marcus,Furniture,14500.0,7500.0,P10013,FurnitureWorld Inc.
2023-10-30,West,Gaming Laptop,3,95000.0,Store D,Retail,0.0,Charlie,285000.0,UPI,BLACKFRIDAY,1,REG100776,Cust C5188,1035.65,2023-10-30,2023-11-06,Elena,Electronics,95000.0,58000.0,P10019,Global Tech Supplies
2024-10-05,East,Sticky Notes Bundle,32,160.0,Store B,Wholesale,0.2,Charlie,5120.0,Net Banking,FREESHIP,0,REG100777,Cust C5100,901.52,2024-10-05,2024-10-07,Sophie,Office Supplies,200.0,80.0,P10002,OfficePro Distro
2024-08-30,East,4K Smart Monitor,1,23800.0,Store B,Retail,0.15,Alice,23800.0,Cash,BLACKFRIDAY,0,REG100778,Cust C5312,287.45,2024-08-30,2024-09-05,Sophie,Electronics,28000.0,15000.0,P10015,Global Tech Supplies
2023-02-28,South,Laptop Backpack,4,2520.0,Store C,Retail,0.1,Alice,10080.0,Credit Card,SAVE10,0,REG100779,Cust C5226,1729.53,2023-02-28,2023-03-10,Marcus,Accessories,2800.0,1200.0,P10009,SupplyCo Direct
2023-04-26,South,4K Smart Monitor,1,23800.0,Store C,Retail,0.15,Bob,23800.0,Debit Card,FREESHIP,0,REG100780,Cust C5185,585.04,2023-04-26,2023-05-05,Marcus,Electronics,28000.0,15000.0,P10015,Global Tech Supplies
2023-07-12,North,Wireless Mouse,4,1500.0,Store A,Corporate,0.0,Eva,6000.0,UPI,BLACKFRIDAY,0,REG100781,Cust C5095,1168.9,2023-07-12,2023-07-18,Eric,Accessories,1500.0,700.0,P10007,Global Tech Supplies
2024-01-14,West,Ballpoint Pen Pack,1,250.0,Store D,Corporate,0.0,Eva,250.0,UPI,FREESHIP,0,REG100782,Cust C5229,1093.25,2024-01-14,2024-01-20,Elena,Office Supplies,250.0,100.0,P10003,OfficePro Distro
2024-07-20,East,Laptop Backpack,49,2660.0,Store B,Wholesale,0.05,Grace,130340.0,Cash,BUNDLE15,0,REG100783,Cust C5386,669.58,2024-07-20,2024-07-23,Sophie,Accessories,2800.0,1200.0,P10009,SupplyCo Direct
2025-02-18,North,A4 Printer Paper (500 Sheets),4,360.0,Store A,Retail,0.2,David,1440.0,UPI,SAVE10,0,REG100784,Cust C5181,1698.96,2025-02-18,2025-02-28,Eric,Office Supplies,450.0,220.0,P10004,OfficePro Distro
2024-01-31,South,Ergonomic Office Chair,4,12325.0,Store C,Corporate,0.15,Eva,49300.0,Debit Card,BUNDLE15,0,REG100785,Cust C5237,1064.85,2024-01-31,2024-02-06,Marcus,Furniture,14500.0,7500.0,P10013,FurnitureWorld Inc.
2023-12-28,South,Sticky Notes Bundle,3,200.0,Store C,Corporate,0.0,Eva,600.0,Cash,SAVE10,0,REG100786,Cust C5293,769.97,2023-12-28,2023-12-30,Marcus,Office Supplies,200.0,80.0,P10002,OfficePro Distro
2024-06-10,East,Spiral Notebook,2,150.0,Store B,Retail,0.0,Charlie,300.0,UPI,FREESHIP,0,REG100787,Cust C5321,1398.22,2024-06-10,2024-06-18,Sophie,Office Supplies,150.0,60.0,P10001,OfficePro Distro
2024-11-30,South,HDMI Cable,2,600.0,Store C,Retail,0.0,Grace,1200.0,Cash,BUNDLE15,0,REG100788,Cust C5344,627.01,2024-11-30,2024-12-07,Marcus,Accessories,600.0,250.0,P10005,Global Tech Supplies
2024-07-03,North,Gaming Laptop,1,76000.0,Store A,Corporate,0.2,Eva,76000.0,Credit Card,BLACKFRIDAY,0,REG100789,Cust C5095,1991.59,2024-07-03,2024-07-06,Eric,Electronics,95000.0,58000.0,P10019,Global Tech Supplies
2023-07-19,South,Sticky Notes Bundle,24,170.0,Store C,Wholesale,0.15,Frank,4080.0,Cash,SAVE10,0,REG100790,Cust C5375,2245.99,2023-07-19,2023-07-21,Marcus,Office Supplies,200.0,80.0,P10002,OfficePro Distro
2023-01-20,South,LED Desk Lamp,4,1870.0,Store C,Corporate,0.15,Eva,7480.0,Credit Card,NONE,0,REG100791,Cust C5205,1267.01,2023-01-20,2023-01-23,Marcus,Furniture,2200.0,1000.0,P10008,FurnitureWorld Inc.
2023-12-03,North,A4 Printer Paper (500 Sheets),47,450.0,Store A,Wholesale,0.0,Charlie,21150.0,Net Banking,FREESHIP,1,REG100792,Cust C5308,1253.86,2023-12-03,2023-12-05,Eric,Office Supplies,450.0,220.0,P10004,OfficePro Distro
2024-12-24,South,Mechanical Keyboard,5,3825.0,Store C,Retail,0.15,Charlie,19125.0,Credit Card,BLACKFRIDAY,0,REG100793,Cust C5059,2370.51,2024-12-24,2024-12-30,Marcus,Electronics,4500.0,2200.0,P10010,Global Tech Supplies
2023-08-01,West,Laser Printer,2,16650.0,Store D,Corporate,0.1,Frank,33300.0,Debit Card,FREESHIP,0,REG100794,Cust C5354,467.83,2023-08-01,2023-08-11,Elena,Electronics,18500.0,9500.0,P10014,Global Tech Supplies
2024-09-05,South,Laser Printer,5,17575.0,Store C,Corporate,0.05,David,87875.0,Credit Card,SAVE10,0,REG100795,Cust C5377,1067.41,2024-09-05,2024-09-14,Marcus,Electronics,18500.0,9500.0,P10014,Global Tech Supplies
2023-09-28,East,Wireless Mouse,22,1500.0,Store B,Wholesale,0.0,Eva,33000.0,UPI,BLACKFRIDAY,0,REG100796,Cust C5324,1755.7,2023-09-28,2023-10-03,Sophie,Accessories,1500.0,700.0,P10007,Global Tech Supplies
2024-02-23,South,Sticky Notes Bundle,26,200.0,Store C,Wholesale,0.0,Charlie,5200.0,Credit Card,NONE,0,REG100797,Cust C5119,344.65,2024-02-23,2024-03-02,Marcus,Office Supplies,200.0,80.0,P10002,OfficePro Distro
2023-06-03,East,Ergonomic Office Chair,13,12325.0,Store B,Wholesale,0.15,Frank,160225.0,Net Banking,NONE,0,REG100798,Cust C5324,397.45,2023-06-03,2023-06-13,Sophie,Furniture,14500.0,7500.0,P10013,FurnitureWorld Inc.
2024-04-27,North,Ballpoint Pen Pack,2,225.0,Store A,Retail,0.1,Frank,450.0,Credit Card,BUNDLE15,0,REG100799,Cust C5219,2191.11,2024-04-27,2024-04-29,Eric,Office Supplies,250.0,100.0,P10003,OfficePro Distro
2023-09-13,West,Wireless Mouse,2,1500.0,Store D,Retail,0.0,Charlie,3000.0,Credit Card,FREESHIP,0,REG100800,Cust C5269,2430.97,2023-09-13,2023-09-23,Elena,Accessories,1500.0,700.0,P10007,Global Tech Supplies
2025-01-02,West,Bookshelf,7,6800.0,Store D,Wholesale,0.2,Alice,47600.0,Debit Card,BUNDLE15,0,REG100801,Cust C5033,1152.32,2025-01-02,2025-01-05,Elena,Furniture,8500.0,4200.0,P10012,FurnitureWorld Inc.
2024-03-31,North,USB Flash Drive 64GB,44,680.0,Store A,Wholesale,0.15,Bob,29920.0,Debit Card,FREESHIP,0,REG100802,Cust C5384,1307.39,2024-03-31,2024-04-05,Eric,Accessories,800.0,350.0,P10006,Global Tech Supplies
2025-03-23,South,Wireless Earbuds,8,5525.0,Store C,Wholesale,0.15,Grace,44200.0,Net Banking,BLACKFRIDAY,0,REG100803,Cust C5050,347.69,2025-03-23,2025-03-31,Marcus,Electronics,6500.0,3200.0,P10011,Global Tech Supplies
2024-02-19,East,Gaming Laptop,1,80750.0,Store B,Retail,0.15,Eva,80750.0,Cash,FREESHIP,0,REG100804,Cust C5331,231.73,2024-02-19,2024-02-27,Sophie,Electronics,95000.0,58000.0,P10019,Global Tech Supplies
2023-05-08,North,Wireless Mouse,4,1350.0,Store A,Corporate,0.1,David,5400.0,Debit Card,BUNDLE15,0,REG100805,Cust C5053,1366.34,2023-05-08,2023-05-14,Eric,Accessories,1500.0,700.0,P10007,Global Tech Supplies
2025-06-30,North,Standing Desk,5,30400.0,Store A,Retail,0.2,Bob,152000.0,Debit Card,FREESHIP,0,REG100806,Cust C5343,286.82,2025-06-30,2025-07-06,Eric,Furniture,38000.0,20000.0,P10017,FurnitureWorld Inc.
2024-03-18,East,USB Flash Drive 64GB,26,760.0,Store B,Wholesale,0.05,Grace,19760.0,Cash,BUNDLE15,0,REG100807,Cust C5017,1792.71,2024-03-18,2024-03-21,Sophie,Accessories,800.0,350.0,P10006,Global Tech Supplies
2023-03-22,East,Laser Printer,1,17575.0,Store B,Corporate,0.05,David,17575.0,Credit Card,SAVE10,0,REG100808,Cust C5097,1387.44,2023-03-22,2023-03-28,Sophie,Electronics,18500.0,9500.0,P10014,Global Tech Supplies
2023-11-09,North,Wireless Mouse,1,1425.0,Store A,Retail,0.05,Eva,1425.0,Credit Card,FREESHIP,0,REG100809,Cust C5328,1985.33,2023-11-09,2023-11-16,Eric,Accessories,1500.0,700.0,P10007,Global Tech Supplies
2023-10-21,West,Ballpoint Pen Pack,47,225.0,Store D,Wholesale,0.1,Bob,10575.0,Cash,BUNDLE15,0,REG100810,Cust C5244,625.32,2023-10-21,2023-10-30,Elena,Office Supplies,250.0,100.0,P10003,OfficePro Distro
2025-06-17,East,A4 Printer Paper (500 Sheets),2,382.5,Store B,Corporate,0.15,Frank,765.0,Net Banking,BLACKFRIDAY,0,REG100811,Cust C5082,2242.52,2025-06-17,2025-06-22,Sophie,Office Supplies,450.0,220.0,P10004,OfficePro Distro
2023-12-20,South,Ballpoint Pen Pack,2,200.0,Store C,Corporate,0.2,Eva,400.0,Credit Card,NONE,0,REG100812,Cust C5257,1039.6,2023-12-20,2023-12-25,Marcus,Office Supplies,250.0,100.0,P10003,OfficePro Distro
2024-02-12,East,Ballpoint Pen Pack,1,212.5,Store B,Retail,0.15,Eva,212.5,Debit Card,NONE,0,REG100813,Cust C5125,1698.83,2024-02-12,2024-02-21,Sophie,Office Supplies,250.0,100.0,P10003,OfficePro Distro
2024-02-18,West,Tablet,4,25600.0,Store D,Retail,0.2,David,102400.0,Credit Card,BUNDLE15,0,REG100814,Cust C5007,912.47,2024-02-18,2024-02-20,Elena,Electronics,32000.0,18000.0,P10016,Global Tech Supplies
2023-01-04,North,Laptop Backpack,2,2800.0,Store A,Corporate,0.0,David,5600.0,Cash,NONE,0,REG100815,Cust C5213,1551.62,2023-01-04,2023-01-11,Eric,Accessories,2800.0,1200.0,P10009,SupplyCo Direct
2024-03-30,East,Standing Desk,3,30400.0,Store B,Corporate,0.2,Bob,91200.0,UPI,BLACKFRIDAY,0,REG100816,Cust C5290,2283.13,2024-03-30,2024-04-04,Sophie,Furniture,38000.0,20000.0,P10017,FurnitureWorld Inc.
2024-10-23,West,USB Flash Drive 64GB,4,720.0,Store D,Retail,0.1,Eva,2880.0,Debit Card,SAVE10,0,REG100817,Cust C5127,1516.0,2024-10-23,2024-11-02,Elena,Accessories,800.0,350.0,P10006,Global Tech Supplies
2023-09-06,East,Laser Printer,2,15725.0,Store B,Retail,0.15,David,31450.0,UPI,NONE,0,REG100818,Cust C5261,1654.38,2023-09-06,2023-09-10,Sophie,Electronics,18500.0,9500.0,P10014,Global Tech Supplies
2023-02-23,East,USB Flash Drive 64GB,11,640.0,Store B,Wholesale,0.2,Charlie,7040.0,Net Banking,BUNDLE15,0,REG100819,Cust C5294,348.39,2023-02-23,2023-03-03,Sophie,Accessories,800.0,350.0,P10006,Global Tech Supplies
2024-12-21,South,Ballpoint Pen Pack,1,200.0,Store C,Retail,0.2,Alice,200.0,Credit Card,NONE,1,REG100820,Cust C5224,787.24,2024-12-21,2024-12-24,Marcus,Office Supplies,250.0,100.0,P10003,OfficePro Distro
2023-05-12,West,Wireless Mouse,3,1275.0,Store D,Corporate,0.15,Bob,3825.0,Credit Card,BUNDLE15,0,REG100821,Cust C5206,1358.72,2023-05-12,2023-05-18,Elena,Accessories,1500.0,700.0,P10007,Global Tech Supplies
2024-12-20,West,Smartphone,7,52250.0,Store D,Wholesale,0.05,David,365750.0,UPI,BUNDLE15,1,REG100822,Cust C5235,2034.85,2024-12-20,2024-12-23,Elena,Electronics,55000.0,32000.0,P10018,Global Tech Supplies
2024-10-17,South,Wireless Mouse,4,1425.0,Store C,Corporate,0.05,Alice,5700.0,Net Banking,FREESHIP,0,REG100823,Cust C5298,1481.86,2024-10-17,2024-10-20,Marcus,Accessories,1500.0,700.0,P10007,Global Tech Supplies
2024-12-15,North,Mechanical Keyboard,3,3600.0,Store A,Corporate,0.2,David,10800.0,Credit Card,SAVE10,0,REG100824,Cust C5212,1682.16,2024-12-15,2024-12-23,Eric,Electronics,4500.0,2200.0,P10010,Global Tech Supplies
2025-03-10,West,Bookshelf,3,7650.0,Store D,Corporate,0.1,David,22950.0,Net Banking,BUNDLE15,0,REG100825,Cust C5246,709.29,2025-03-10,2025-03-13,Elena,Furniture,8500.0,4200.0,P10012,FurnitureWorld Inc.
2024-12-05,East,Bookshelf,8,6800.0,Store B,Wholesale,0.2,Frank,54400.0,Cash,SAVE10,0,REG100826,Cust C5274,1152.2,2024-12-05,2024-12-11,Sophie,Furniture,8500.0,4200.0,P10012,FurnitureWorld Inc.
2023-07-14,East,Mechanical Keyboard,2,4050.0,Store B,Retail,0.1,Alice,8100.0,Credit Card,FREESHIP,0,REG100827,Cust C5166,817.95,2023-07-14,2023-07-22,Sophie,Electronics,4500.0,2200.0,P10010,Global Tech Supplies
2024-10-17,West,Ergonomic Office Chair,4,14500.0,Store D,Retail,0.0,Eva,58000.0,Debit Card,BLACKFRIDAY,0,REG100828,Cust C5088,2067.63,2024-10-17,2024-10-19,Elena,Furniture,14500.0,7500.0,P10013,FurnitureWorld Inc.
2025-02-16,West,Ballpoint Pen Pack,2,250.0,Store D,Corporate,0.0,Bob,500.0,Credit Card,BLACKFRIDAY,0,REG100829,Cust C5210,1207.76,2025-02-16,2025-02-19,Elena,Office Supplies,250.0,100.0,P10003,OfficePro Distro
2023-11-08,North,LED Desk Lamp,15,1980.0,Store A,Wholesale,0.1,Eva,29700.0,Cash,NONE,0,REG100830,Cust C5223,1637.81,2023-11-08,2023-11-13,Eric,Furniture,2200.0,1000.0,P10008,FurnitureWorld Inc.
2023-11-23,South,Ergonomic Office Chair,4,11600.0,Store C,Retail,0.2,Eva,46400.0,Cash,BUNDLE15,0,REG100831,Cust C5052,1986.41,2023-11-23,2023-11-26,Marcus,Furniture,14500.0,7500.0,P10013,FurnitureWorld Inc.
2025-05-18,West,Spiral Notebook,2,120.0,Store D,Retail,0.2,Bob,240.0,Cash,FREESHIP,0,REG100832,Cust C5120,1760.36,2025-05-18,2025-05-28,Elena,Office Supplies,150.0,60.0,P10001,OfficePro Distro
2024-08-25,South,Tablet,1,28800.0,Store C,Retail,0.1,Charlie,28800.0,Net Banking,FREESHIP,0,REG100833,Cust C5206,351.71,2024-08-25,2024-08-31,Marcus,Electronics,32000.0,18000.0,P10016,Global Tech Supplies
2024-06-17,South,Tablet,5,30400.0,Store C,Retail,0.05,Frank,152000.0,Net Banking,NONE,0,REG100834,Cust C5005,363.86,2024-06-17,2024-06-25,Marcus,Electronics,32000.0,18000.0,P10016,Global Tech Supplies
2025-06-11,North,Ergonomic Office Chair,8,12325.0,Store A,Wholesale,0.15,Grace,98600.0,Debit Card,NONE,0,REG100835,Cust C5320,1403.75,2025-06-11,2025-06-18,Eric,Furniture,14500.0,7500.0,P10013,FurnitureWorld Inc.
2025-03-08,North,Ergonomic Office Chair,4,12325.0,Store A,Corporate,0.15,Grace,49300.0,UPI,FREESHIP,0,REG100836,Cust C5208,2104.51,2025-03-08,2025-03-10,Eric,Furniture,14500.0,7500.0,P10013,FurnitureWorld Inc.
2024-01-23,West,Ballpoint Pen Pack,3,237.5,Store D,Retail,0.05,David,712.5,Cash,BUNDLE15,0,REG100837,Cust C5191,871.3,2024-01-23,2024-01-31,Elena,Office Supplies,250.0,100.0,P10003,OfficePro Distro
2023-10-28,North,Ballpoint Pen Pack,5,212.5,Store A,Retail,0.15,David,1062.5,Debit Card,FREESHIP,0,REG100838,Cust C5168,2442.77,2023-10-28,2023-11-02,Eric,Office Supplies,250.0,100.0,P10003,OfficePro Distro
2024-07-23,West,Spiral Notebook,36,142.5,Store D,Wholesale,0.05,Bob,5130.0,Cash,BLACKFRIDAY,0,REG100839,Cust C5099,249.21,2024-07-23,2024-07-28,Elena,Office Supplies,150.0,60.0,P10001,OfficePro Distro
2024-08-25,West,Mechanical Keyboard,13,4500.0,Store D,Wholesale,0.0,Grace,58500.0,UPI,BLACKFRIDAY,0,REG100840,Cust C5371,1819.67,2024-08-25,2024-09-02,Elena,Electronics,4500.0,2200.0,P10010,Global Tech Supplies
2023-10-23,North,Wireless Earbuds,8,6500.0,Store A,Wholesale,0.0,Charlie,52000.0,Cash,BUNDLE15,0,REG100841,Cust C5114,1163.78,2023-10-23,2023-10-26,Eric,Electronics,6500.0,3200.0,P10011,Global Tech Supplies
2025-04-01,East,A4 Printer Paper (500 Sheets),2,360.0,Store B,Retail,0.2,Alice,720.0,Credit Card,SAVE10,0,REG100842,Cust C5313,2193.13,2025-04-01,2025-04-09,Sophie,Office Supplies,450.0,220.0,P10004,OfficePro Distro
2024-09-07,North,Wireless Mouse,14,1425.0,Store A,Wholesale,0.05,Grace,19950.0,Credit Card,FREESHIP,1,REG100843,Cust C5043,1778.97,2024-09-07,2024-09-13,Eric,Accessories,1500.0,700.0,P10007,Global Tech Supplies
2025-05-01,South,Wireless Earbuds,5,5200.0,Store C,Corporate,0.2,David,26000.0,Credit Card,FREESHIP,0,REG100844,Cust C5020,270.28,2025-05-01,2025-05-10,Marcus,Electronics,6500.0,3200.0,P10011,Global Tech Supplies
2023-05-15,West,Smartphone,2,46750.0,Store D,Retail,0.15,David,93500.0,Cash,SAVE10,0,REG100845,Cust C5178,2364.65,2023-05-15,2023-05-20,Elena,Electronics,55000.0,32000.0,P10018,Global Tech Supplies
2023-04-22,South,Ballpoint Pen Pack,25,250.0,Store C,Wholesale,0.0,David,6250.0,Net Banking,BUNDLE15,0,REG100846,Cust C5233,1117.55,2023-04-22,2023-04-24,Marcus,Office Supplies,250.0,100.0,P10003,OfficePro Distro
2025-01-31,East,Gaming Laptop,3,90250.0,Store B,Corporate,0.05,David,270750.0,Credit Card,BUNDLE15,0,REG100847,Cust C5196,2201.64,2025-01-31,2025-02-04,Sophie,Electronics,95000.0,58000.0,P10019,Global Tech Supplies
2023-11-18,West,Laser Printer,6,14800.0,Store D,Wholesale,0.2,Grace,88800.0,Cash,FREESHIP,0,REG100848,Cust C5015,2060.83,2023-11-18,2023-11-25,Elena,Electronics,18500.0,9500.0,P10014,Global Tech Supplies
2024-07-05,East,Spiral Notebook,45,142.5,Store B,Wholesale,0.05,Bob,6412.5,Net Banking,BLACKFRIDAY,0,REG100849,Cust C5270,2329.26,2024-07-05,2024-07-11,Sophie,Office Supplies,150.0,60.0,P10001,OfficePro Distro
2023-05-04,South,Gaming Laptop,4,80750.0,Store C,Corporate,0.15,Eva,323000.0,Cash,BUNDLE15,0,REG100850,Cust C5392,1319.88,2023-05-04,2023-05-09,Marcus,Electronics,95000.0,58000.0,P10019,Global Tech Supplies
2024-09-08,West,Gaming Laptop,5,80750.0,Store D,Corporate,0.15,Alice,403750.0,Debit Card,NONE,0,REG100851,Cust C5289,1174.92,2024-09-08,2024-09-10,Elena,Electronics,95000.0,58000.0,P10019,Global Tech Supplies
2024-08-21,South,LED Desk Lamp,3,1760.0,Store C,Corporate,0.2,Charlie,5280.0,Debit Card,FREESHIP,0,REG100852,Cust C5351,1602.78,2024-08-21,2024-08-23,Marcus,Furniture,2200.0,1000.0,P10008,FurnitureWorld Inc.
2023-02-24,West,USB Flash Drive 64GB,3,720.0,Store D,Retail,0.1,Bob,2160.0,Net Banking,BLACKFRIDAY,0,REG100853,Cust C5371,827.2,2023-02-24,2023-03-05,Elena,Accessories,800.0,350.0,P10006,Global Tech Supplies
2023-09-16,South,Sticky Notes Bundle,5,190.0,Store C,Corporate,0.05,David,950.0,Debit Card,NONE,0,REG100854,Cust C5028,1293.08,2023-09-16,2023-09-25,Marcus,Office Supplies,200.0,80.0,P10002,OfficePro Distro
2023-09-16,North,LED Desk Lamp,4,2090.0,Store A,Retail,0.05,Alice,8360.0,Credit Card,FREESHIP,0,REG100855,Cust C5286,1456.12,2023-09-16,2023-09-24,Eric,Furniture,2200.0,1000.0,P10008,FurnitureWorld Inc.
2024-07-27,North,A4 Printer Paper (500 Sheets),4,382.5,Store A,Corporate,0.15,David,1530.0,Debit Card,NONE,0,REG100856,Cust C5368,1255.82,2024-07-27,2024-08-03,Eric,Office Supplies,450.0,220.0,P10004,OfficePro Distro
2025-05-08,East,Gaming Laptop,12,80750.0,Store B,Wholesale,0.15,Frank,969000.0,Debit Card,BUNDLE15,0,REG100857,Cust C5244,2126.3,2025-05-08,2025-05-12,Sophie,Electronics,95000.0,58000.0,P10019,Global Tech Supplies
2025-03-07,West,Ballpoint Pen Pack,4,200.0,Store D,Retail,0.2,Frank,800.0,Net Banking,BLACKFRIDAY,0,REG100858,Cust C5208,616.98,2025-03-07,2025-03-16,Elena,Office Supplies,250.0,100.0,P10003,OfficePro Distro
2025-03-25,East,Ergonomic Office Chair,2,12325.0,Store B,Corporate,0.15,Bob,24650.0,UPI,SAVE10,0,REG100859,Cust C5061,2019.58,2025-03-25,2025-03-30,Sophie,Furniture,14500.0,7500.0,P10013,FurnitureWorld Inc.
2023-11-07,East,Laser Printer,5,16650.0,Store B,Wholesale,0.1,David,83250.0,Debit Card,FREESHIP,0,REG100860,Cust C5206,1603.1,2023-11-07,2023-11-17,Sophie,Electronics,18500.0,9500.0,P10014,Global Tech Supplies
2025-03-07,North,4K Smart Monitor,3,23800.0,Store A,Retail,0.15,Grace,71400.0,Debit Card,BLACKFRIDAY,0,REG100861,Cust C5127,818.76,2025-03-07,2025-03-14,Eric,Electronics,28000.0,15000.0,P10015,Global Tech Supplies
2023-05-16,North,Mechanical Keyboard,4,3825.0,Store A,Corporate,0.15,Frank,15300.0,UPI,NONE,0,REG100862,Cust C5276,591.89,2023-05-16,2023-05-19,Eric,Electronics,4500.0,2200.0,P10010,Global Tech Supplies
2023-09-18,East,Standing Desk,1,30400.0,Store B,Retail,0.2,Eva,30400.0,Credit Card,NONE,0,REG100863,Cust C5345,2309.38,2023-09-18,2023-09-28,Sophie,Furniture,38000.0,20000.0,P10017,FurnitureWorld Inc.
2023-01-27,South,Ergonomic Office Chair,4,13050.0,Store C,Corporate,0.1,David,52200.0,Cash,NONE,0,REG100864,Cust C5316,1406.66,2023-01-27,2023-02-02,Marcus,Furniture,14500.0,7500.0,P10013,FurnitureWorld Inc.
2025-06-16,East,Ballpoint Pen Pack,3,250.0,Store B,Retail,0.0,Alice,750.0,Debit Card,NONE,0,REG100865,Cust C5153,505.98,2025-06-16,2025-06-21,Sophie,Office Supplies,250.0,100.0,P10003,OfficePro Distro
2024-06-10,South,4K Smart Monitor,4,26600.0,Store C,Corporate,0.05,Grace,106400.0,UPI,SAVE10,0,REG100866,Cust C5213,1173.26,2024-06-10,2024-06-16,Marcus,Electronics,28000.0,15000.0,P10015,Global Tech Supplies
2025-04-03,East,Gaming Laptop,3,90250.0,Store B,Retail,0.05,Charlie,270750.0,Credit Card,NONE,0,REG100867,Cust C5315,1202.55,2025-04-03,2025-04-08,Sophie,Electronics,95000.0,58000.0,P10019,Global Tech Supplies
2025-03-26,South,Laptop Backpack,34,2380.0,Store C,Wholesale,0.15,Frank,80920.0,Credit Card,BLACKFRIDAY,0,REG100868,Cust C5367,393.14,2025-03-26,2025-04-02,Marcus,Accessories,2800.0,1200.0,P10009,SupplyCo Direct
2025-01-18,North,Bookshelf,5,8500.0,Store A,Wholesale,0.0,Charlie,42500.0,UPI,BUNDLE15,0,REG100869,Cust C5273,691.75,2025-01-18,2025-01-26,Eric,Furniture,8500.0,4200.0,P10012,FurnitureWorld Inc.
2024-01-13,West,USB Flash Drive 64GB,4,720.0,Store D,Retail,0.1,Charlie,2880.0,Net Banking,NONE,0,REG100870,Cust C5185,1049.75,2024-01-13,2024-01-17,Elena,Accessories,800.0,350.0,P10006,Global Tech Supplies
2025-02-18,East,Sticky Notes Bundle,39,170.0,Store B,Wholesale,0.15,Charlie,6630.0,Debit Card,NONE,0,REG100871,Cust C5223,1753.46,2025-02-18,2025-02-28,Sophie,Office Supplies,200.0,80.0,P10002,OfficePro Distro
2024-12-23,East,Standing Desk,3,38000.0,Store B,Corporate,0.0,Bob,114000.0,Debit Card,FREESHIP,0,REG100872,Cust C5170,1763.19,2024-12-23,2025-01-02,Sophie,Furniture,38000.0,20000.0,P10017,FurnitureWorld Inc.
2023-05-09,West,Wireless Earbuds,1,5525.0,Store D,Corporate,0.15,Alice,5525.0,Credit Card,BLACKFRIDAY,0,REG100873,Cust C5261,1341.96,2023-05-09,2023-05-19,Elena,Electronics,6500.0,3200.0,P10011,Global Tech Supplies
2025-05-17,South,4K Smart Monitor,1,25200.0,Store C,Retail,0.1,Eva,25200.0,UPI,BLACKFRIDAY,0,REG100874,Cust C5139,1265.36,2025-05-17,2025-05-20,Marcus,Electronics,28000.0,15000.0,P10015,Global Tech Supplies
2024-01-19,North,Wireless Earbuds,1,5850.0,Store A,Retail,0.1,Charlie,5850.0,Debit Card,BUNDLE15,0,REG100875,Cust C5343,1943.89,2024-01-19,2024-01-29,Eric,Electronics,6500.0,3200.0,P10011,Global Tech Supplies
2023-03-02,East,Ballpoint Pen Pack,4,250.0,Store B,Corporate,0.0,Grace,1000.0,Debit Card,BLACKFRIDAY,0,REG100876,Cust C5319,449.89,2023-03-02,2023-03-10,Sophie,Office Supplies,250.0,100.0,P10003,OfficePro Distro
2023-12-03,East,4K Smart Monitor,1,26600.0,Store B,Retail,0.05,David,26600.0,Debit Card,SAVE10,1,REG100877,Cust C5139,925.87,2023-12-03,2023-12-08,Sophie,Electronics,28000.0,15000.0,P10015,Global Tech Supplies
2025-05-03,South,Laptop Backpack,3,2800.0,Store C,Corporate,0.0,Alice,8400.0,Cash,SAVE10,0,REG100878,Cust C5008,784.6,2025-05-03,2025-05-07,Marcus,Accessories,2800.0,1200.0,P10009,SupplyCo Direct
2024-08-11,North,Wireless Mouse,5,1275.0,Store A,Retail,0.15,Grace,6375.0,Debit Card,SAVE10,0,REG100879,Cust C5007,1341.97,2024-08-11,2024-08-18,Eric,Accessories,1500.0,700.0,P10007,Global Tech Supplies
2025-02-16,East,Sticky Notes Bundle,2,190.0,Store B,Corporate,0.05,David,380.0,Credit Card,NONE,0,REG100880,Cust C5081,1915.82,2025-02-16,2025-02-22,Sophie,Office Supplies,200.0,80.0,P10002,OfficePro Distro
2024-12-24,South,Bookshelf,2,7225.0,Store C,Corporate,0.15,Eva,14450.0,Net Banking,FREESHIP,0,REG100881,Cust C5154,2242.66,2024-12-24,2024-12-31,Marcus,Furniture,8500.0,4200.0,P10012,FurnitureWorld Inc.
2024-07-13,West,Bookshelf,2,6800.0,Store D,Retail,0.2,Charlie,13600.0,Credit Card,NONE,0,REG100882,Cust C5395,1585.43,2024-07-13,2024-07-18,Elena,Furniture,8500.0,4200.0,P10012,FurnitureWorld Inc.
2024-07-06,North,Bookshelf,4,7650.0,Store A,Corporate,0.1,Bob,30600.0,Cash,NONE,0,REG100883,Cust C5271,1457.97,2024-07-06,2024-07-16,Eric,Furniture,8500.0,4200.0,P10012,FurnitureWorld Inc.
2024-05-08,South,Gaming Laptop,2,76000.0,Store C,Corporate,0.2,Bob,152000.0,UPI,NONE,0,REG100884,Cust C5265,1589.2,2024-05-08,2024-05-12,Marcus,Electronics,95000.0,58000.0,P10019,Global Tech Supplies
2025-04-13,West,Smartphone,5,44000.0,Store D,Corporate,0.2,Grace,220000.0,UPI,BUNDLE15,0,REG100885,Cust C5387,872.54,2025-04-13,2025-04-20,Elena,Electronics,55000.0,32000.0,P10018,Global Tech Supplies
2023-06-11,West,Wireless Earbuds,4,5525.0,Store D,Corporate,0.15,Bob,22100.0,Net Banking,NONE,0,REG100886,Cust C5107,208.15,2023-06-11,2023-06-18,Elena,Electronics,6500.0,3200.0,P10011,Global Tech Supplies
2024-01-01,West,Standing Desk,5,34200.0,Store D,Wholesale,0.1,Grace,171000.0,UPI,SAVE10,0,REG100887,Cust C5282,2027.74,2024-01-01,2024-01-11,Elena,Furniture,38000.0,20000.0,P10017,FurnitureWorld Inc.
2023-02-16,East,Wireless Earbuds,5,5200.0,Store B,Wholesale,0.2,Bob,26000.0,Cash,NONE,0,REG100888,Cust C5147,2239.34,2023-02-16,2023-02-22,Sophie,Electronics,6500.0,3200.0,P10011,Global Tech Supplies
2024-05-06,South,Laptop Backpack,2,2240.0,Store C,Retail,0.2,Frank,4480.0,Debit Card,FREESHIP,0,REG100889,Cust C5152,295.3,2024-05-06,2024-05-15,Marcus,Accessories,2800.0,1200.0,P10009,SupplyCo Direct
2024-10-12,East,Tablet,1,27200.0,Store B,Corporate,0.15,Eva,27200.0,UPI,NONE,0,REG100890,Cust C5334,2290.53,2024-10-12,2024-10-15,Sophie,Electronics,32000.0,18000.0,P10016,Global Tech Supplies
2025-02-14,East,Sticky Notes Bundle,49,190.0,Store B,Wholesale,0.05,Alice,9310.0,Net Banking,BLACKFRIDAY,0,REG100891,Cust C5332,1766.6,2025-02-14,2025-02-22,Sophie,Office Supplies,200.0,80.0,P10002,OfficePro Distro
2024-03-19,East,Laptop Backpack,4,2380.0,Store B,Corporate,0.15,David,9520.0,UPI,NONE,0,REG100892,Cust C5140,1723.26,2024-03-19,2024-03-22,Sophie,Accessories,2800.0,1200.0,P10009,SupplyCo Direct
2023-12-21,East,Gaming Laptop,11,85500.0,Store B,Wholesale,0.1,Frank,940500.0,UPI,BLACKFRIDAY,0,REG100893,Cust C5358,1043.34,2023-12-21,2023-12-25,Sophie,Electronics,95000.0,58000.0,P10019,Global Tech Supplies
2024-10-29,North,Wireless Mouse,1,1275.0,Store A,Retail,0.15,Bob,1275.0,Credit Card,NONE,0,REG100894,Cust C5268,1661.74,2024-10-29,2024-10-31,Eric,Accessories,1500.0,700.0,P10007,Global Tech Supplies
2023-03-02,North,Gaming Laptop,11,95000.0,Store A,Wholesale,0.0,Frank,1045000.0,Debit Card,SAVE10,0,REG100895,Cust C5364,2215.44,2023-03-02,2023-03-11,Eric,Electronics,95000.0,58000.0,P10019,Global Tech Supplies
2023-01-25,West,Smartphone,2,44000.0,Store D,Retail,0.2,Bob,88000.0,Credit Card,SAVE10,0,REG100896,Cust C5251,421.77,2023-01-25,2023-01-31,Elena,Electronics,55000.0,32000.0,P10018,Global Tech Supplies
2025-05-06,West,Mechanical Keyboard,6,3825.0,Store D,Wholesale,0.15,Grace,22950.0,Net Banking,NONE,0,REG100897,Cust C5024,287.71,2025-05-06,2025-05-12,Elena,Electronics,4500.0,2200.0,P10010,Global Tech Supplies
2024-04-09,West,LED Desk Lamp,2,1760.0,Store D,Corporate,0.2,Eva,3520.0,UPI,NONE,0,REG100898,Cust C5062,366.52,2024-04-09,2024-04-19,Elena,Furniture,2200.0,1000.0,P10008,FurnitureWorld Inc.
2024-05-30,North,USB Flash Drive 64GB,44,640.0,Store A,Wholesale,0.2,Alice,28160.0,UPI,BUNDLE15,0,REG100899,Cust C5371,1855.99,2024-05-30,2024-06-05,Eric,Accessories,800.0,350.0,P10006,Global Tech Supplies
2023-10-05,West,Bookshelf,3,7225.0,Store D,Corporate,0.15,David,21675.0,Debit Card,BUNDLE15,0,REG100900,Cust C5189,1440.51,2023-10-05,2023-10-14,Elena,Furniture,8500.0,4200.0,P10012,FurnitureWorld Inc.
2024-02-13,East,LED Desk Lamp,5,1980.0,Store B,Corporate,0.1,Grace,9900.0,Net Banking,BLACKFRIDAY,1,REG100901,Cust C5143,1925.82,2024-02-13,2024-02-22,Sophie,Furniture,2200.0,1000.0,P10008,FurnitureWorld Inc.
2025-01-30,East,Spiral Notebook,5,135.0,Store B,Corporate,0.1,Charlie,675.0,Credit Card,SAVE10,0,REG100902,Cust C5205,1847.33,2025-01-30,2025-02-08,Sophie,Office Supplies,150.0,60.0,P10001,OfficePro Distro
2023-10-23,North,Smartphone,3,52250.0,Store A,Retail,0.05,Charlie,156750.0,Cash,BLACKFRIDAY,0,REG100903,Cust C5012,2217.05,2023-10-23,2023-10-30,Eric,Electronics,55000.0,32000.0,P10018,Global Tech Supplies
2023-01-03,North,4K Smart Monitor,4,23800.0,Store A,Retail,0.15,David,95200.0,Debit Card,SAVE10,0,REG100904,Cust C5134,1003.88,2023-01-03,2023-01-05,Eric,Electronics,28000.0,15000.0,P10015,Global Tech Supplies
2025-03-19,South,Laser Printer,13,17575.0,Store C,Wholesale,0.05,Alice,228475.0,Net Banking,SAVE10,0,REG100905,Cust C5041,520.85,2025-03-19,2025-03-22,Marcus,Electronics,18500.0,9500.0,P10014,Global Tech Supplies
2023-07-17,North,Wireless Mouse,1,1425.0,Store A,Corporate,0.05,David,1425.0,Credit Card,SAVE10,0,REG100906,Cust C5089,1291.81,2023-07-17,2023-07-24,Eric,Accessories,1500.0,700.0,P10007,Global Tech Supplies
2025-03-12,North,Smartphone,5,55000.0,Store A,Corporate,0.0,Frank,275000.0,Net Banking,NONE,0,REG100907,Cust C5263,2244.76,2025-03-12,2025-03-18,Eric,Electronics,55000.0,32000.0,P10018,Global Tech Supplies
2023-11-06,North,Bookshelf,1,8075.0,Store A,Corporate,0.05,Frank,8075.0,Net Banking,BUNDLE15,0,REG100908,Cust C5163,1114.96,2023-11-06,2023-11-12,Eric,Furniture,8500.0,4200.0,P10012,FurnitureWorld Inc.
2024-03-31,East,A4 Printer Paper (500 Sheets),5,382.5,Store B,Corporate,0.15,Eva,1912.5,UPI,BUNDLE15,1,REG100909,Cust C5289,443.12,2024-03-31,2024-04-03,Sophie,Office Supplies,450.0,220.0,P10004,OfficePro Distro
2024-01-12,East,Laser Printer,2,16650.0,Store B,Retail,0.1,Bob,33300.0,Net Banking,NONE,0,REG100910,Cust C5247,2343.85,2024-01-12,2024-01-16,Sophie,Electronics,18500.0,9500.0,P10014,Global Tech Supplies
2024-02-09,North,4K Smart Monitor,15,22400.0,Store A,Wholesale,0.2,Frank,336000.0,Debit Card,NONE,0,REG100911,Cust C5214,1196.23,2024-02-09,2024-02-19,Eric,Electronics,28000.0,15000.0,P10015,Global Tech Supplies
2025-06-14,South,LED Desk Lamp,46,1760.0,Store C,Wholesale,0.2,David,80960.0,Debit Card,SAVE10,0,REG100912,Cust C5325,972.07,2025-06-14,2025-06-20,Marcus,Furniture,2200.0,1000.0,P10008,FurnitureWorld Inc.
2024-03-30,West,Wireless Earbuds,5,5200.0,Store D,Corporate,0.2,Frank,26000.0,Net Banking,SAVE10,0,REG100913,Cust C5251,1672.18,2024-03-30,2024-04-07,Elena,Electronics,6500.0,3200.0,P10011,Global Tech Supplies
2023-04-01,South,Gaming Laptop,1,80750.0,Store C,Corporate,0.15,Frank,80750.0,Credit Card,BUNDLE15,0,REG100914,Cust C5082,716.47,2023-04-01,2023-04-09,Marcus,Electronics,95000.0,58000.0,P10019,Global Tech Supplies
2023-09-29,North,Spiral Notebook,1,135.0,Store A,Corporate,0.1,Grace,135.0,UPI,FREESHIP,0,REG100915,Cust C5330,1761.44,2023-09-29,2023-10-01,Eric,Office Supplies,150.0,60.0,P10001,OfficePro Distro
2025-01-15,West,A4 Printer Paper (500 Sheets),1,427.5,Store D,Retail,0.05,David,427.5,Credit Card,FREESHIP,0,REG100916,Cust C5249,1696.15,2025-01-15,2025-01-20,Elena,Office Supplies,450.0,220.0,P10004,OfficePro Distro
2024-12-19,North,Laser Printer,10,14800.0,Store A,Wholesale,0.2,Grace,148000.0,Credit Card,SAVE10,0,REG100917,Cust C5322,1779.41,2024-12-19,2024-12-22,Eric,Electronics,18500.0,9500.0,P10014,Global Tech Supplies
2023-04-04,South,Standing Desk,1,30400.0,Store C,Retail,0.2,Frank,30400.0,Cash,NONE,0,REG100918,Cust C5280,1199.14,2023-04-04,2023-04-12,Marcus,Furniture,38000.0,20000.0,P10017,FurnitureWorld Inc.
2023-02-24,West,Laser Printer,5,14800.0,Store D,Retail,0.2,Frank,74000.0,Cash,SAVE10,0,REG100919,Cust C5042,333.37,2023-02-24,2023-03-01,Elena,Electronics,18500.0,9500.0,P10014,Global Tech Supplies
2025-04-15,South,Wireless Mouse,30,1425.0,Store C,Wholesale,0.05,Frank,42750.0,Cash,BUNDLE15,0,REG100920,Cust C5031,1200.77,2025-04-15,2025-04-20,Marcus,Accessories,1500.0,700.0,P10007,Global Tech Supplies
2024-05-13,South,LED Desk Lamp,16,1980.0,Store C,Wholesale,0.1,David,31680.0,Credit Card,NONE,0,REG100921,Cust C5237,1818.81,2024-05-13,2024-05-17,Marcus,Furniture,2200.0,1000.0,P10008,FurnitureWorld Inc.
2023-09-05,South,Tablet,3,27200.0,Store C,Corporate,0.15,Eva,81600.0,Credit Card,SAVE10,0,REG100922,Cust C5066,1349.49,2023-09-05,2023-09-07,Marcus,Electronics,32000.0,18000.0,P10016,Global Tech Supplies
2024-06-19,South,LED Desk Lamp,2,1760.0,Store C,Retail,0.2,Alice,3520.0,Net Banking,SAVE10,0,REG100923,Cust C5171,1542.51,2024-06-19,2024-06-28,Marcus,Furniture,2200.0,1000.0,P10008,FurnitureWorld Inc.
2024-07-23,North,Gaming Laptop,13,85500.0,Store A,Wholesale,0.1,Bob,1111500.0,Net Banking,BUNDLE15,0,REG100924,Cust C5193,2016.13,2024-07-23,2024-07-29,Eric,Electronics,95000.0,58000.0,P10019,Global Tech Supplies
2025-06-01,North,LED Desk Lamp,16,1760.0,Store A,Wholesale,0.2,Grace,28160.0,Cash,BUNDLE15,0,REG100925,Cust C5393,500.46,2025-06-01,2025-06-05,Eric,Furniture,2200.0,1000.0,P10008,FurnitureWorld Inc.
2023-09-30,East,Ergonomic Office Chair,14,14500.0,Store B,Wholesale,0.0,Charlie,203000.0,Debit Card,BUNDLE15,0,REG100926,Cust C5380,1217.35,2023-09-30,2023-10-02,Sophie,Furniture,14500.0,7500.0,P10013,FurnitureWorld Inc.
2023-11-07,East,USB Flash Drive 64GB,5,680.0,Store B,Corporate,0.15,Alice,3400.0,Net Banking,BLACKFRIDAY,0,REG100927,Cust C5390,2036.04,2023-11-07,2023-11-15,Sophie,Accessories,800.0,350.0,P10006,Global Tech Supplies
2023-03-15,South,Tablet,3,30400.0,Store C,Retail,0.05,Frank,91200.0,Cash,FREESHIP,0,REG100928,Cust C5073,1781.65,2023-03-15,2023-03-24,Marcus,Electronics,32000.0,18000.0,P10016,Global Tech Supplies
2024-12-29,North,4K Smart Monitor,3,28000.0,Store A,Retail,0.0,Charlie,84000.0,Debit Card,BLACKFRIDAY,1,REG100929,Cust C5225,2052.83,2024-12-29,2025-01-05,Eric,Electronics,28000.0,15000.0,P10015,Global Tech Supplies
2024-03-05,West,Tablet,5,27200.0,Store D,Corporate,0.15,Eva,136000.0,Credit Card,NONE,0,REG100930,Cust C5115,885.67,2024-03-05,2024-03-11,Elena,Electronics,32000.0,18000.0,P10016,Global Tech Supplies
2024-05-22,North,Laser Printer,3,17575.0,Store A,Retail,0.05,Bob,52725.0,Credit Card,FREESHIP,0,REG100931,Cust C5276,1595.29,2024-05-22,2024-06-01,Eric,Electronics,18500.0,9500.0,P10014,Global Tech Supplies
2024-02-01,North,Mechanical Keyboard,3,4275.0,Store A,Corporate,0.05,Alice,12825.0,Net Banking,BUNDLE15,0,REG100932,Cust C5158,2055.93,2024-02-01,2024-02-03,Eric,Electronics,4500.0,2200.0,P10010,Global Tech Supplies
2024-02-22,South,Bookshelf,6,8500.0,Store C,Wholesale,0.0,Frank,51000.0,UPI,NONE,0,REG100933,Cust C5296,1682.88,2024-02-22,2024-02-25,Marcus,Furniture,8500.0,4200.0,P10012,FurnitureWorld Inc.
2025-06-04,West,Mechanical Keyboard,2,4500.0,Store D,Corporate,0.0,Grace,9000.0,Credit Card,FREESHIP,0,REG100934,Cust C5259,2105.12,2025-06-04,2025-06-09,Elena,Electronics,4500.0,2200.0,P10010,Global Tech Supplies
2024-11-21,North,Mechanical Keyboard,4,3825.0,Store A,Retail,0.15,David,15300.0,UPI,FREESHIP,0,REG100935,Cust C5226,369.02,2024-11-21,2024-11-24,Eric,Electronics,4500.0,2200.0,P10010,Global Tech Supplies
2023-07-19,South,Standing Desk,4,38000.0,Store C,Corporate,0.0,Eva,152000.0,Debit Card,NONE,0,REG100936,Cust C5249,848.1,2023-07-19,2023-07-21,Marcus,Furniture,38000.0,20000.0,P10017,FurnitureWorld Inc.
2023-01-30,East,Spiral Notebook,2,142.5,Store B,Corporate,0.05,Grace,285.0,Net Banking,FREESHIP,0,REG100937,Cust C5022,1502.2,2023-01-30,2023-02-09,Sophie,Office Supplies,150.0,60.0,P10001,OfficePro Distro
2024-07-23,South,Ergonomic Office Chair,5,13775.0,Store C,Retail,0.05,Charlie,68875.0,Debit Card,SAVE10,0,REG100938,Cust C5215,763.74,2024-07-23,2024-07-29,Marcus,Furniture,14500.0,7500.0,P10013,FurnitureWorld Inc.
2023-05-13,West,Wireless Earbuds,2,6175.0,Store D,Retail,0.05,Charlie,12350.0,Net Banking,SAVE10,1,REG100939,Cust C5197,1465.31,2023-05-13,2023-05-23,Elena,Electronics,6500.0,3200.0,P10011,Global Tech Supplies
2024-07-21,North,Sticky Notes Bundle,44,160.0,Store A,Wholesale,0.2,Grace,7040.0,Cash,BLACKFRIDAY,0,REG100940,Cust C5061,259.17,2024-07-21,2024-07-23,Eric,Office Supplies,200.0,80.0,P10002,OfficePro Distro
2023-01-01,East,Spiral Notebook,39,142.5,Store B,Wholesale,0.05,David,5557.5,Cash,BUNDLE15,0,REG100941,Cust C5279,1437.58,2023-01-01,2023-01-03,Sophie,Office Supplies,150.0,60.0,P10001,OfficePro Distro
2025-02-12,North,HDMI Cable,1,510.0,Store A,Retail,0.15,Alice,510.0,Net Banking,BLACKFRIDAY,0,REG100942,Cust C5277,341.25,2025-02-12,2025-02-17,Eric,Accessories,600.0,250.0,P10005,Global Tech Supplies
2025-06-13,East,USB Flash Drive 64GB,20,680.0,Store B,Wholesale,0.15,Alice,13600.0,Debit Card,NONE,1,REG100943,Cust C5137,459.55,2025-06-13,2025-06-22,Sophie,Accessories,800.0,350.0,P10006,Global Tech Supplies
2024-04-01,North,Smartphone,4,52250.0,Store A,Corporate,0.05,Frank,209000.0,Credit Card,BLACKFRIDAY,0,REG100944,Cust C5317,1887.86,2024-04-01,2024-04-03,Eric,Electronics,55000.0,32000.0,P10018,Global Tech Supplies
2023-08-10,West,HDMI Cable,3,570.0,Store D,Corporate,0.05,David,1710.0,Credit Card,BLACKFRIDAY,0,REG100945,Cust C5360,1542.63,2023-08-10,2023-08-17,Elena,Accessories,600.0,250.0,P10005,Global Tech Supplies
2024-10-22,West,Smartphone,3,49500.0,Store D,Corporate,0.1,Eva,148500.0,Credit Card,SAVE10,0,REG100946,Cust C5027,1600.72,2024-10-22,2024-10-28,Elena,Electronics,55000.0,32000.0,P10018,Global Tech Supplies
2025-05-19,South,Bookshelf,4,7650.0,Store C,Corporate,0.1,Eva,30600.0,Credit Card,FREESHIP,0,REG100947,Cust C5076,2144.04,2025-05-19,2025-05-29,Marcus,Furniture,8500.0,4200.0,P10012,FurnitureWorld Inc.
2025-06-27,North,Wireless Mouse,1,1200.0,Store A,Retail,0.2,David,1200.0,Debit Card,SAVE10,0,REG100948,Cust C5284,1005.33,2025-06-27,2025-07-05,Eric,Accessories,1500.0,700.0,P10007,Global Tech Supplies
2023-03-30,West,HDMI Cable,5,480.0,Store D,Corporate,0.2,Grace,2400.0,Cash,FREESHIP,0,REG100949,Cust C5029,1739.26,2023-03-30,2023-04-05,Elena,Accessories,600.0,250.0,P10005,Global Tech Supplies
2024-10-04,South,4K Smart Monitor,2,28000.0,Store C,Corporate,0.0,Eva,56000.0,Cash,NONE,0,REG100950,Cust C5399,1267.66,2024-10-04,2024-10-08,Marcus,Electronics,28000.0,15000.0,P10015,Global Tech Supplies
2025-04-09,North,Laptop Backpack,1,2240.0,Store A,Corporate,0.2,Eva,2240.0,Debit Card,FREESHIP,0,REG100951,Cust C5082,1288.37,2025-04-09,2025-04-12,Eric,Accessories,2800.0,1200.0,P10009,SupplyCo Direct
2023-10-04,West,Mechanical Keyboard,5,4500.0,Store D,Retail,0.0,Bob,22500.0,Cash,BLACKFRIDAY,1,REG100952,Cust C5215,2198.12,2023-10-04,2023-10-10,Elena,Electronics,4500.0,2200.0,P10010,Global Tech Supplies
2025-06-25,North,Bookshelf,1,8075.0,Store A,Corporate,0.05,Frank,8075.0,UPI,FREESHIP,0,REG100953,Cust C5285,2104.94,2025-06-25,2025-07-04,Eric,Furniture,8500.0,4200.0,P10012,FurnitureWorld Inc.
2024-08-06,North,Spiral Notebook,30,142.5,Store A,Wholesale,0.05,Bob,4275.0,Cash,SAVE10,0,REG100954,Cust C5351,1226.64,2024-08-06,2024-08-15,Eric,Office Supplies,150.0,60.0,P10001,OfficePro Distro
2024-05-27,West,Bookshelf,3,6800.0,Store D,Corporate,0.2,Frank,20400.0,UPI,NONE,0,REG100955,Cust C5307,1176.0,2024-05-27,2024-05-29,Elena,Furniture,8500.0,4200.0,P10012,FurnitureWorld Inc.
2023-05-11,North,Smartphone,9,52250.0,Store A,Wholesale,0.05,Eva,470250.0,Debit Card,BUNDLE15,0,REG100956,Cust C5150,1818.55,2023-05-11,2023-05-16,Eric,Electronics,55000.0,32000.0,P10018,Global Tech Supplies
2023-12-20,East,Spiral Notebook,4,150.0,Store B,Corporate,0.0,Bob,600.0,Debit Card,FREESHIP,0,REG100957,Cust C5229,2261.43,2023-12-20,2023-12-23,Sophie,Office Supplies,150.0,60.0,P10001,OfficePro Distro
2025-04-08,South,Sticky Notes Bundle,2,170.0,Store C,Corporate,0.15,David,340.0,Net Banking,FREESHIP,0,REG100958,Cust C5272,2126.57,2025-04-08,2025-04-17,Marcus,Office Supplies,200.0,80.0,P10002,OfficePro Distro
2024-12-03,North,LED Desk Lamp,4,1980.0,Store A,Retail,0.1,Eva,7920.0,UPI,BLACKFRIDAY,0,REG100959,Cust C5274,503.67,2024-12-03,2024-12-13,Eric,Furniture,2200.0,1000.0,P10008,FurnitureWorld Inc.
2025-01-03,North,Sticky Notes Bundle,4,180.0,Store A,Retail,0.1,Frank,720.0,UPI,BLACKFRIDAY,0,REG100960,Cust C5394,907.01,2025-01-03,2025-01-11,Eric,Office Supplies,200.0,80.0,P10002,OfficePro Distro
2023-02-16,East,Laptop Backpack,1,2660.0,Store B,Retail,0.05,David,2660.0,Debit Card,BUNDLE15,0,REG100961,Cust C5288,926.87,2023-02-16,2023-02-20,Sophie,Accessories,2800.0,1200.0,P10009,SupplyCo Direct
2024-05-28,East,Laser Printer,12,16650.0,Store B,Wholesale,0.1,Charlie,199800.0,Credit Card,FREESHIP,0,REG100962,Cust C5182,1027.82,2024-05-28,2024-06-06,Sophie,Electronics,18500.0,9500.0,P10014,Global Tech Supplies
2024-01-29,South,Smartphone,11,55000.0,Store C,Wholesale,0.0,Eva,605000.0,Net Banking,BLACKFRIDAY,0,REG100963,Cust C5136,1953.07,2024-01-29,2024-02-08,Marcus,Electronics,55000.0,32000.0,P10018,Global Tech Supplies
2025-06-14,South,Ergonomic Office Chair,8,14500.0,Store C,Wholesale,0.0,Bob,116000.0,Debit Card,FREESHIP,0,REG100964,Cust C5027,303.41,2025-06-14,2025-06-24,Marcus,Furniture,14500.0,7500.0,P10013,FurnitureWorld Inc.
2025-05-18,South,Laptop Backpack,4,2520.0,Store C,Retail,0.1,Bob,10080.0,Cash,FREESHIP,0,REG100965,Cust C5178,1629.92,2025-05-18,2025-05-23,Marcus,Accessories,2800.0,1200.0,P10009,SupplyCo Direct
2023-10-22,South,Standing Desk,1,34200.0,Store C,Retail,0.1,Charlie,34200.0,UPI,FREESHIP,0,REG100966,Cust C5159,1785.7,2023-10-22,2023-10-31,Marcus,Furniture,38000.0,20000.0,P10017,FurnitureWorld Inc.
2025-02-22,East,Ergonomic Office Chair,11,14500.0,Store B,Wholesale,0.0,Frank,159500.0,UPI,NONE,0,REG100967,Cust C5171,1587.72,2025-02-22,2025-02-27,Sophie,Furniture,14500.0,7500.0,P10013,FurnitureWorld Inc.
2024-10-25,West,Gaming Laptop,4,76000.0,Store D,Retail,0.2,Frank,304000.0,Cash,FREESHIP,0,REG100968,Cust C5186,2167.66,2024-10-25,2024-10-28,Elena,Electronics,95000.0,58000.0,P10019,Global Tech Supplies
2023-07-02,East,Laptop Backpack,2,2660.0,Store B,Retail,0.05,Bob,5320.0,Debit Card,NONE,0,REG100969,Cust C5331,2234.36,2023-07-02,2023-07-12,Sophie,Accessories,2800.0,1200.0,P10009,SupplyCo Direct
2025-01-06,West,4K Smart Monitor,1,22400.0,Store D,Retail,0.2,Frank,22400.0,Net Banking,BUNDLE15,0,REG100970,Cust C5365,2179.73,2025-01-06,2025-01-09,Elena,Electronics,28000.0,15000.0,P10015,Global Tech Supplies
2025-04-17,South,4K Smart Monitor,9,28000.0,Store C,Wholesale,0.0,Grace,252000.0,Cash,BLACKFRIDAY,0,REG100971,Cust C5001,1454.66,2025-04-17,2025-04-22,Marcus,Electronics,28000.0,15000.0,P10015,Global Tech Supplies
2023-04-12,West,HDMI Cable,5,510.0,Store D,Retail,0.15,Charlie,2550.0,Cash,SAVE10,1,REG100972,Cust C5240,1970.21,2023-04-12,2023-04-18,Elena,Accessories,600.0,250.0,P10005,Global Tech Supplies
2024-02-04,West,Mechanical Keyboard,2,3600.0,Store D,Corporate,0.2,Alice,7200.0,Net Banking,NONE,0,REG100973,Cust C5213,1845.26,2024-02-04,2024-02-14,Elena,Electronics,4500.0,2200.0,P10010,Global Tech Supplies
2025-04-04,West,Standing Desk,10,34200.0,Store D,Wholesale,0.1,Eva,342000.0,Debit Card,SAVE10,0,REG100974,Cust C5028,1404.06,2025-04-04,2025-04-13,Elena,Furniture,38000.0,20000.0,P10017,FurnitureWorld Inc.
2023-06-16,South,Laser Printer,5,15725.0,Store C,Corporate,0.15,Grace,78625.0,UPI,FREESHIP,0,REG100975,Cust C5327,1892.93,2023-06-16,2023-06-19,Marcus,Electronics,18500.0,9500.0,P10014,Global Tech Supplies
2024-03-05,East,Ballpoint Pen Pack,41,225.0,Store B,Wholesale,0.1,Frank,9225.0,Cash,FREESHIP,0,REG100976,Cust C5071,888.14,2024-03-05,2024-03-07,Sophie,Office Supplies,250.0,100.0,P10003,OfficePro Distro
2024-03-09,West,Bookshelf,6,6800.0,Store D,Wholesale,0.2,Eva,40800.0,UPI,SAVE10,0,REG100977,Cust C5212,1672.88,2024-03-09,2024-03-16,Elena,Furniture,8500.0,4200.0,P10012,FurnitureWorld Inc.
2024-04-06,East,Standing Desk,2,30400.0,Store B,Retail,0.2,Alice,60800.0,Credit Card,SAVE10,0,REG100978,Cust C5157,1001.67,2024-04-06,2024-04-11,Sophie,Furniture,38000.0,20000.0,P10017,FurnitureWorld Inc.
2024-08-19,South,Laptop Backpack,3,2660.0,Store C,Retail,0.05,Frank,7980.0,Credit Card,FREESHIP,0,REG100979,Cust C5028,1793.98,2024-08-19,2024-08-23,Marcus,Accessories,2800.0,1200.0,P10009,SupplyCo Direct
2023-04-15,North,Tablet,3,27200.0,Store A,Retail,0.15,Alice,81600.0,Debit Card,BLACKFRIDAY,0,REG100980,Cust C5170,1974.37,2023-04-15,2023-04-23,Eric,Electronics,32000.0,18000.0,P10016,Global Tech Supplies
2023-05-18,East,Laser Printer,2,18500.0,Store B,Corporate,0.0,Charlie,37000.0,UPI,SAVE10,0,REG100981,Cust C5237,672.73,2023-05-18,2023-05-27,Sophie,Electronics,18500.0,9500.0,P10014,Global Tech Supplies
2024-01-25,North,Ballpoint Pen Pack,4,212.5,Store A,Corporate,0.15,Charlie,850.0,Credit Card,SAVE10,0,REG100982,Cust C5151,734.56,2024-01-25,2024-01-27,Eric,Office Supplies,250.0,100.0,P10003,OfficePro Distro
2023-07-05,North,Laser Printer,3,17575.0,Store A,Retail,0.05,Frank,52725.0,Net Banking,SAVE10,0,REG100983,Cust C5037,1115.58,2023-07-05,2023-07-13,Eric,Electronics,18500.0,9500.0,P10014,Global Tech Supplies
2023-02-08,West,Smartphone,6,52250.0,Store D,Wholesale,0.05,Alice,313500.0,Debit Card,SAVE10,0,REG100984,Cust C5369,1027.97,2023-02-08,2023-02-12,Elena,Electronics,55000.0,32000.0,P10018,Global Tech Supplies
2023-05-14,West,A4 Printer Paper (500 Sheets),5,382.5,Store D,Corporate,0.15,Frank,1912.5,Debit Card,BLACKFRIDAY,0,REG100985,Cust C5134,1041.47,2023-05-14,2023-05-19,Elena,Office Supplies,450.0,220.0,P10004,OfficePro Distro
2024-10-10,North,Ergonomic Office Chair,3,13775.0,Store A,Corporate,0.05,Bob,41325.0,Credit Card,FREESHIP,0,REG100986,Cust C5240,860.8,2024-10-10,2024-10-14,Eric,Furniture,14500.0,7500.0,P10013,FurnitureWorld Inc.
2025-04-02,South,Wireless Earbuds,1,5525.0,Store C,Retail,0.15,Eva,5525.0,UPI,NONE,0,REG100987,Cust C5115,2410.76,2025-04-02,2025-04-07,Marcus,Electronics,6500.0,3200.0,P10011,Global Tech Supplies
2024-04-29,East,Standing Desk,2,36100.0,Store B,Corporate,0.05,David,72200.0,UPI,FREESHIP,0,REG100988,Cust C5259,816.3,2024-04-29,2024-05-06,Sophie,Furniture,38000.0,20000.0,P10017,FurnitureWorld Inc.
2023-12-09,East,LED Desk Lamp,25,1870.0,Store B,Wholesale,0.15,Eva,46750.0,UPI,BLACKFRIDAY,0,REG100989,Cust C5302,1370.97,2023-12-09,2023-12-16,Sophie,Furniture,2200.0,1000.0,P10008,FurnitureWorld Inc.
2025-06-23,South,Smartphone,4,44000.0,Store C,Corporate,0.2,Eva,176000.0,Cash,NONE,0,REG100990,Cust C5199,883.3,2025-06-23,2025-06-28,Marcus,Electronics,55000.0,32000.0,P10018,Global Tech Supplies
2024-05-15,South,Bookshelf,1,6800.0,Store C,Retail,0.2,Bob,6800.0,Net Banking,BUNDLE15,0,REG100991,Cust C5376,1259.95,2024-05-15,2024-05-20,Marcus,Furniture,8500.0,4200.0,P10012,FurnitureWorld Inc.
2023-11-08,North,Mechanical Keyboard,5,4050.0,Store A,Wholesale,0.1,Alice,20250.0,Debit Card,BUNDLE15,0,REG100992,Cust C5161,435.96,2023-11-08,2023-11-14,Eric,Electronics,4500.0,2200.0,P10010,Global Tech Supplies
2025-03-11,South,Ergonomic Office Chair,5,11600.0,Store C,Corporate,0.2,Alice,58000.0,Net Banking,FREESHIP,0,REG100993,Cust C5382,1657.82,2025-03-11,2025-03-18,Marcus,Furniture,14500.0,7500.0,P10013,FurnitureWorld Inc.
2025-06-05,West,Ergonomic Office Chair,2,13775.0,Store D,Retail,0.05,Charlie,27550.0,Credit Card,NONE,0,REG100994,Cust C5021,865.79,2025-06-05,2025-06-09,Elena,Furniture,14500.0,7500.0,P10013,FurnitureWorld Inc.
2024-08-10,North,LED Desk Lamp,5,1870.0,Store A,Retail,0.15,Frank,9350.0,Credit Card,BUNDLE15,0,REG100995,Cust C5051,1279.46,2024-08-10,2024-08-13,Eric,Furniture,2200.0,1000.0,P10008,FurnitureWorld Inc.
2025-02-19,North,Wireless Earbuds,5,6175.0,Store A,Wholesale,0.05,Eva,30875.0,Net Banking,NONE,0,REG100996,Cust C5078,2444.6,2025-02-19,2025-02-22,Eric,Electronics,6500.0,3200.0,P10011,Global Tech Supplies
2023-06-11,East,HDMI Cable,27,600.0,Store B,Wholesale,0.0,Bob,16200.0,Debit Card,FREESHIP,0,REG100997,Cust C5394,204.55,2023-06-11,2023-06-21,Sophie,Accessories,600.0,250.0,P10005,Global Tech Supplies
2025-01-25,South,HDMI Cable,2,540.0,Store C,Retail,0.1,Frank,1080.0,Credit Card,NONE,0,REG100998,Cust C5118,251.43,2025-01-25,2025-01-29,Marcus,Accessories,600.0,250.0,P10005,Global Tech Supplies
2023-05-13,East,A4 Printer Paper (500 Sheets),2,360.0,Store B,Corporate,0.2,Bob,720.0,Debit Card,SAVE10,0,REG100999,Cust C5344,1452.52,2023-05-13,2023-05-22,Sophie,Office Supplies,450.0,220.0,P10004,OfficePro Distro
2024-08-03,West,Gaming Laptop,3,90250.0,Store D,Corporate,0.05,Eva,270750.0,Debit Card,BUNDLE15,0,REG101000,Cust C5082,729.58,2024-08-03,2024-08-06,Elena,Electronics,95000.0,58000.0,P10019,Global Tech Supplies
2023-07-08,West,Tablet,3,25600.0,Store D,Corporate,0.2,Grace,76800.0,Net Banking,FREESHIP,0,REG101001,Cust C5249,1138.17,2023-07-08,2023-07-14,Elena,Electronics,32000.0,18000.0,P10016,Global Tech Supplies
2024-04-14,West,Smartphone,1,46750.0,Store D,Retail,0.15,Eva,46750.0,Credit Card,NONE,0,REG101002,Cust C5001,2281.74,2024-04-14,2024-04-21,Elena,Electronics,55000.0,32000.0,P10018,Global Tech Supplies
2024-02-06,North,Sticky Notes Bundle,1,170.0,Store A,Retail,0.15,Alice,170.0,Debit Card,BUNDLE15,0,REG101003,Cust C5096,496.38,2024-02-06,2024-02-11,Eric,Office Supplies,200.0,80.0,P10002,OfficePro Distro
2023-03-12,West,USB Flash Drive 64GB,4,760.0,Store D,Corporate,0.05,Charlie,3040.0,Debit Card,BLACKFRIDAY,0,REG101004,Cust C5074,630.14,2023-03-12,2023-03-21,Elena,Accessories,800.0,350.0,P10006,Global Tech Supplies
2024-12-25,West,Gaming Laptop,13,90250.0,Store D,Wholesale,0.05,Frank,1173250.0,Debit Card,SAVE10,0,REG101005,Cust C5093,1870.45,2024-12-25,2025-01-03,Elena,Electronics,95000.0,58000.0,P10019,Global Tech Supplies
2023-10-14,North,HDMI Cable,2,480.0,Store A,Retail,0.2,Eva,960.0,Credit Card,SAVE10,0,REG101006,Cust C5082,581.23,2023-10-14,2023-10-22,Eric,Accessories,600.0,250.0,P10005,Global Tech Supplies
2024-05-27,East,Ballpoint Pen Pack,2,237.5,Store B,Retail,0.05,David,475.0,Credit Card,BUNDLE15,0,REG101007,Cust C5014,977.06,2024-05-27,2024-06-03,Sophie,Office Supplies,250.0,100.0,P10003,OfficePro Distro
2025-04-17,South,Gaming Laptop,3,95000.0,Store C,Corporate,0.0,Charlie,285000.0,Debit Card,SAVE10,0,REG101008,Cust C5087,888.38,2025-04-17,2025-04-19,Marcus,Electronics,95000.0,58000.0,P10019,Global Tech Supplies
2025-04-10,South,HDMI Cable,11,510.0,Store C,Wholesale,0.15,Eva,5610.0,Credit Card,BLACKFRIDAY,0,REG101009,Cust C5330,1401.52,2025-04-10,2025-04-17,Marcus,Accessories,600.0,250.0,P10005,Global Tech Supplies
2023-10-14,North,Bookshelf,2,6800.0,Store A,Retail,0.2,Charlie,13600.0,UPI,FREESHIP,0,REG101010,Cust C5235,652.22,2023-10-14,2023-10-22,Eric,Furniture,8500.0,4200.0,P10012,FurnitureWorld Inc.
2023-08-01,East,Wireless Earbuds,15,5200.0,Store B,Wholesale,0.2,Grace,78000.0,Cash,NONE,0,REG101011,Cust C5186,2369.53,2023-08-01,2023-08-11,Sophie,Electronics,6500.0,3200.0,P10011,Global Tech Supplies
2023-09-06,South,Spiral Notebook,3,135.0,Store C,Corporate,0.1,Eva,405.0,Debit Card,NONE,0,REG101012,Cust C5185,1491.2,2023-09-06,2023-09-08,Marcus,Office Supplies,150.0,60.0,P10001,OfficePro Distro
2025-04-08,South,USB Flash Drive 64GB,2,760.0,Store C,Retail,0.05,Bob,1520.0,UPI,NONE,0,REG101013,Cust C5348,1904.43,2025-04-08,2025-04-17,Marcus,Accessories,800.0,350.0,P10006,Global Tech Supplies
2025-06-13,West,Smartphone,5,46750.0,Store D,Corporate,0.15,Grace,233750.0,Debit Card,BUNDLE15,0,REG101014,Cust C5257,2070.79,2025-06-13,2025-06-16,Elena,Electronics,55000.0,32000.0,P10018,Global Tech Supplies
2025-01-06,West,Mechanical Keyboard,1,3600.0,Store D,Retail,0.2,Frank,3600.0,Debit Card,BUNDLE15,0,REG101015,Cust C5127,818.42,2025-01-06,2025-01-13,Elena,Electronics,4500.0,2200.0,P10010,Global Tech Supplies
2024-08-08,West,Sticky Notes Bundle,4,190.0,Store D,Corporate,0.05,Alice,760.0,Credit Card,FREESHIP,0,REG101016,Cust C5338,2142.22,2024-08-08,2024-08-12,Elena,Office Supplies,200.0,80.0,P10002,OfficePro Distro
2024-10-02,South,Bookshelf,3,8500.0,Store C,Retail,0.0,Bob,25500.0,Debit Card,NONE,0,REG101017,Cust C5210,1016.7,2024-10-02,2024-10-05,Marcus,Furniture,8500.0,4200.0,P10012,FurnitureWorld Inc.
2024-03-06,West,Laser Printer,3,14800.0,Store D,Retail,0.2,Charlie,44400.0,Cash,BUNDLE15,0,REG101018,Cust C5378,2384.23,2024-03-06,2024-03-16,Elena,Electronics,18500.0,9500.0,P10014,Global Tech Supplies
2023-07-25,East,Sticky Notes Bundle,28,190.0,Store B,Wholesale,0.05,Grace,5320.0,Credit Card,SAVE10,0,REG101019,Cust C5166,2137.5,2023-07-25,2023-08-02,Sophie,Office Supplies,200.0,80.0,P10002,OfficePro Distro
2025-05-20,South,Wireless Earbuds,1,5525.0,Store C,Retail,0.15,Charlie,5525.0,UPI,SAVE10,0,REG101020,Cust C5112,878.34,2025-05-20,2025-05-25,Marcus,Electronics,6500.0,3200.0,P10011,Global Tech Supplies
2025-06-29,East,Bookshelf,1,8500.0,Store B,Retail,0.0,Frank,8500.0,Net Banking,BLACKFRIDAY,0,REG101021,Cust C5171,1600.0,2025-06-29,2025-07-05,Sophie,Furniture,8500.0,4200.0,P10012,FurnitureWorld Inc.
2023-09-04,South,Spiral Notebook,2,142.5,Store C,Corporate,0.05,Frank,285.0,Net Banking,FREESHIP,0,REG101022,Cust C5083,2480.21,2023-09-04,2023-09-07,Marcus,Office Supplies,150.0,60.0,P10001,OfficePro Distro
2024-07-16,West,Mechanical Keyboard,4,3825.0,Store D,Retail,0.15,David,15300.0,Debit Card,FREESHIP,0,REG101023,Cust C5342,1696.21,2024-07-16,2024-07-25,Elena,Electronics,4500.0,2200.0,P10010,Global Tech Supplies
2023-02-07,East,Laser Printer,4,18500.0,Store B,Corporate,0.0,Alice,74000.0,UPI,NONE,0,REG101024,Cust C5376,1405.66,2023-02-07,2023-02-16,Sophie,Electronics,18500.0,9500.0,P10014,Global Tech Supplies
2024-06-20,South,Mechanical Keyboard,14,3825.0,Store C,Wholesale,0.15,Alice,53550.0,UPI,BLACKFRIDAY,0,REG101025,Cust C5065,1672.39,2024-06-20,2024-06-22,Marcus,Electronics,4500.0,2200.0,P10010,Global Tech Supplies
2023-01-27,North,Gaming Laptop,6,76000.0,Store A,Wholesale,0.2,Grace,456000.0,UPI,BUNDLE15,0,REG101026,Cust C5336,2101.24,2023-01-27,2023-02-02,Eric,Electronics,95000.0,58000.0,P10019,Global Tech Supplies
2025-01-19,North,Wireless Mouse,1,1425.0,Store A,Corporate,0.05,Bob,1425.0,UPI,BUNDLE15,0,REG101027,Cust C5307,851.43,2025-01-19,2025-01-25,Eric,Accessories,1500.0,700.0,P10007,Global Tech Supplies
2023-05-14,North,Laptop Backpack,1,2380.0,Store A,Retail,0.15,Frank,2380.0,Credit Card,NONE,0,REG101028,Cust C5140,1743.86,2023-05-14,2023-05-17,Eric,Accessories,2800.0,1200.0,P10009,SupplyCo Direct
2025-03-15,South,Bookshelf,3,8500.0,Store C,Retail,0.0,David,25500.0,Cash,FREESHIP,0,REG101029,Cust C5262,1874.26,2025-03-15,2025-03-17,Marcus,Furniture,8500.0,4200.0,P10012,FurnitureWorld Inc.
2025-02-28,North,Laser Printer,15,16650.0,Store A,Wholesale,0.1,Charlie,249750.0,Cash,SAVE10,0,REG101030,Cust C5059,466.25,2025-02-28,2025-03-08,Eric,Electronics,18500.0,9500.0,P10014,Global Tech Supplies
2024-02-17,South,Ballpoint Pen Pack,1,225.0,Store C,Corporate,0.1,David,225.0,Net Banking,NONE,0,REG101031,Cust C5067,811.42,2024-02-17,2024-02-19,Marcus,Office Supplies,250.0,100.0,P10003,OfficePro Distro
2025-03-08,South,Ballpoint Pen Pack,1,212.5,Store C,Corporate,0.15,Alice,212.5,UPI,NONE,0,REG101032,Cust C5171,440.85,2025-03-08,2025-03-13,Marcus,Office Supplies,250.0,100.0,P10003,OfficePro Distro
2025-06-04,East,Laser Printer,2,16650.0,Store B,Retail,0.1,Bob,33300.0,Debit Card,NONE,0,REG101033,Cust C5315,1928.23,2025-06-04,2025-06-13,Sophie,Electronics,18500.0,9500.0,P10014,Global Tech Supplies
2023-11-30,West,A4 Printer Paper (500 Sheets),4,405.0,Store D,Corporate,0.1,Charlie,1620.0,Credit Card,NONE,0,REG101034,Cust C5162,629.58,2023-11-30,2023-12-02,Elena,Office Supplies,450.0,220.0,P10004,OfficePro Distro
2023-07-24,West,Sticky Notes Bundle,2,190.0,Store D,Retail,0.05,Charlie,380.0,UPI,BLACKFRIDAY,0,REG101035,Cust C5074,215.86,2023-07-24,2023-08-02,Elena,Office Supplies,200.0,80.0,P10002,OfficePro Distro
2025-04-13,South,Mechanical Keyboard,13,4500.0,Store C,Wholesale,0.0,Grace,58500.0,UPI,BLACKFRIDAY,0,REG101036,Cust C5368,1390.39,2025-04-13,2025-04-17,Marcus,Electronics,4500.0,2200.0,P10010,Global Tech Supplies
2023-11-22,East,Gaming Laptop,1,80750.0,Store B,Retail,0.15,Eva,80750.0,Cash,BLACKFRIDAY,0,REG101037,Cust C5007,428.01,2023-11-22,2023-11-27,Sophie,Electronics,95000.0,58000.0,P10019,Global Tech Supplies
2025-03-02,North,Ballpoint Pen Pack,5,250.0,Store A,Retail,0.0,Alice,1250.0,Credit Card,BLACKFRIDAY,0,REG101038,Cust C5258,1605.66,2025-03-02,2025-03-08,Eric,Office Supplies,250.0,100.0,P10003,OfficePro Distro
2024-11-08,East,A4 Printer Paper (500 Sheets),4,360.0,Store B,Corporate,0.2,Frank,1440.0,UPI,FREESHIP,0,REG101039,Cust C5156,2172.53,2024-11-08,2024-11-12,Sophie,Office Supplies,450.0,220.0,P10004,OfficePro Distro
2025-03-30,East,Laptop Backpack,29,2660.0,Store B,Wholesale,0.05,Bob,77140.0,Net Banking,BUNDLE15,0,REG101040,Cust C5022,1827.69,2025-03-30,2025-04-06,Sophie,Accessories,2800.0,1200.0,P10009,SupplyCo Direct
2023-09-06,West,USB Flash Drive 64GB,5,680.0,Store D,Corporate,0.15,Charlie,3400.0,Cash,NONE,0,REG101041,Cust C5223,2164.74,2023-09-06,2023-09-16,Elena,Accessories,800.0,350.0,P10006,Global Tech Supplies
2023-03-13,South,Sticky Notes Bundle,4,190.0,Store C,Corporate,0.05,Bob,760.0,UPI,BUNDLE15,0,REG101042,Cust C5138,541.35,2023-03-13,2023-03-17,Marcus,Office Supplies,200.0,80.0,P10002,OfficePro Distro
2024-11-10,East,Tablet,13,27200.0,Store B,Wholesale,0.15,Alice,353600.0,Cash,SAVE10,0,REG101043,Cust C5252,353.29,2024-11-10,2024-11-18,Sophie,Electronics,32000.0,18000.0,P10016,Global Tech Supplies
2024-10-10,East,Sticky Notes Bundle,2,190.0,Store B,Retail,0.05,Charlie,380.0,Net Banking,BLACKFRIDAY,0,REG101044,Cust C5049,1907.51,2024-10-10,2024-10-17,Sophie,Office Supplies,200.0,80.0,P10002,OfficePro Distro
2024-11-18,East,Smartphone,6,46750.0,Store B,Wholesale,0.15,Frank,280500.0,Credit Card,NONE,0,REG101045,Cust C5198,2105.85,2024-11-18,2024-11-23,Sophie,Electronics,55000.0,32000.0,P10018,Global Tech Supplies
2025-01-21,South,HDMI Cable,4,570.0,Store C,Corporate,0.05,Alice,2280.0,Cash,BUNDLE15,1,REG101046,Cust C5205,1682.15,2025-01-21,2025-01-24,Marcus,Accessories,600.0,250.0,P10005,Global Tech Supplies
2023-03-31,North,Laser Printer,1,16650.0,Store A,Corporate,0.1,Alice,16650.0,Cash,SAVE10,0,REG101047,Cust C5319,1748.84,2023-03-31,2023-04-02,Eric,Electronics,18500.0,9500.0,P10014,Global Tech Supplies
2024-05-10,West,Tablet,13,32000.0,Store D,Wholesale,0.0,Bob,416000.0,Cash,BLACKFRIDAY,0,REG101048,Cust C5105,1160.07,2024-05-10,2024-05-15,Elena,Electronics,32000.0,18000.0,P10016,Global Tech Supplies
2024-02-05,North,Bookshelf,4,7225.0,Store A,Corporate,0.15,Charlie,28900.0,Debit Card,NONE,0,REG101049,Cust C5366,1184.88,2024-02-05,2024-02-13,Eric,Furniture,8500.0,4200.0,P10012,FurnitureWorld Inc.
2023-12-14,North,Spiral Notebook,1,120.0,Store A,Corporate,0.2,David,120.0,Cash,SAVE10,0,REG101050,Cust C5022,1461.32,2023-12-14,2023-12-16,Eric,Office Supplies,150.0,60.0,P10001,OfficePro Distro
2023-12-26,North,Gaming Laptop,9,85500.0,Store A,Wholesale,0.1,Eva,769500.0,Debit Card,NONE,0,REG101051,Cust C5299,2039.97,2023-12-26,2024-01-02,Eric,Electronics,95000.0,58000.0,P10019,Global Tech Supplies
2024-03-03,East,Laptop Backpack,33,2800.0,Store B,Wholesale,0.0,Eva,92400.0,Cash,BLACKFRIDAY,1,REG101052,Cust C5092,229.56,2024-03-03,2024-03-06,Sophie,Accessories,2800.0,1200.0,P10009,SupplyCo Direct
2023-04-05,West,4K Smart Monitor,1,22400.0,Store D,Corporate,0.2,Eva,22400.0,Cash,SAVE10,0,REG101053,Cust C5158,1906.54,2023-04-05,2023-04-08,Elena,Electronics,28000.0,15000.0,P10015,Global Tech Supplies
2024-09-16,South,Standing Desk,1,36100.0,Store C,Retail,0.05,Eva,36100.0,UPI,NONE,0,REG101054,Cust C5142,1234.81,2024-09-16,2024-09-18,Marcus,Furniture,38000.0,20000.0,P10017,FurnitureWorld Inc.
2023-12-07,West,Laser Printer,3,18500.0,Store D,Retail,0.0,Charlie,55500.0,Credit Card,NONE,0,REG101055,Cust C5252,633.03,2023-12-07,2023-12-14,Elena,Electronics,18500.0,9500.0,P10014,Global Tech Supplies
2024-10-22,South,4K Smart Monitor,3,22400.0,Store C,Retail,0.2,Bob,67200.0,Cash,BUNDLE15,0,REG101056,Cust C5275,320.61,2024-10-22,2024-10-26,Marcus,Electronics,28000.0,15000.0,P10015,Global Tech Supplies
2023-08-07,North,Wireless Mouse,45,1350.0,Store A,Wholesale,0.1,David,60750.0,Net Banking,FREESHIP,0,REG101057,Cust C5184,1187.5,2023-08-07,2023-08-15,Eric,Accessories,1500.0,700.0,P10007,Global Tech Supplies
2025-06-28,North,Wireless Earbuds,4,5850.0,Store A,Retail,0.1,Bob,23400.0,Net Banking,NONE,0,REG101058,Cust C5306,854.25,2025-06-28,2025-07-05,Eric,Electronics,6500.0,3200.0,P10011,Global Tech Supplies
2024-04-14,North,USB Flash Drive 64GB,2,800.0,Store A,Retail,0.0,Grace,1600.0,UPI,NONE,0,REG101059,Cust C5045,1332.93,2024-04-14,2024-04-24,Eric,Accessories,800.0,350.0,P10006,Global Tech Supplies
2024-05-29,North,HDMI Cable,1,540.0,Store A,Retail,0.1,Alice,540.0,Cash,BLACKFRIDAY,0,REG101060,Cust C5207,2069.31,2024-05-29,2024-06-02,Eric,Accessories,600.0,250.0,P10005,Global Tech Supplies
2024-05-15,South,4K Smart Monitor,1,25200.0,Store C,Corporate,0.1,Alice,25200.0,Cash,NONE,0,REG101061,Cust C5204,2239.24,2024-05-15,2024-05-25,Marcus,Electronics,28000.0,15000.0,P10015,Global Tech Supplies
2023-11-16,South,Ergonomic Office Chair,3,14500.0,Store C,Corporate,0.0,Charlie,43500.0,Net Banking,NONE,0,REG101062,Cust C5302,713.79,2023-11-16,2023-11-22,Marcus,Furniture,14500.0,7500.0,P10013,FurnitureWorld Inc.
2024-12-07,East,HDMI Cable,18,510.0,Store B,Wholesale,0.15,Charlie,9180.0,Debit Card,NONE,0,REG101063,Cust C5009,1192.51,2024-12-07,2024-12-11,Sophie,Accessories,600.0,250.0,P10005,Global Tech Supplies
2025-02-02,North,Ergonomic Office Chair,4,13050.0,Store A,Corporate,0.1,Eva,52200.0,Credit Card,NONE,0,REG101064,Cust C5169,1018.11,2025-02-02,2025-02-06,Eric,Furniture,14500.0,7500.0,P10013,FurnitureWorld Inc.
2024-01-28,South,Gaming Laptop,3,80750.0,Store C,Corporate,0.15,Eva,242250.0,Credit Card,SAVE10,0,REG101065,Cust C5319,2209.15,2024-01-28,2024-02-07,Marcus,Electronics,95000.0,58000.0,P10019,Global Tech Supplies
2023-12-27,South,4K Smart Monitor,5,28000.0,Store C,Corporate,0.0,Eva,140000.0,Debit Card,BLACKFRIDAY,0,REG101066,Cust C5119,298.09,2023-12-27,2024-01-01,Marcus,Electronics,28000.0,15000.0,P10015,Global Tech Supplies
2023-11-07,South,Ballpoint Pen Pack,4,237.5,Store C,Retail,0.05,Grace,950.0,UPI,BLACKFRIDAY,1,REG101067,Cust C5193,2279.19,2023-11-07,2023-11-13,Marcus,Office Supplies,250.0,100.0,P10003,OfficePro Distro
2024-03-24,South,Sticky Notes Bundle,5,170.0,Store C,Retail,0.15,Grace,850.0,Credit Card,NONE,0,REG101068,Cust C5200,903.71,2024-03-24,2024-03-31,Marcus,Office Supplies,200.0,80.0,P10002,OfficePro Distro
2023-07-04,South,Wireless Mouse,3,1425.0,Store C,Retail,0.05,Frank,4275.0,Net Banking,BLACKFRIDAY,0,REG101069,Cust C5084,2344.72,2023-07-04,2023-07-06,Marcus,Accessories,1500.0,700.0,P10007,Global Tech Supplies
2025-05-17,East,Wireless Earbuds,15,5525.0,Store B,Wholesale,0.15,Grace,82875.0,Credit Card,NONE,0,REG101070,Cust C5035,380.37,2025-05-17,2025-05-22,Sophie,Electronics,6500.0,3200.0,P10011,Global Tech Supplies
2024-02-17,West,Laser Printer,4,14800.0,Store D,Corporate,0.2,David,59200.0,Net Banking,FREESHIP,0,REG101071,Cust C5010,301.72,2024-02-17,2024-02-19,Elena,Electronics,18500.0,9500.0,P10014,Global Tech Supplies
2024-12-23,East,4K Smart Monitor,4,25200.0,Store B,Retail,0.1,Grace,100800.0,Cash,SAVE10,0,REG101072,Cust C5066,1029.23,2024-12-23,2024-12-29,Sophie,Electronics,28000.0,15000.0,P10015,Global Tech Supplies
2024-12-20,South,Wireless Earbuds,3,5850.0,Store C,Corporate,0.1,Frank,17550.0,Credit Card,BLACKFRIDAY,0,REG101073,Cust C5009,1639.82,2024-12-20,2024-12-22,Marcus,Electronics,6500.0,3200.0,P10011,Global Tech Supplies
2025-02-03,East,Wireless Mouse,48,1275.0,Store B,Wholesale,0.15,Alice,61200.0,Debit Card,FREESHIP,0,REG101074,Cust C5267,1937.63,2025-02-03,2025-02-09,Sophie,Accessories,1500.0,700.0,P10007,Global Tech Supplies
2023-05-21,North,Ergonomic Office Chair,7,13775.0,Store A,Wholesale,0.05,Bob,96425.0,UPI,FREESHIP,0,REG101075,Cust C5363,1780.86,2023-05-21,2023-05-29,Eric,Furniture,14500.0,7500.0,P10013,FurnitureWorld Inc.
2024-05-05,North,Wireless Mouse,16,1200.0,Store A,Wholesale,0.2,Frank,19200.0,Cash,BUNDLE15,0,REG101076,Cust C5149,1621.33,2024-05-05,2024-05-07,Eric,Accessories,1500.0,700.0,P10007,Global Tech Supplies
2024-01-03,North,Spiral Notebook,2,142.5,Store A,Corporate,0.05,Grace,285.0,Debit Card,NONE,0,REG101077,Cust C5141,2338.78,2024-01-03,2024-01-05,Eric,Office Supplies,150.0,60.0,P10001,OfficePro Distro
2024-09-09,East,Standing Desk,6,34200.0,Store B,Wholesale,0.1,Grace,205200.0,Net Banking,BLACKFRIDAY,0,REG101078,Cust C5102,1368.29,2024-09-09,2024-09-15,Sophie,Furniture,38000.0,20000.0,P10017,FurnitureWorld Inc.
2025-02-09,West,Mechanical Keyboard,1,4050.0,Store D,Retail,0.1,Bob,4050.0,Cash,SAVE10,0,REG101079,Cust C5157,1253.07,2025-02-09,2025-02-15,Elena,Electronics,4500.0,2200.0,P10010,Global Tech Supplies
2025-04-25,South,Wireless Mouse,4,1500.0,Store C,Corporate,0.0,David,6000.0,Debit Card,FREESHIP,0,REG101080,Cust C5228,1369.23,2025-04-25,2025-04-27,Marcus,Accessories,1500.0,700.0,P10007,Global Tech Supplies
2025-02-06,East,Wireless Earbuds,5,5525.0,Store B,Wholesale,0.15,Grace,27625.0,Net Banking,SAVE10,0,REG101081,Cust C5200,1700.31,2025-02-06,2025-02-13,Sophie,Electronics,6500.0,3200.0,P10011,Global Tech Supplies
2023-10-03,North,Ergonomic Office Chair,9,12325.0,Store A,Wholesale,0.15,Grace,110925.0,UPI,BUNDLE15,0,REG101082,Cust C5182,394.43,2023-10-03,2023-10-07,Eric,Furniture,14500.0,7500.0,P10013,FurnitureWorld Inc.
2024-03-23,South,HDMI Cable,3,600.0,Store C,Corporate,0.0,Grace,1800.0,Credit Card,FREESHIP,0,REG101083,Cust C5393,1369.1,2024-03-23,2024-03-31,Marcus,Accessories,600.0,250.0,P10005,Global Tech Supplies
2024-07-12,South,Laser Printer,5,15725.0,Store C,Retail,0.15,Frank,78625.0,Debit Card,BUNDLE15,0,REG101084,Cust C5230,572.52,2024-07-12,2024-07-19,Marcus,Electronics,18500.0,9500.0,P10014,Global Tech Supplies
2023-03-11,West,Sticky Notes Bundle,15,200.0,Store D,Wholesale,0.0,Grace,3000.0,UPI,BLACKFRIDAY,0,REG101085,Cust C5130,1332.98,2023-03-11,2023-03-17,Elena,Office Supplies,200.0,80.0,P10002,OfficePro Distro
2023-03-04,North,Spiral Notebook,42,127.5,Store A,Wholesale,0.15,Charlie,5355.0,Cash,BUNDLE15,0,REG101086,Cust C5346,2017.16,2023-03-04,2023-03-08,Eric,Office Supplies,150.0,60.0,P10001,OfficePro Distro
2024-10-02,East,4K Smart Monitor,12,23800.0,Store B,Wholesale,0.15,Alice,285600.0,Credit Card,SAVE10,0,REG101087,Cust C5133,1079.58,2024-10-02,2024-10-12,Sophie,Electronics,28000.0,15000.0,P10015,Global Tech Supplies
2023-10-17,North,Tablet,4,30400.0,Store A,Retail,0.05,Grace,121600.0,Credit Card,BLACKFRIDAY,0,REG101088,Cust C5003,826.86,2023-10-17,2023-10-24,Eric,Electronics,32000.0,18000.0,P10016,Global Tech Supplies
2025-04-18,West,USB Flash Drive 64GB,3,680.0,Store D,Corporate,0.15,Frank,2040.0,Net Banking,BUNDLE15,0,REG101089,Cust C5114,615.93,2025-04-18,2025-04-25,Elena,Accessories,800.0,350.0,P10006,Global Tech Supplies
2024-01-14,West,USB Flash Drive 64GB,10,720.0,Store D,Wholesale,0.1,Eva,7200.0,Cash,BLACKFRIDAY,0,REG101090,Cust C5156,739.04,2024-01-14,2024-01-20,Elena,Accessories,800.0,350.0,P10006,Global Tech Supplies
2024-09-27,South,4K Smart Monitor,11,26600.0,Store C,Wholesale,0.05,Bob,292600.0,Credit Card,NONE,0,REG101091,Cust C5321,1710.42,2024-09-27,2024-10-04,Marcus,Electronics,28000.0,15000.0,P10015,Global Tech Supplies
2023-02-04,West,Laptop Backpack,41,2520.0,Store D,Wholesale,0.1,Eva,103320.0,Credit Card,BLACKFRIDAY,0,REG101092,Cust C5183,2190.89,2023-02-04,2023-02-11,Elena,Accessories,2800.0,1200.0,P10009,SupplyCo Direct
2024-07-29,North,Spiral Notebook,20,120.0,Store A,Wholesale,0.2,Charlie,2400.0,Credit Card,BLACKFRIDAY,0,REG101093,Cust C5031,2120.09,2024-07-29,2024-08-07,Eric,Office Supplies,150.0,60.0,P10001,OfficePro Distro
2023-03-06,West,HDMI Cable,2,480.0,Store D,Corporate,0.2,Grace,960.0,Debit Card,SAVE10,0,REG101094,Cust C5332,824.26,2023-03-06,2023-03-13,Elena,Accessories,600.0,250.0,P10005,Global Tech Supplies
2025-01-04,West,Gaming Laptop,3,85500.0,Store D,Corporate,0.1,Grace,256500.0,Debit Card,NONE,0,REG101095,Cust C5090,821.73,2025-01-04,2025-01-09,Elena,Electronics,95000.0,58000.0,P10019,Global Tech Supplies
2023-11-05,North,Laptop Backpack,4,2240.0,Store A,Corporate,0.2,Eva,8960.0,Cash,BLACKFRIDAY,0,REG101096,Cust C5321,1816.0,2023-11-05,2023-11-13,Eric,Accessories,2800.0,1200.0,P10009,SupplyCo Direct
2023-07-24,West,4K Smart Monitor,4,26600.0,Store D,Corporate,0.05,Grace,106400.0,Net Banking,NONE,0,REG101097,Cust C5224,580.78,2023-07-24,2023-07-30,Elena,Electronics,28000.0,15000.0,P10015,Global Tech Supplies
2023-07-18,West,4K Smart Monitor,3,28000.0,Store D,Corporate,0.0,Grace,84000.0,Net Banking,SAVE10,0,REG101098,Cust C5062,2245.26,2023-07-18,2023-07-27,Elena,Electronics,28000.0,15000.0,P10015,Global Tech Supplies
2024-01-23,East,Tablet,5,30400.0,Store B,Retail,0.05,Alice,152000.0,Debit Card,NONE,0,REG101099,Cust C5101,1861.74,2024-01-23,2024-02-01,Sophie,Electronics,32000.0,18000.0,P10016,Global Tech Supplies
2024-08-05,North,Wireless Mouse,36,1275.0,Store A,Wholesale,0.15,Alice,45900.0,Net Banking,SAVE10,0,REG101100,Cust C5367,2194.41,2024-08-05,2024-08-08,Eric,Accessories,1500.0,700.0,P10007,Global Tech Supplies
2024-05-06,West,Ergonomic Office Chair,5,14500.0,Store D,Retail,0.0,David,72500.0,Cash,SAVE10,0,REG101101,Cust C5159,518.82,2024-05-06,2024-05-14,Elena,Furniture,14500.0,7500.0,P10013,FurnitureWorld Inc.
2024-10-29,West,Tablet,5,27200.0,Store D,Wholesale,0.15,Alice,136000.0,Net Banking,BUNDLE15,0,REG101102,Cust C5233,2469.87,2024-10-29,2024-11-08,Elena,Electronics,32000.0,18000.0,P10016,Global Tech Supplies
2024-04-16,South,Laptop Backpack,44,2380.0,Store C,Wholesale,0.15,Bob,104720.0,Debit Card,SAVE10,0,REG101103,Cust C5088,1052.39,2024-04-16,2024-04-20,Marcus,Accessories,2800.0,1200.0,P10009,SupplyCo Direct
2025-03-14,North,Sticky Notes Bundle,24,200.0,Store A,Wholesale,0.0,Charlie,4800.0,Debit Card,FREESHIP,0,REG101104,Cust C5122,1987.82,2025-03-14,2025-03-19,Eric,Office Supplies,200.0,80.0,P10002,OfficePro Distro
2025-05-02,West,Mechanical Keyboard,3,4050.0,Store D,Retail,0.1,Grace,12150.0,Credit Card,NONE,0,REG101105,Cust C5095,1391.16,2025-05-02,2025-05-05,Elena,Electronics,4500.0,2200.0,P10010,Global Tech Supplies
2023-03-28,South,Gaming Laptop,1,76000.0,Store C,Retail,0.2,David,76000.0,Net Banking,BUNDLE15,0,REG101106,Cust C5013,1237.18,2023-03-28,2023-04-06,Marcus,Electronics,95000.0,58000.0,P10019,Global Tech Supplies
2023-08-03,North,Wireless Mouse,30,1350.0,Store A,Wholesale,0.1,Bob,40500.0,Net Banking,FREESHIP,0,REG101107,Cust C5100,760.71,2023-08-03,2023-08-06,Eric,Accessories,1500.0,700.0,P10007,Global Tech Supplies
2025-05-25,North,Wireless Earbuds,8,6175.0,Store A,Wholesale,0.05,Frank,49400.0,Credit Card,NONE,0,REG101108,Cust C5377,1797.04,2025-05-25,2025-05-30,Eric,Electronics,6500.0,3200.0,P10011,Global Tech Supplies
2023-11-04,South,USB Flash Drive 64GB,48,720.0,Store C,Wholesale,0.1,Eva,34560.0,Cash,FREESHIP,0,REG101109,Cust C5296,358.72,2023-11-04,2023-11-12,Marcus,Accessories,800.0,350.0,P10006,Global Tech Supplies
2023-02-13,West,4K Smart Monitor,1,23800.0,Store D,Retail,0.15,Frank,23800.0,Credit Card,FREESHIP,0,REG101110,Cust C5272,1028.86,2023-02-13,2023-02-18,Elena,Electronics,28000.0,15000.0,P10015,Global Tech Supplies
2023-03-10,North,USB Flash Drive 64GB,3,720.0,Store A,Retail,0.1,Grace,2160.0,Net Banking,BUNDLE15,0,REG101111,Cust C5098,1053.06,2023-03-10,2023-03-16,Eric,Accessories,800.0,350.0,P10006,Global Tech Supplies
2024-03-23,East,Standing Desk,11,36100.0,Store B,Wholesale,0.05,Frank,397100.0,Debit Card,FREESHIP,0,REG101112,Cust C5153,1655.22,2024-03-23,2024-04-02,Sophie,Furniture,38000.0,20000.0,P10017,FurnitureWorld Inc.
2023-02-01,North,Standing Desk,4,36100.0,Store A,Retail,0.05,Bob,144400.0,Cash,SAVE10,0,REG101113,Cust C5389,2176.7,2023-02-01,2023-02-09,Eric,Furniture,38000.0,20000.0,P10017,FurnitureWorld Inc.
2023-10-09,North,Ergonomic Office Chair,2,13050.0,Store A,Corporate,0.1,Grace,26100.0,UPI,NONE,0,REG101114,Cust C5071,1616.78,2023-10-09,2023-10-13,Eric,Furniture,14500.0,7500.0,P10013,FurnitureWorld Inc.
2024-04-02,South,USB Flash Drive 64GB,1,720.0,Store C,Retail,0.1,David,720.0,Cash,SAVE10,0,REG101115,Cust C5339,1190.99,2024-04-02,2024-04-08,Marcus,Accessories,800.0,350.0,P10006,Global Tech Supplies
2024-05-29,East,Gaming Laptop,1,95000.0,Store B,Retail,0.0,Bob,95000.0,Cash,SAVE10,0,REG101116,Cust C5009,518.33,2024-05-29,2024-06-07,Sophie,Electronics,95000.0,58000.0,P10019,Global Tech Supplies
2024-08-24,East,Standing Desk,1,34200.0,Store B,Retail,0.1,Frank,34200.0,Debit Card,BLACKFRIDAY,0,REG101117,Cust C5399,1996.31,2024-08-24,2024-08-26,Sophie,Furniture,38000.0,20000.0,P10017,FurnitureWorld Inc.
2024-03-12,West,Mechanical Keyboard,5,3600.0,Store D,Wholesale,0.2,Eva,18000.0,UPI,SAVE10,0,REG101118,Cust C5198,1863.15,2024-03-12,2024-03-15,Elena,Electronics,4500.0,2200.0,P10010,Global Tech Supplies
2025-06-04,North,Spiral Notebook,4,135.0,Store A,Corporate,0.1,Grace,540.0,Credit Card,NONE,0,REG101119,Cust C5040,1397.86,2025-06-04,2025-06-11,Eric,Office Supplies,150.0,60.0,P10001,OfficePro Distro
2023-09-04,East,Laptop Backpack,4,2520.0,Store B,Retail,0.1,Alice,10080.0,UPI,NONE,0,REG101120,Cust C5095,802.58,2023-09-04,2023-09-12,Sophie,Accessories,2800.0,1200.0,P10009,SupplyCo Direct
2024-08-11,South,Bookshelf,2,6800.0,Store C,Corporate,0.2,Frank,13600.0,Net Banking,BLACKFRIDAY,0,REG101121,Cust C5388,1529.23,2024-08-11,2024-08-18,Marcus,Furniture,8500.0,4200.0,P10012,FurnitureWorld Inc.
2025-05-12,West,A4 Printer Paper (500 Sheets),2,450.0,Store D,Corporate,0.0,David,900.0,Net Banking,FREESHIP,1,REG101122,Cust C5033,1072.33,2025-05-12,2025-05-14,Elena,Office Supplies,450.0,220.0,P10004,OfficePro Distro
2023-01-19,East,Gaming Laptop,5,85500.0,Store B,Corporate,0.1,Alice,427500.0,Cash,NONE,0,REG101123,Cust C5203,1659.3,2023-01-19,2023-01-26,Sophie,Electronics,95000.0,58000.0,P10019,Global Tech Supplies
2025-04-24,West,Ballpoint Pen Pack,1,250.0,Store D,Retail,0.0,Bob,250.0,Net Banking,NONE,0,REG101124,Cust C5338,982.75,2025-04-24,2025-05-04,Elena,Office Supplies,250.0,100.0,P10003,OfficePro Distro
2024-09-15,East,Mechanical Keyboard,15,4275.0,Store B,Wholesale,0.05,David,64125.0,Credit Card,SAVE10,0,REG101125,Cust C5311,813.53,2024-09-15,2024-09-21,Sophie,Electronics,4500.0,2200.0,P10010,Global Tech Supplies
2023-02-04,West,Gaming Laptop,10,90250.0,Store D,Wholesale,0.05,Grace,902500.0,UPI,FREESHIP,0,REG101126,Cust C5322,663.36,2023-02-04,2023-02-07,Elena,Electronics,95000.0,58000.0,P10019,Global Tech Supplies
2025-02-01,West,Bookshelf,13,6800.0,Store D,Wholesale,0.2,Frank,88400.0,Cash,NONE,0,REG101127,Cust C5287,1906.82,2025-02-01,2025-02-05,Elena,Furniture,8500.0,4200.0,P10012,FurnitureWorld Inc.
2023-02-14,West,Mechanical Keyboard,13,4050.0,Store D,Wholesale,0.1,Charlie,52650.0,Debit Card,NONE,0,REG101128,Cust C5169,2231.99,2023-02-14,2023-02-20,Elena,Electronics,4500.0,2200.0,P10010,Global Tech Supplies
2023-06-16,East,Gaming Laptop,4,85500.0,Store B,Retail,0.1,Grace,342000.0,Debit Card,NONE,0,REG101129,Cust C5344,1940.45,2023-06-16,2023-06-22,Sophie,Electronics,95000.0,58000.0,P10019,Global Tech Supplies
2024-01-14,East,Gaming Laptop,1,95000.0,Store B,Corporate,0.0,Grace,95000.0,Cash,NONE,0,REG101130,Cust C5329,739.23,2024-01-14,2024-01-19,Sophie,Electronics,95000.0,58000.0,P10019,Global Tech Supplies
2024-03-27,West,Ergonomic Office Chair,2,13050.0,Store D,Corporate,0.1,Grace,26100.0,Debit Card,BLACKFRIDAY,0,REG101131,Cust C5259,366.76,2024-03-27,2024-03-29,Elena,Furniture,14500.0,7500.0,P10013,FurnitureWorld Inc.
2023-09-25,North,Ergonomic Office Chair,2,13050.0,Store A,Corporate,0.1,Grace,26100.0,Cash,BLACKFRIDAY,0,REG101132,Cust C5016,1556.8,2023-09-25,2023-09-30,Eric,Furniture,14500.0,7500.0,P10013,FurnitureWorld Inc.
2025-03-03,South,HDMI Cable,4,540.0,Store C,Corporate,0.1,Eva,2160.0,Cash,NONE,0,REG101133,Cust C5102,1382.02,2025-03-03,2025-03-13,Marcus,Accessories,600.0,250.0,P10005,Global Tech Supplies
2024-04-08,East,Spiral Notebook,2,150.0,Store B,Retail,0.0,Grace,300.0,Cash,BUNDLE15,0,REG101134,Cust C5282,319.01,2024-04-08,2024-04-17,Sophie,Office Supplies,150.0,60.0,P10001,OfficePro Distro
2023-07-30,South,Mechanical Keyboard,13,4050.0,Store C,Wholesale,0.1,Alice,52650.0,Credit Card,FREESHIP,1,REG101135,Cust C5282,1255.13,2023-07-30,2023-08-01,Marcus,Electronics,4500.0,2200.0,P10010,Global Tech Supplies
2024-12-08,South,Gaming Laptop,10,95000.0,Store C,Wholesale,0.0,Eva,950000.0,UPI,SAVE10,0,REG101136,Cust C5036,331.78,2024-12-08,2024-12-11,Marcus,Electronics,95000.0,58000.0,P10019,Global Tech Supplies
2024-05-21,North,Ergonomic Office Chair,3,14500.0,Store A,Retail,0.0,Charlie,43500.0,UPI,SAVE10,0,REG101137,Cust C5183,1383.82,2024-05-21,2024-05-23,Eric,Furniture,14500.0,7500.0,P10013,FurnitureWorld Inc.
2023-01-09,North,Laptop Backpack,2,2520.0,Store A,Corporate,0.1,Frank,5040.0,Cash,BUNDLE15,0,REG101138,Cust C5127,932.15,2023-01-09,2023-01-15,Eric,Accessories,2800.0,1200.0,P10009,SupplyCo Direct
2023-03-22,West,Bookshelf,7,8500.0,Store D,Wholesale,0.0,Grace,59500.0,Cash,BLACKFRIDAY,0,REG101139,Cust C5366,1725.27,2023-03-22,2023-03-28,Elena,Furniture,8500.0,4200.0,P10012,FurnitureWorld Inc.
2024-09-18,North,Ballpoint Pen Pack,1,237.5,Store A,Corporate,0.05,Charlie,237.5,UPI,BUNDLE15,0,REG101140,Cust C5301,966.65,2024-09-18,2024-09-23,Eric,Office Supplies,250.0,100.0,P10003,OfficePro Distro
2023-04-09,North,A4 Printer Paper (500 Sheets),2,427.5,Store A,Corporate,0.05,Alice,855.0,Cash,BUNDLE15,0,REG101141,Cust C5360,776.14,2023-04-09,2023-04-15,Eric,Office Supplies,450.0,220.0,P10004,OfficePro Distro
2025-04-12,West,HDMI Cable,4,600.0,Store D,Retail,0.0,Frank,2400.0,Cash,FREESHIP,0,REG101142,Cust C5211,2080.95,2025-04-12,2025-04-15,Elena,Accessories,600.0,250.0,P10005,Global Tech Supplies
2023-03-20,North,Sticky Notes Bundle,2,190.0,Store A,Retail,0.05,Alice,380.0,Net Banking,BUNDLE15,0,REG101143,Cust C5011,2447.39,2023-03-20,2023-03-23,Eric,Office Supplies,200.0,80.0,P10002,OfficePro Distro
2024-01-13,South,Ergonomic Office Chair,2,12325.0,Store C,Corporate,0.15,Frank,24650.0,Credit Card,BUNDLE15,0,REG101144,Cust C5280,629.55,2024-01-13,2024-01-21,Marcus,Furniture,14500.0,7500.0,P10013,FurnitureWorld Inc.
2023-09-04,South,A4 Printer Paper (500 Sheets),20,382.5,Store C,Wholesale,0.15,Alice,7650.0,Net Banking,FREESHIP,0,REG101145,Cust C5258,603.0,2023-09-04,2023-09-10,Marcus,Office Supplies,450.0,220.0,P10004,OfficePro Distro
2023-07-24,South,Sticky Notes Bundle,1,160.0,Store C,Corporate,0.2,Charlie,160.0,UPI,BLACKFRIDAY,0,REG101146,Cust C5314,988.3,2023-07-24,2023-08-03,Marcus,Office Supplies,200.0,80.0,P10002,OfficePro Distro
2024-06-21,East,Laptop Backpack,24,2240.0,Store B,Wholesale,0.2,David,53760.0,Net Banking,SAVE10,0,REG101147,Cust C5169,1113.68,2024-06-21,2024-06-24,Sophie,Accessories,2800.0,1200.0,P10009,SupplyCo Direct
2023-07-09,West,Standing Desk,5,38000.0,Store D,Wholesale,0.0,Eva,190000.0,UPI,FREESHIP,0,REG101148,Cust C5190,2115.16,2023-07-09,2023-07-18,Elena,Furniture,38000.0,20000.0,P10017,FurnitureWorld Inc.
2024-01-18,North,Gaming Laptop,13,95000.0,Store A,Wholesale,0.0,Frank,1235000.0,Debit Card,SAVE10,0,REG101149,Cust C5182,917.57,2024-01-18,2024-01-25,Eric,Electronics,95000.0,58000.0,P10019,Global Tech Supplies
2024-10-03,East,Laptop Backpack,1,2660.0,Store B,Retail,0.05,Eva,2660.0,Debit Card,SAVE10,0,REG101150,Cust C5065,1313.0,2024-10-03,2024-10-10,Sophie,Accessories,2800.0,1200.0,P10009,SupplyCo Direct
2024-10-20,West,Standing Desk,1,30400.0,Store D,Corporate,0.2,Bob,30400.0,Cash,NONE,0,REG101151,Cust C5011,1725.26,2024-10-20,2024-10-24,Elena,Furniture,38000.0,20000.0,P10017,FurnitureWorld Inc.
2024-01-29,East,4K Smart Monitor,3,26600.0,Store B,Retail,0.05,Frank,79800.0,Debit Card,BUNDLE15,0,REG101152,Cust C5159,534.9,2024-01-29,2024-02-05,Sophie,Electronics,28000.0,15000.0,P10015,Global Tech Supplies
2023-04-20,East,A4 Printer Paper (500 Sheets),18,382.5,Store B,Wholesale,0.15,Alice,6885.0,Credit Card,NONE,0,REG101153,Cust C5116,1859.83,2023-04-20,2023-04-26,Sophie,Office Supplies,450.0,220.0,P10004,OfficePro Distro
2023-08-13,North,Laptop Backpack,1,2800.0,Store A,Retail,0.0,David,2800.0,Debit Card,FREESHIP,0,REG101154,Cust C5144,685.15,2023-08-13,2023-08-15,Eric,Accessories,2800.0,1200.0,P10009,SupplyCo Direct
2024-04-21,East,Mechanical Keyboard,3,4500.0,Store B,Corporate,0.0,Bob,13500.0,Credit Card,BUNDLE15,1,REG101155,Cust C5315,972.38,2024-04-21,2024-04-30,Sophie,Electronics,4500.0,2200.0,P10010,Global Tech Supplies
2024-03-13,East,Spiral Notebook,5,135.0,Store B,Corporate,0.1,Frank,675.0,Net Banking,BLACKFRIDAY,0,REG101156,Cust C5318,1272.67,2024-03-13,2024-03-15,Sophie,Office Supplies,150.0,60.0,P10001,OfficePro Distro
2024-12-13,West,Standing Desk,15,32300.0,Store D,Wholesale,0.15,Grace,484500.0,Debit Card,NONE,0,REG101157,Cust C5331,1560.8,2024-12-13,2024-12-17,Elena,Furniture,38000.0,20000.0,P10017,FurnitureWorld Inc.
2025-05-24,North,Bookshelf,3,7225.0,Store A,Corporate,0.15,David,21675.0,Credit Card,BUNDLE15,0,REG101158,Cust C5194,1621.69,2025-05-24,2025-06-02,Eric,Furniture,8500.0,4200.0,P10012,FurnitureWorld Inc.
2024-08-01,East,Wireless Mouse,1,1500.0,Store B,Corporate,0.0,Eva,1500.0,Debit Card,BUNDLE15,0,REG101159,Cust C5054,1218.65,2024-08-01,2024-08-09,Sophie,Accessories,1500.0,700.0,P10007,Global Tech Supplies
2023-05-12,East,Bookshelf,2,8500.0,Store B,Retail,0.0,Grace,17000.0,UPI,FREESHIP,0,REG101160,Cust C5247,2234.03,2023-05-12,2023-05-14,Sophie,Furniture,8500.0,4200.0,P10012,FurnitureWorld Inc.
2023-08-30,East,Bookshelf,1,6800.0,Store B,Retail,0.2,Bob,6800.0,UPI,BUNDLE15,0,REG101161,Cust C5118,2058.85,2023-08-30,2023-09-03,Sophie,Furniture,8500.0,4200.0,P10012,FurnitureWorld Inc.
2024-02-20,West,Ballpoint Pen Pack,36,225.0,Store D,Wholesale,0.1,David,8100.0,UPI,NONE,0,REG101162,Cust C5020,1539.09,2024-02-20,2024-02-29,Elena,Office Supplies,250.0,100.0,P10003,OfficePro Distro
2023-03-11,South,Standing Desk,4,34200.0,Store C,Retail,0.1,Bob,136800.0,Credit Card,BLACKFRIDAY,0,REG101163,Cust C5232,1453.85,2023-03-11,2023-03-14,Marcus,Furniture,38000.0,20000.0,P10017,FurnitureWorld Inc.
2023-05-01,West,Wireless Mouse,5,1350.0,Store D,Corporate,0.1,David,6750.0,Debit Card,SAVE10,0,REG101164,Cust C5093,1121.5,2023-05-01,2023-05-08,Elena,Accessories,1500.0,700.0,P10007,Global Tech Supplies
2023-12-14,South,USB Flash Drive 64GB,4,720.0,Store C,Corporate,0.1,David,2880.0,UPI,FREESHIP,0,REG101165,Cust C5105,1903.77,2023-12-14,2023-12-24,Marcus,Accessories,800.0,350.0,P10006,Global Tech Supplies
2023-12-21,West,Smartphone,3,55000.0,Store D,Corporate,0.0,Frank,165000.0,UPI,NONE,0,REG101166,Cust C5235,1686.11,2023-12-21,2023-12-23,Elena,Electronics,55000.0,32000.0,P10018,Global Tech Supplies
2024-10-09,South,Tablet,5,32000.0,Store C,Wholesale,0.0,Grace,160000.0,Debit Card,BLACKFRIDAY,0,REG101167,Cust C5249,559.14,2024-10-09,2024-10-15,Marcus,Electronics,32000.0,18000.0,P10016,Global Tech Supplies
2023-11-11,South,USB Flash Drive 64GB,23,640.0,Store C,Wholesale,0.2,Alice,14720.0,Debit Card,FREESHIP,0,REG101168,Cust C5219,1133.83,2023-11-11,2023-11-16,Marcus,Accessories,800.0,350.0,P10006,Global Tech Supplies
2023-04-30,West,Ergonomic Office Chair,1,11600.0,Store D,Corporate,0.2,Bob,11600.0,Net Banking,BUNDLE15,0,REG101169,Cust C5269,1136.37,2023-04-30,2023-05-03,Elena,Furniture,14500.0,7500.0,P10013,FurnitureWorld Inc.
2024-04-19,West,Mechanical Keyboard,4,3825.0,Store D,Corporate,0.15,Charlie,15300.0,Debit Card,SAVE10,0,REG101170,Cust C5379,2436.48,2024-04-19,2024-04-25,Elena,Electronics,4500.0,2200.0,P10010,Global Tech Supplies
2024-10-19,East,LED Desk Lamp,5,1760.0,Store B,Corporate,0.2,David,8800.0,Debit Card,FREESHIP,0,REG101171,Cust C5212,440.48,2024-10-19,2024-10-22,Sophie,Furniture,2200.0,1000.0,P10008,FurnitureWorld Inc.
2023-10-11,South,Wireless Mouse,48,1275.0,Store C,Wholesale,0.15,Frank,61200.0,Net Banking,BLACKFRIDAY,0,REG101172,Cust C5015,1250.58,2023-10-11,2023-10-18,Marcus,Accessories,1500.0,700.0,P10007,Global Tech Supplies
2024-03-28,West,Sticky Notes Bundle,31,180.0,Store D,Wholesale,0.1,Alice,5580.0,UPI,BUNDLE15,0,REG101173,Cust C5013,2428.03,2024-03-28,2024-03-30,Elena,Office Supplies,200.0,80.0,P10002,OfficePro Distro
2023-06-04,North,Laptop Backpack,5,2520.0,Store A,Retail,0.1,Bob,12600.0,Cash,BLACKFRIDAY,0,REG101174,Cust C5326,603.44,2023-06-04,2023-06-13,Eric,Accessories,2800.0,1200.0,P10009,SupplyCo Direct
2023-09-22,East,4K Smart Monitor,10,25200.0,Store B,Wholesale,0.1,Bob,252000.0,Debit Card,NONE,0,REG101175,Cust C5320,2012.67,2023-09-22,2023-09-24,Sophie,Electronics,28000.0,15000.0,P10015,Global Tech Supplies
2024-03-17,South,Mechanical Keyboard,3,3825.0,Store C,Retail,0.15,Frank,11475.0,Debit Card,SAVE10,0,REG101176,Cust C5388,2298.83,2024-03-17,2024-03-24,Marcus,Electronics,4500.0,2200.0,P10010,Global Tech Supplies
2025-03-11,East,HDMI Cable,2,570.0,Store B,Retail,0.05,Alice,1140.0,Net Banking,FREESHIP,0,REG101177,Cust C5037,317.96,2025-03-11,2025-03-15,Sophie,Accessories,600.0,250.0,P10005,Global Tech Supplies
2024-04-13,North,Ergonomic Office Chair,7,13050.0,Store A,Wholesale,0.1,Alice,91350.0,Debit Card,BLACKFRIDAY,0,REG101178,Cust C5351,1842.36,2024-04-13,2024-04-17,Eric,Furniture,14500.0,7500.0,P10013,FurnitureWorld Inc.
2024-04-07,West,Sticky Notes Bundle,33,190.0,Store D,Wholesale,0.05,Bob,6270.0,Credit Card,NONE,0,REG101179,Cust C5293,277.16,2024-04-07,2024-04-12,Elena,Office Supplies,200.0,80.0,P10002,OfficePro Distro
2025-01-07,West,Wireless Earbuds,3,6500.0,Store D,Retail,0.0,Frank,19500.0,Debit Card,NONE,0,REG101180,Cust C5216,1884.68,2025-01-07,2025-01-12,Elena,Electronics,6500.0,3200.0,P10011,Global Tech Supplies
2024-10-05,West,Gaming Laptop,5,85500.0,Store D,Corporate,0.1,Frank,427500.0,Debit Card,SAVE10,0,REG101181,Cust C5139,1395.62,2024-10-05,2024-10-08,Elena,Electronics,95000.0,58000.0,P10019,Global Tech Supplies
2023-03-15,South,Laptop Backpack,1,2800.0,Store C,Corporate,0.0,Bob,2800.0,UPI,BLACKFRIDAY,0,REG101182,Cust C5346,2027.95,2023-03-15,2023-03-18,Marcus,Accessories,2800.0,1200.0,P10009,SupplyCo Direct
2025-02-03,West,Tablet,11,32000.0,Store D,Wholesale,0.0,Alice,352000.0,Debit Card,NONE,0,REG101183,Cust C5095,530.7,2025-02-03,2025-02-05,Elena,Electronics,32000.0,18000.0,P10016,Global Tech Supplies
2023-05-08,South,4K Smart Monitor,7,22400.0,Store C,Wholesale,0.2,Alice,156800.0,Debit Card,BLACKFRIDAY,0,REG101184,Cust C5208,2248.32,2023-05-08,2023-05-16,Marcus,Electronics,28000.0,15000.0,P10015,Global Tech Supplies
2023-10-05,North,LED Desk Lamp,21,2090.0,Store A,Wholesale,0.05,Charlie,43890.0,Credit Card,NONE,0,REG101185,Cust C5023,275.45,2023-10-05,2023-10-10,Eric,Furniture,2200.0,1000.0,P10008,FurnitureWorld Inc.
2024-04-13,West,Sticky Notes Bundle,5,190.0,Store D,Retail,0.05,Eva,950.0,Debit Card,BLACKFRIDAY,0,REG101186,Cust C5316,1273.6,2024-04-13,2024-04-17,Elena,Office Supplies,200.0,80.0,P10002,OfficePro Distro
2023-10-28,West,Ergonomic Office Chair,1,12325.0,Store D,Corporate,0.15,David,12325.0,Net Banking,BLACKFRIDAY,0,REG101187,Cust C5396,388.7,2023-10-28,2023-11-01,Elena,Furniture,14500.0,7500.0,P10013,FurnitureWorld Inc.
2023-05-01,North,Wireless Mouse,1,1425.0,Store A,Retail,0.05,Frank,1425.0,Cash,SAVE10,0,REG101188,Cust C5088,1701.71,2023-05-01,2023-05-04,Eric,Accessories,1500.0,700.0,P10007,Global Tech Supplies
2024-01-08,East,Standing Desk,4,36100.0,Store B,Retail,0.05,Charlie,144400.0,Debit Card,BLACKFRIDAY,0,REG101189,Cust C5022,1335.73,2024-01-08,2024-01-12,Sophie,Furniture,38000.0,20000.0,P10017,FurnitureWorld Inc.
2024-10-06,East,Ergonomic Office Chair,13,13050.0,Store B,Wholesale,0.1,Eva,169650.0,Debit Card,BUNDLE15,0,REG101190,Cust C5204,1766.91,2024-10-06,2024-10-10,Sophie,Furniture,14500.0,7500.0,P10013,FurnitureWorld Inc.
2024-03-04,East,A4 Printer Paper (500 Sheets),30,405.0,Store B,Wholesale,0.1,David,12150.0,Cash,SAVE10,0,REG101191,Cust C5066,1651.3,2024-03-04,2024-03-07,Sophie,Office Supplies,450.0,220.0,P10004,OfficePro Distro
2023-02-27,West,Gaming Laptop,4,85500.0,Store D,Retail,0.1,Eva,342000.0,UPI,FREESHIP,0,REG101192,Cust C5197,378.02,2023-02-27,2023-03-03,Elena,Electronics,95000.0,58000.0,P10019,Global Tech Supplies
2023-02-21,North,Ergonomic Office Chair,3,12325.0,Store A,Corporate,0.15,Eva,36975.0,UPI,FREESHIP,0,REG101193,Cust C5042,806.14,2023-02-21,2023-02-25,Eric,Furniture,14500.0,7500.0,P10013,FurnitureWorld Inc.
2023-06-20,North,4K Smart Monitor,10,28000.0,Store A,Wholesale,0.0,David,280000.0,Credit Card,SAVE10,0,REG101194,Cust C5164,224.4,2023-06-20,2023-06-28,Eric,Electronics,28000.0,15000.0,P10015,Global Tech Supplies
2024-02-11,South,USB Flash Drive 64GB,10,680.0,Store C,Wholesale,0.15,Charlie,6800.0,UPI,NONE,0,REG101195,Cust C5389,876.44,2024-02-11,2024-02-17,Marcus,Accessories,800.0,350.0,P10006,Global Tech Supplies
2023-11-24,West,Sticky Notes Bundle,2,190.0,Store D,Corporate,0.05,David,380.0,Net Banking,BLACKFRIDAY,0,REG101196,Cust C5344,2181.39,2023-11-24,2023-12-02,Elena,Office Supplies,200.0,80.0,P10002,OfficePro Distro
2025-04-13,North,A4 Printer Paper (500 Sheets),1,405.0,Store A,Corporate,0.1,Frank,405.0,Credit Card,BUNDLE15,0,REG101197,Cust C5308,613.32,2025-04-13,2025-04-22,Eric,Office Supplies,450.0,220.0,P10004,OfficePro Distro
2024-02-20,North,Gaming Laptop,2,90250.0,Store A,Retail,0.05,Bob,180500.0,Debit Card,SAVE10,0,REG101198,Cust C5310,2224.78,2024-02-20,2024-02-26,Eric,Electronics,95000.0,58000.0,P10019,Global Tech Supplies
2023-12-05,West,Ballpoint Pen Pack,41,250.0,Store D,Wholesale,0.0,David,10250.0,Credit Card,SAVE10,0,REG101199,Cust C5347,1131.99,2023-12-05,2023-12-14,Elena,Office Supplies,250.0,100.0,P10003,OfficePro Distro
2024-03-22,East,Bookshelf,5,7225.0,Store B,Retail,0.15,Frank,36125.0,Debit Card,NONE,0,REG101200,Cust C5120,1487.14,2024-03-22,2024-03-30,Sophie,Furniture,8500.0,4200.0,P10012,FurnitureWorld Inc.
2024-06-07,West,Wireless Mouse,32,1500.0,Store D,Wholesale,0.0,Bob,48000.0,Net Banking,BUNDLE15,0,REG101201,Cust C5295,2116.37,2024-06-07,2024-06-12,Elena,Accessories,1500.0,700.0,P10007,Global Tech Supplies
2024-07-09,North,Ergonomic Office Chair,10,11600.0,Store A,Wholesale,0.2,Alice,116000.0,UPI,NONE,0,REG101202,Cust C5122,1159.28,2024-07-09,2024-07-11,Eric,Furniture,14500.0,7500.0,P10013,FurnitureWorld Inc.
2024-01-09,West,HDMI Cable,4,570.0,Store D,Corporate,0.05,Charlie,2280.0,Net Banking,NONE,0,REG101203,Cust C5008,1715.73,2024-01-09,2024-01-11,Elena,Accessories,600.0,250.0,P10005,Global Tech Supplies
2023-08-29,North,Smartphone,9,55000.0,Store A,Wholesale,0.0,Bob,495000.0,Net Banking,FREESHIP,0,REG101204,Cust C5057,526.63,2023-08-29,2023-09-03,Eric,Electronics,55000.0,32000.0,P10018,Global Tech Supplies
2025-04-27,West,USB Flash Drive 64GB,2,760.0,Store D,Corporate,0.05,Frank,1520.0,Cash,BLACKFRIDAY,0,REG101205,Cust C5370,1776.05,2025-04-27,2025-05-02,Elena,Accessories,800.0,350.0,P10006,Global Tech Supplies
2023-09-24,South,Gaming Laptop,7,80750.0,Store C,Wholesale,0.15,Frank,565250.0,Credit Card,BUNDLE15,0,REG101206,Cust C5373,1604.71,2023-09-24,2023-09-28,Marcus,Electronics,95000.0,58000.0,P10019,Global Tech Supplies
2023-05-25,East,Standing Desk,2,32300.0,Store B,Retail,0.15,Alice,64600.0,Cash,FREESHIP,0,REG101207,Cust C5263,2035.87,2023-05-25,2023-05-31,Sophie,Furniture,38000.0,20000.0,P10017,FurnitureWorld Inc.
2023-03-19,West,A4 Printer Paper (500 Sheets),5,360.0,Store D,Retail,0.2,Eva,1800.0,Cash,BLACKFRIDAY,0,REG101208,Cust C5015,2083.38,2023-03-19,2023-03-29,Elena,Office Supplies,450.0,220.0,P10004,OfficePro Distro
2024-10-01,North,Laptop Backpack,2,2380.0,Store A,Retail,0.15,Grace,4760.0,Debit Card,FREESHIP,0,REG101209,Cust C5137,1206.46,2024-10-01,2024-10-06,Eric,Accessories,2800.0,1200.0,P10009,SupplyCo Direct
2024-01-04,West,USB Flash Drive 64GB,4,680.0,Store D,Retail,0.15,Frank,2720.0,Net Banking,SAVE10,0,REG101210,Cust C5068,734.91,2024-01-04,2024-01-10,Elena,Accessories,800.0,350.0,P10006,Global Tech Supplies
2025-03-30,North,HDMI Cable,19,570.0,Store A,Wholesale,0.05,Alice,10830.0,Net Banking,BLACKFRIDAY,0,REG101211,Cust C5397,936.2,2025-03-30,2025-04-06,Eric,Accessories,600.0,250.0,P10005,Global Tech Supplies
2024-08-03,East,Wireless Mouse,16,1350.0,Store B,Wholesale,0.1,David,21600.0,Debit Card,NONE,0,REG101212,Cust C5340,396.29,2024-08-03,2024-08-12,Sophie,Accessories,1500.0,700.0,P10007,Global Tech Supplies
2023-06-27,West,Smartphone,1,49500.0,Store D,Corporate,0.1,David,49500.0,Net Banking,NONE,0,REG101213,Cust C5297,716.9,2023-06-27,2023-07-03,Elena,Electronics,55000.0,32000.0,P10018,Global Tech Supplies
2023-11-28,West,Wireless Earbuds,4,5200.0,Store D,Corporate,0.2,David,20800.0,UPI,NONE,0,REG101214,Cust C5156,1108.77,2023-11-28,2023-12-02,Elena,Electronics,6500.0,3200.0,P10011,Global Tech Supplies
2024-11-05,East,Wireless Mouse,22,1425.0,Store B,Wholesale,0.05,Eva,31350.0,UPI,BLACKFRIDAY,0,REG101215,Cust C5060,1894.68,2024-11-05,2024-11-07,Sophie,Accessories,1500.0,700.0,P10007,Global Tech Supplies
2024-01-09,South,Ergonomic Office Chair,11,13775.0,Store C,Wholesale,0.05,Grace,151525.0,Cash,FREESHIP,1,REG101216,Cust C5340,1534.69,2024-01-09,2024-01-11,Marcus,Furniture,14500.0,7500.0,P10013,FurnitureWorld Inc.
2024-04-14,West,Ballpoint Pen Pack,3,225.0,Store D,Corporate,0.1,Eva,675.0,UPI,BLACKFRIDAY,0,REG101217,Cust C5385,1626.12,2024-04-14,2024-04-22,Elena,Office Supplies,250.0,100.0,P10003,OfficePro Distro
2024-02-20,West,Laser Printer,2,17575.0,Store D,Corporate,0.05,Charlie,35150.0,Cash,BLACKFRIDAY,0,REG101218,Cust C5140,653.82,2024-02-20,2024-02-22,Elena,Electronics,18500.0,9500.0,P10014,Global Tech Supplies
2025-05-17,North,Bookshelf,1,7225.0,Store A,Retail,0.15,Frank,7225.0,Debit Card,SAVE10,0,REG101219,Cust C5100,1897.29,2025-05-17,2025-05-23,Eric,Furniture,8500.0,4200.0,P10012,FurnitureWorld Inc.
2023-06-09,West,A4 Printer Paper (500 Sheets),4,450.0,Store D,Retail,0.0,Charlie,1800.0,Debit Card,SAVE10,0,REG101220,Cust C5391,1276.21,2023-06-09,2023-06-17,Elena,Office Supplies,450.0,220.0,P10004,OfficePro Distro
2024-11-27,East,A4 Printer Paper (500 Sheets),5,450.0,Store B,Retail,0.0,Eva,2250.0,UPI,BLACKFRIDAY,0,REG101221,Cust C5098,2135.22,2024-11-27,2024-12-03,Sophie,Office Supplies,450.0,220.0,P10004,OfficePro Distro
2024-03-30,South,LED Desk Lamp,3,1870.0,Store C,Retail,0.15,Bob,5610.0,Cash,FREESHIP,0,REG101222,Cust C5338,432.15,2024-03-30,2024-04-04,Marcus,Furniture,2200.0,1000.0,P10008,FurnitureWorld Inc.
2023-01-16,South,Smartphone,2,52250.0,Store C,Corporate,0.05,Alice,104500.0,Debit Card,FREESHIP,0,REG101223,Cust C5051,587.07,2023-01-16,2023-01-26,Marcus,Electronics,55000.0,32000.0,P10018,Global Tech Supplies
2023-08-11,North,Wireless Earbuds,2,5525.0,Store A,Corporate,0.15,Charlie,11050.0,Credit Card,NONE,0,REG101224,Cust C5362,2464.82,2023-08-11,2023-08-18,Eric,Electronics,6500.0,3200.0,P10011,Global Tech Supplies
2024-01-25,North,Ballpoint Pen Pack,3,225.0,Store A,Retail,0.1,Frank,675.0,Debit Card,FREESHIP,0,REG101225,Cust C5043,1226.35,2024-01-25,2024-01-30,Eric,Office Supplies,250.0,100.0,P10003,OfficePro Distro
2024-10-16,East,Wireless Mouse,3,1350.0,Store B,Retail,0.1,Eva,4050.0,Cash,SAVE10,0,REG101226,Cust C5210,447.83,2024-10-16,2024-10-26,Sophie,Accessories,1500.0,700.0,P10007,Global Tech Supplies
2024-02-12,North,HDMI Cable,5,480.0,Store A,Retail,0.2,Charlie,2400.0,Cash,NONE,0,REG101227,Cust C5130,2275.38,2024-02-12,2024-02-22,Eric,Accessories,600.0,250.0,P10005,Global Tech Supplies
2023-12-21,South,Standing Desk,4,30400.0,Store C,Retail,0.2,Alice,121600.0,Cash,BLACKFRIDAY,1,REG101228,Cust C5351,1517.68,2023-12-21,2023-12-30,Marcus,Furniture,38000.0,20000.0,P10017,FurnitureWorld Inc.
2024-01-14,East,Laser Printer,2,14800.0,Store B,Corporate,0.2,Charlie,29600.0,Credit Card,BUNDLE15,0,REG101229,Cust C5154,445.59,2024-01-14,2024-01-20,Sophie,Electronics,18500.0,9500.0,P10014,Global Tech Supplies
2024-06-13,East,Wireless Mouse,4,1425.0,Store B,Retail,0.05,Grace,5700.0,Net Banking,NONE,0,REG101230,Cust C5148,1271.68,2024-06-13,2024-06-21,Sophie,Accessories,1500.0,700.0,P10007,Global Tech Supplies
2023-11-23,North,Laser Printer,4,17575.0,Store A,Retail,0.05,Grace,70300.0,Credit Card,BUNDLE15,0,REG101231,Cust C5247,1768.49,2023-11-23,2023-11-29,Eric,Electronics,18500.0,9500.0,P10014,Global Tech Supplies
2024-12-18,West,HDMI Cable,36,600.0,Store D,Wholesale,0.0,Bob,21600.0,UPI,SAVE10,0,REG101232,Cust C5191,1592.59,2024-12-18,2024-12-24,Elena,Accessories,600.0,250.0,P10005,Global Tech Supplies
2025-05-26,South,Standing Desk,5,32300.0,Store C,Corporate,0.15,Eva,161500.0,Net Banking,BUNDLE15,1,REG101233,Cust C5071,1970.11,2025-05-26,2025-05-28,Marcus,Furniture,38000.0,20000.0,P10017,FurnitureWorld Inc.
2023-04-02,South,Sticky Notes Bundle,49,190.0,Store C,Wholesale,0.05,Grace,9310.0,UPI,BUNDLE15,0,REG101234,Cust C5315,649.37,2023-04-02,2023-04-12,Marcus,Office Supplies,200.0,80.0,P10002,OfficePro Distro
2023-11-18,West,Smartphone,12,49500.0,Store D,Wholesale,0.1,Grace,594000.0,UPI,BLACKFRIDAY,0,REG101235,Cust C5007,2418.51,2023-11-18,2023-11-28,Elena,Electronics,55000.0,32000.0,P10018,Global Tech Supplies
2023-09-10,South,Bookshelf,10,7650.0,Store C,Wholesale,0.1,David,76500.0,UPI,BUNDLE15,0,REG101236,Cust C5133,2038.29,2023-09-10,2023-09-13,Marcus,Furniture,8500.0,4200.0,P10012,FurnitureWorld Inc.
2023-02-20,South,LED Desk Lamp,2,1870.0,Store C,Corporate,0.15,Charlie,3740.0,Debit Card,FREESHIP,0,REG101237,Cust C5244,2144.41,2023-02-20,2023-02-25,Marcus,Furniture,2200.0,1000.0,P10008,FurnitureWorld Inc.
2024-08-18,North,Gaming Laptop,2,85500.0,Store A,Retail,0.1,Grace,171000.0,UPI,BLACKFRIDAY,0,REG101238,Cust C5337,1018.3,2024-08-18,2024-08-24,Eric,Electronics,95000.0,58000.0,P10019,Global Tech Supplies
2024-11-24,West,Wireless Mouse,3,1200.0,Store D,Retail,0.2,Eva,3600.0,Cash,SAVE10,0,REG101239,Cust C5082,1686.55,2024-11-24,2024-11-26,Elena,Accessories,1500.0,700.0,P10007,Global Tech Supplies
2024-09-24,East,Wireless Mouse,23,1200.0,Store B,Wholesale,0.2,Bob,27600.0,Debit Card,BLACKFRIDAY,0,REG101240,Cust C5158,2256.29,2024-09-24,2024-10-02,Sophie,Accessories,1500.0,700.0,P10007,Global Tech Supplies
2025-06-11,North,Bookshelf,8,7225.0,Store A,Wholesale,0.15,David,57800.0,Cash,SAVE10,0,REG101241,Cust C5262,1378.17,2025-06-11,2025-06-20,Eric,Furniture,8500.0,4200.0,P10012,FurnitureWorld Inc.
2024-05-14,East,Laptop Backpack,4,2380.0,Store B,Retail,0.15,Alice,9520.0,UPI,BUNDLE15,0,REG101242,Cust C5254,606.26,2024-05-14,2024-05-22,Sophie,Accessories,2800.0,1200.0,P10009,SupplyCo Direct
2025-05-31,South,Laser Printer,5,16650.0,Store C,Corporate,0.1,Bob,83250.0,Cash,FREESHIP,0,REG101243,Cust C5177,1941.98,2025-05-31,2025-06-05,Marcus,Electronics,18500.0,9500.0,P10014,Global Tech Supplies
2024-11-12,West,Sticky Notes Bundle,5,180.0,Store D,Corporate,0.1,Eva,900.0,Debit Card,BLACKFRIDAY,0,REG101244,Cust C5065,1990.41,2024-11-12,2024-11-22,Elena,Office Supplies,200.0,80.0,P10002,OfficePro Distro
2024-12-21,West,Sticky Notes Bundle,3,180.0,Store D,Corporate,0.1,Alice,540.0,Net Banking,BLACKFRIDAY,0,REG101245,Cust C5141,1797.31,2024-12-21,2024-12-25,Elena,Office Supplies,200.0,80.0,P10002,OfficePro Distro
2023-03-29,East,Mechanical Keyboard,3,4500.0,Store B,Corporate,0.0,Charlie,13500.0,Debit Card,FREESHIP,0,REG101246,Cust C5036,565.44,2023-03-29,2023-04-04,Sophie,Electronics,4500.0,2200.0,P10010,Global Tech Supplies
2024-04-18,West,Sticky Notes Bundle,2,180.0,Store D,Retail,0.1,David,360.0,Debit Card,NONE,0,REG101247,Cust C5184,1465.57,2024-04-18,2024-04-26,Elena,Office Supplies,200.0,80.0,P10002,OfficePro Distro
2025-02-01,East,Bookshelf,1,7225.0,Store B,Corporate,0.15,David,7225.0,Net Banking,BUNDLE15,0,REG101248,Cust C5128,662.44,2025-02-01,2025-02-10,Sophie,Furniture,8500.0,4200.0,P10012,FurnitureWorld Inc.
2024-04-08,North,LED Desk Lamp,4,1760.0,Store A,Corporate,0.2,Frank,7040.0,UPI,BLACKFRIDAY,0,REG101249,Cust C5341,937.08,2024-04-08,2024-04-17,Eric,Furniture,2200.0,1000.0,P10008,FurnitureWorld Inc.
2024-09-28,North,Bookshelf,2,7225.0,Store A,Retail,0.15,Charlie,14450.0,Net Banking,NONE,0,REG101250,Cust C5116,2101.1,2024-09-28,2024-10-04,Eric,Furniture,8500.0,4200.0,P10012,FurnitureWorld Inc.
2023-05-02,South,Sticky Notes Bundle,42,200.0,Store C,Wholesale,0.0,Bob,8400.0,UPI,BLACKFRIDAY,0,REG101251,Cust C5077,551.76,2023-05-02,2023-05-05,Marcus,Office Supplies,200.0,80.0,P10002,OfficePro Distro
2025-02-14,North,Wireless Earbuds,1,6500.0,Store A,Corporate,0.0,Charlie,6500.0,UPI,NONE,0,REG101252,Cust C5352,612.47,2025-02-14,2025-02-19,Eric,Electronics,6500.0,3200.0,P10011,Global Tech Supplies
2024-03-27,South,Ballpoint Pen Pack,2,212.5,Store C,Corporate,0.15,Frank,425.0,Debit Card,FREESHIP,0,REG101253,Cust C5028,1618.87,2024-03-27,2024-04-02,Marcus,Office Supplies,250.0,100.0,P10003,OfficePro Distro
2024-05-31,West,LED Desk Lamp,1,1760.0,Store D,Corporate,0.2,Charlie,1760.0,Net Banking,FREESHIP,0,REG101254,Cust C5253,780.65,2024-05-31,2024-06-05,Elena,Furniture,2200.0,1000.0,P10008,FurnitureWorld Inc.
2023-10-18,South,Smartphone,8,52250.0,Store C,Wholesale,0.05,Grace,418000.0,Cash,BLACKFRIDAY,0,REG101255,Cust C5125,684.69,2023-10-18,2023-10-22,Marcus,Electronics,55000.0,32000.0,P10018,Global Tech Supplies
2023-03-09,South,Laser Printer,5,16650.0,Store C,Retail,0.1,Eva,83250.0,Credit Card,FREESHIP,0,REG101256,Cust C5027,659.61,2023-03-09,2023-03-11,Marcus,Electronics,18500.0,9500.0,P10014,Global Tech Supplies
2024-03-08,North,Sticky Notes Bundle,26,180.0,Store A,Wholesale,0.1,Bob,4680.0,Debit Card,BLACKFRIDAY,0,REG101257,Cust C5021,2050.45,2024-03-08,2024-03-10,Eric,Office Supplies,200.0,80.0,P10002,OfficePro Distro
2024-05-11,North,Mechanical Keyboard,2,4275.0,Store A,Corporate,0.05,Frank,8550.0,Credit Card,NONE,1,REG101258,Cust C5351,854.82,2024-05-11,2024-05-20,Eric,Electronics,4500.0,2200.0,P10010,Global Tech Supplies
2024-07-14,North,4K Smart Monitor,2,22400.0,Store A,Retail,0.2,Frank,44800.0,UPI,BUNDLE15,0,REG101259,Cust C5196,411.65,2024-07-14,2024-07-18,Eric,Electronics,28000.0,15000.0,P10015,Global Tech Supplies
2023-08-14,East,Gaming Laptop,4,80750.0,Store B,Corporate,0.15,Eva,323000.0,UPI,NONE,0,REG101260,Cust C5340,2480.22,2023-08-14,2023-08-17,Sophie,Electronics,95000.0,58000.0,P10019,Global Tech Supplies
2023-06-07,North,Spiral Notebook,2,120.0,Store A,Corporate,0.2,Frank,240.0,Net Banking,NONE,0,REG101261,Cust C5295,2240.84,2023-06-07,2023-06-12,Eric,Office Supplies,150.0,60.0,P10001,OfficePro Distro
2024-04-05,South,HDMI Cable,4,540.0,Store C,Retail,0.1,Alice,2160.0,UPI,BLACKFRIDAY,0,REG101262,Cust C5337,912.1,2024-04-05,2024-04-12,Marcus,Accessories,600.0,250.0,P10005,Global Tech Supplies
2023-10-26,South,Wireless Mouse,5,1425.0,Store C,Corporate,0.05,Eva,7125.0,Net Banking,SAVE10,0,REG101263,Cust C5303,1098.59,2023-10-26,2023-11-04,Marcus,Accessories,1500.0,700.0,P10007,Global Tech Supplies
2023-08-26,East,Spiral Notebook,5,135.0,Store B,Corporate,0.1,Alice,675.0,Net Banking,FREESHIP,0,REG101264,Cust C5115,530.95,2023-08-26,2023-09-05,Sophie,Office Supplies,150.0,60.0,P10001,OfficePro Distro
2023-01-11,South,Laptop Backpack,2,2800.0,Store C,Corporate,0.0,Grace,5600.0,Net Banking,SAVE10,0,REG101265,Cust C5186,1630.83,2023-01-11,2023-01-13,Marcus,Accessories,2800.0,1200.0,P10009,SupplyCo Direct
2024-09-21,East,Ergonomic Office Chair,1,11600.0,Store B,Retail,0.2,David,11600.0,Credit Card,SAVE10,0,REG101266,Cust C5367,256.48,2024-09-21,2024-09-28,Sophie,Furniture,14500.0,7500.0,P10013,FurnitureWorld Inc.
2024-03-31,East,Standing Desk,9,36100.0,Store B,Wholesale,0.05,Grace,324900.0,Credit Card,FREESHIP,0,REG101267,Cust C5026,1442.55,2024-03-31,2024-04-08,Sophie,Furniture,38000.0,20000.0,P10017,FurnitureWorld Inc.
2023-08-30,East,Ergonomic Office Chair,10,11600.0,Store B,Wholesale,0.2,Bob,116000.0,UPI,NONE,0,REG101268,Cust C5378,1866.47,2023-08-30,2023-09-09,Sophie,Furniture,14500.0,7500.0,P10013,FurnitureWorld Inc.
2024-11-25,South,A4 Printer Paper (500 Sheets),45,405.0,Store C,Wholesale,0.1,Eva,18225.0,Credit Card,NONE,0,REG101269,Cust C5251,2153.2,2024-11-25,2024-12-01,Marcus,Office Supplies,450.0,220.0,P10004,OfficePro Distro
2023-04-18,South,Sticky Notes Bundle,22,200.0,Store C,Wholesale,0.0,Alice,4400.0,Net Banking,BUNDLE15,0,REG101270,Cust C5087,1760.6,2023-04-18,2023-04-28,Marcus,Office Supplies,200.0,80.0,P10002,OfficePro Distro
2023-12-19,East,Sticky Notes Bundle,5,160.0,Store B,Corporate,0.2,Alice,800.0,Credit Card,SAVE10,0,REG101271,Cust C5038,754.54,2023-12-19,2023-12-25,Sophie,Office Supplies,200.0,80.0,P10002,OfficePro Distro
2025-01-10,North,Laptop Backpack,2,2380.0,Store A,Retail,0.15,Alice,4760.0,Credit Card,BLACKFRIDAY,0,REG101272,Cust C5034,1368.86,2025-01-10,2025-01-12,Eric,Accessories,2800.0,1200.0,P10009,SupplyCo Direct
2023-12-01,West,Wireless Earbuds,4,6175.0,Store D,Retail,0.05,Frank,24700.0,UPI,BUNDLE15,0,REG101273,Cust C5028,693.59,2023-12-01,2023-12-08,Elena,Electronics,6500.0,3200.0,P10011,Global Tech Supplies
2023-08-01,East,Laser Printer,3,17575.0,Store B,Retail,0.05,David,52725.0,Net Banking,BLACKFRIDAY,0,REG101274,Cust C5198,437.99,2023-08-01,2023-08-03,Sophie,Electronics,18500.0,9500.0,P10014,Global Tech Supplies
2023-06-18,North,USB Flash Drive 64GB,20,680.0,Store A,Wholesale,0.15,Bob,13600.0,Debit Card,FREESHIP,0,REG101275,Cust C5106,426.9,2023-06-18,2023-06-27,Eric,Accessories,800.0,350.0,P10006,Global Tech Supplies
2024-10-16,East,Bookshelf,11,7650.0,Store B,Wholesale,0.1,Bob,84150.0,Cash,FREESHIP,0,REG101276,Cust C5296,567.12,2024-10-16,2024-10-23,Sophie,Furniture,8500.0,4200.0,P10012,FurnitureWorld Inc.
2025-06-14,South,Sticky Notes Bundle,4,180.0,Store C,Retail,0.1,Grace,720.0,Net Banking,BUNDLE15,0,REG101277,Cust C5106,1038.3,2025-06-14,2025-06-20,Marcus,Office Supplies,200.0,80.0,P10002,OfficePro Distro
2023-12-24,East,4K Smart Monitor,10,22400.0,Store B,Wholesale,0.2,David,224000.0,Net Banking,BUNDLE15,0,REG101278,Cust C5159,1449.81,2023-12-24,2024-01-01,Sophie,Electronics,28000.0,15000.0,P10015,Global Tech Supplies
2024-05-12,West,Wireless Earbuds,13,6500.0,Store D,Wholesale,0.0,Grace,84500.0,UPI,BUNDLE15,0,REG101279,Cust C5187,1135.72,2024-05-12,2024-05-14,Elena,Electronics,6500.0,3200.0,P10011,Global Tech Supplies
2023-10-14,West,Gaming Laptop,3,95000.0,Store D,Retail,0.0,Charlie,285000.0,Cash,SAVE10,0,REG101280,Cust C5002,1547.56,2023-10-14,2023-10-21,Elena,Electronics,95000.0,58000.0,P10019,Global Tech Supplies
2024-05-30,West,Wireless Earbuds,2,5850.0,Store D,Retail,0.1,Eva,11700.0,Net Banking,BLACKFRIDAY,0,REG101281,Cust C5193,1176.93,2024-05-30,2024-06-08,Elena,Electronics,6500.0,3200.0,P10011,Global Tech Supplies
2025-03-15,North,Smartphone,4,46750.0,Store A,Corporate,0.15,Frank,187000.0,Net Banking,SAVE10,0,REG101282,Cust C5354,2130.3,2025-03-15,2025-03-21,Eric,Electronics,55000.0,32000.0,P10018,Global Tech Supplies
2023-02-02,South,USB Flash Drive 64GB,2,680.0,Store C,Retail,0.15,Alice,1360.0,Credit Card,NONE,0,REG101283,Cust C5169,1954.96,2023-02-02,2023-02-08,Marcus,Accessories,800.0,350.0,P10006,Global Tech Supplies
2023-12-09,East,USB Flash Drive 64GB,2,760.0,Store B,Retail,0.05,Eva,1520.0,Debit Card,FREESHIP,0,REG101284,Cust C5089,1490.48,2023-12-09,2023-12-13,Sophie,Accessories,800.0,350.0,P10006,Global Tech Supplies
2024-05-19,East,Ergonomic Office Chair,1,13050.0,Store B,Retail,0.1,Eva,13050.0,Net Banking,FREESHIP,0,REG101285,Cust C5150,2239.78,2024-05-19,2024-05-27,Sophie,Furniture,14500.0,7500.0,P10013,FurnitureWorld Inc.
2023-11-19,North,Tablet,3,25600.0,Store A,Retail,0.2,Grace,76800.0,Cash,BLACKFRIDAY,0,REG101286,Cust C5385,834.34,2023-11-19,2023-11-22,Eric,Electronics,32000.0,18000.0,P10016,Global Tech Supplies
2023-08-17,South,Smartphone,15,44000.0,Store C,Wholesale,0.2,Frank,660000.0,Cash,BLACKFRIDAY,0,REG101287,Cust C5311,874.57,2023-08-17,2023-08-22,Marcus,Electronics,55000.0,32000.0,P10018,Global Tech Supplies
2024-08-27,West,Ballpoint Pen Pack,5,225.0,Store D,Retail,0.1,Bob,1125.0,Cash,BUNDLE15,0,REG101288,Cust C5073,1838.31,2024-08-27,2024-09-03,Elena,Office Supplies,250.0,100.0,P10003,OfficePro Distro
2023-05-13,North,Wireless Earbuds,1,6500.0,Store A,Corporate,0.0,Frank,6500.0,Debit Card,BLACKFRIDAY,0,REG101289,Cust C5254,1460.88,2023-05-13,2023-05-15,Eric,Electronics,6500.0,3200.0,P10011,Global Tech Supplies
2023-03-23,North,Ballpoint Pen Pack,2,212.5,Store A,Corporate,0.15,Eva,425.0,Cash,BLACKFRIDAY,0,REG101290,Cust C5013,682.89,2023-03-23,2023-03-29,Eric,Office Supplies,250.0,100.0,P10003,OfficePro Distro
2024-11-16,South,Sticky Notes Bundle,48,180.0,Store C,Wholesale,0.1,Grace,8640.0,UPI,BLACKFRIDAY,0,REG101291,Cust C5325,1929.41,2024-11-16,2024-11-18,Marcus,Office Supplies,200.0,80.0,P10002,OfficePro Distro
2023-01-29,North,Laptop Backpack,3,2380.0,Store A,Corporate,0.15,Charlie,7140.0,Debit Card,FREESHIP,0,REG101292,Cust C5106,1986.05,2023-01-29,2023-02-05,Eric,Accessories,2800.0,1200.0,P10009,SupplyCo Direct
2023-04-02,East,Laptop Backpack,2,2520.0,Store B,Corporate,0.1,Charlie,5040.0,UPI,BLACKFRIDAY,0,REG101293,Cust C5260,238.4,2023-04-02,2023-04-04,Sophie,Accessories,2800.0,1200.0,P10009,SupplyCo Direct
2023-10-05,South,Laser Printer,12,14800.0,Store C,Wholesale,0.2,Alice,177600.0,Debit Card,FREESHIP,0,REG101294,Cust C5168,600.36,2023-10-05,2023-10-07,Marcus,Electronics,18500.0,9500.0,P10014,Global Tech Supplies
2024-08-10,North,A4 Printer Paper (500 Sheets),38,405.0,Store A,Wholesale,0.1,Grace,15390.0,Net Banking,BLACKFRIDAY,1,REG101295,Cust C5001,1946.0,2024-08-10,2024-08-15,Eric,Office Supplies,450.0,220.0,P10004,OfficePro Distro
2023-04-05,West,Spiral Notebook,1,135.0,Store D,Corporate,0.1,Grace,135.0,UPI,SAVE10,0,REG101296,Cust C5186,685.89,2023-04-05,2023-04-13,Elena,Office Supplies,150.0,60.0,P10001,OfficePro Distro
2024-01-24,East,Laptop Backpack,33,2240.0,Store B,Wholesale,0.2,David,73920.0,Net Banking,NONE,0,REG101297,Cust C5081,1437.62,2024-01-24,2024-01-31,Sophie,Accessories,2800.0,1200.0,P10009,SupplyCo Direct
2025-06-26,East,Gaming Laptop,15,76000.0,Store B,Wholesale,0.2,David,1140000.0,Cash,FREESHIP,0,REG101298,Cust C5191,453.96,2025-06-26,2025-06-30,Sophie,Electronics,95000.0,58000.0,P10019,Global Tech Supplies
2025-05-21,North,Laser Printer,4,17575.0,Store A,Corporate,0.05,Alice,70300.0,Credit Card,SAVE10,0,REG101299,Cust C5009,1176.85,2025-05-21,2025-05-31,Eric,Electronics,18500.0,9500.0,P10014,Global Tech Supplies
2023-01-28,East,Ballpoint Pen Pack,34,200.0,Store B,Wholesale,0.2,Grace,6800.0,Net Banking,SAVE10,0,REG101300,Cust C5171,1542.14,2023-01-28,2023-02-03,Sophie,Office Supplies,250.0,100.0,P10003,OfficePro Distro
2024-07-29,East,Laptop Backpack,2,2380.0,Store B,Corporate,0.15,Eva,4760.0,Cash,FREESHIP,0,REG101301,Cust C5183,670.39,2024-07-29,2024-08-05,Sophie,Accessories,2800.0,1200.0,P10009,SupplyCo Direct
2025-01-19,East,Ballpoint Pen Pack,5,212.5,Store B,Corporate,0.15,Alice,1062.5,Cash,BLACKFRIDAY,0,REG101302,Cust C5001,1345.43,2025-01-19,2025-01-29,Sophie,Office Supplies,250.0,100.0,P10003,OfficePro Distro
2025-01-08,North,Ballpoint Pen Pack,5,212.5,Store A,Retail,0.15,Bob,1062.5,Credit Card,SAVE10,0,REG101303,Cust C5342,949.34,2025-01-08,2025-01-13,Eric,Office Supplies,250.0,100.0,P10003,OfficePro Distro
2023-10-10,East,LED Desk Lamp,1,1870.0,Store B,Corporate,0.15,Grace,1870.0,UPI,SAVE10,0,REG101304,Cust C5388,1739.08,2023-10-10,2023-10-13,Sophie,Furniture,2200.0,1000.0,P10008,FurnitureWorld Inc.
2023-09-03,West,Tablet,4,25600.0,Store D,Corporate,0.2,Frank,102400.0,UPI,BLACKFRIDAY,0,REG101305,Cust C5315,1946.76,2023-09-03,2023-09-08,Elena,Electronics,32000.0,18000.0,P10016,Global Tech Supplies
2023-06-26,East,Wireless Mouse,2,1425.0,Store B,Corporate,0.05,Charlie,2850.0,Cash,FREESHIP,0,REG101306,Cust C5156,2222.14,2023-06-26,2023-06-28,Sophie,Accessories,1500.0,700.0,P10007,Global Tech Supplies
2023-04-25,South,LED Desk Lamp,1,1760.0,Store C,Corporate,0.2,Eva,1760.0,Debit Card,BUNDLE15,0,REG101307,Cust C5130,1155.38,2023-04-25,2023-05-04,Marcus,Furniture,2200.0,1000.0,P10008,FurnitureWorld Inc.
2023-05-25,South,Sticky Notes Bundle,1,160.0,Store C,Corporate,0.2,Bob,160.0,Cash,FREESHIP,0,REG101308,Cust C5323,234.18,2023-05-25,2023-06-01,Marcus,Office Supplies,200.0,80.0,P10002,OfficePro Distro
2024-05-25,North,Laptop Backpack,5,2800.0,Store A,Corporate,0.0,Grace,14000.0,Credit Card,NONE,0,REG101309,Cust C5334,2041.65,2024-05-25,2024-05-27,Eric,Accessories,2800.0,1200.0,P10009,SupplyCo Direct
2023-08-03,South,Tablet,1,30400.0,Store C,Retail,0.05,Frank,30400.0,Net Banking,BLACKFRIDAY,0,REG101310,Cust C5378,2131.14,2023-08-03,2023-08-09,Marcus,Electronics,32000.0,18000.0,P10016,Global Tech Supplies
2023-08-17,West,Ballpoint Pen Pack,5,225.0,Store D,Retail,0.1,Eva,1125.0,Credit Card,SAVE10,0,REG101311,Cust C5209,465.0,2023-08-17,2023-08-22,Elena,Office Supplies,250.0,100.0,P10003,OfficePro Distro
2024-09-19,East,Wireless Earbuds,5,5525.0,Store B,Corporate,0.15,David,27625.0,Credit Card,NONE,0,REG101312,Cust C5147,1046.44,2024-09-19,2024-09-28,Sophie,Electronics,6500.0,3200.0,P10011,Global Tech Supplies
2024-10-11,North,4K Smart Monitor,5,26600.0,Store A,Wholesale,0.05,Grace,133000.0,Credit Card,FREESHIP,0,REG101313,Cust C5054,1382.56,2024-10-11,2024-10-13,Eric,Electronics,28000.0,15000.0,P10015,Global Tech Supplies
2023-10-19,West,Ergonomic Office Chair,4,13775.0,Store D,Corporate,0.05,Bob,55100.0,UPI,SAVE10,0,REG101314,Cust C5294,550.44,2023-10-19,2023-10-26,Elena,Furniture,14500.0,7500.0,P10013,FurnitureWorld Inc.
2024-10-10,North,Wireless Earbuds,3,6175.0,Store A,Retail,0.05,David,18525.0,Cash,BLACKFRIDAY,0,REG101315,Cust C5310,789.46,2024-10-10,2024-10-13,Eric,Electronics,6500.0,3200.0,P10011,Global Tech Supplies
2025-04-19,East,Gaming Laptop,5,85500.0,Store B,Corporate,0.1,Charlie,427500.0,Debit Card,FREESHIP,0,REG101316,Cust C5303,2363.15,2025-04-19,2025-04-22,Sophie,Electronics,95000.0,58000.0,P10019,Global Tech Supplies
2025-01-22,South,Gaming Laptop,3,85500.0,Store C,Retail,0.1,Frank,256500.0,UPI,FREESHIP,0,REG101317,Cust C5075,1272.25,2025-01-22,2025-01-31,Marcus,Electronics,95000.0,58000.0,P10019,Global Tech Supplies
2024-11-26,East,Mechanical Keyboard,11,4050.0,Store B,Wholesale,0.1,Eva,44550.0,UPI,FREESHIP,0,REG101318,Cust C5131,731.14,2024-11-26,2024-11-29,Sophie,Electronics,4500.0,2200.0,P10010,Global Tech Supplies
2025-06-12,North,Wireless Earbuds,9,5850.0,Store A,Wholesale,0.1,David,52650.0,Debit Card,BLACKFRIDAY,0,REG101319,Cust C5185,1167.48,2025-06-12,2025-06-18,Eric,Electronics,6500.0,3200.0,P10011,Global Tech Supplies
2023-06-13,South,Mechanical Keyboard,5,3600.0,Store C,Retail,0.2,Charlie,18000.0,Net Banking,FREESHIP,0,REG101320,Cust C5201,1428.53,2023-06-13,2023-06-20,Marcus,Electronics,4500.0,2200.0,P10010,Global Tech Supplies
2023-01-26,East,Smartphone,4,55000.0,Store B,Retail,0.0,Bob,220000.0,UPI,SAVE10,0,REG101321,Cust C5150,2335.4,2023-01-26,2023-02-01,Sophie,Electronics,55000.0,32000.0,P10018,Global Tech Supplies
2025-03-06,East,A4 Printer Paper (500 Sheets),5,360.0,Store B,Corporate,0.2,Charlie,1800.0,Cash,SAVE10,0,REG101322,Cust C5174,2381.39,2025-03-06,2025-03-14,Sophie,Office Supplies,450.0,220.0,P10004,OfficePro Distro
2024-05-10,West,Tablet,1,27200.0,Store D,Corporate,0.15,Grace,27200.0,Credit Card,SAVE10,0,REG101323,Cust C5128,2496.87,2024-05-10,2024-05-14,Elena,Electronics,32000.0,18000.0,P10016,Global Tech Supplies
2025-02-19,South,USB Flash Drive 64GB,5,760.0,Store C,Corporate,0.05,Grace,3800.0,UPI,SAVE10,0,REG101324,Cust C5140,1758.02,2025-02-19,2025-02-21,Marcus,Accessories,800.0,350.0,P10006,Global Tech Supplies
2023-08-24,East,HDMI Cable,4,600.0,Store B,Retail,0.0,Eva,2400.0,Net Banking,FREESHIP,0,REG101325,Cust C5035,884.3,2023-08-24,2023-09-02,Sophie,Accessories,600.0,250.0,P10005,Global Tech Supplies
2024-11-21,North,Tablet,7,30400.0,Store A,Wholesale,0.05,Eva,212800.0,Cash,BUNDLE15,0,REG101326,Cust C5309,739.9,2024-11-21,2024-11-23,Eric,Electronics,32000.0,18000.0,P10016,Global Tech Supplies
2024-01-17,East,Wireless Mouse,5,1500.0,Store B,Retail,0.0,Bob,7500.0,Net Banking,FREESHIP,0,REG101327,Cust C5271,985.38,2024-01-17,2024-01-21,Sophie,Accessories,1500.0,700.0,P10007,Global Tech Supplies
2024-03-01,East,Smartphone,5,55000.0,Store B,Retail,0.0,Grace,275000.0,Debit Card,NONE,0,REG101328,Cust C5394,1588.32,2024-03-01,2024-03-06,Sophie,Electronics,55000.0,32000.0,P10018,Global Tech Supplies
2025-02-22,South,Smartphone,5,44000.0,Store C,Corporate,0.2,Alice,220000.0,Cash,NONE,0,REG101329,Cust C5342,2438.45,2025-02-22,2025-03-04,Marcus,Electronics,55000.0,32000.0,P10018,Global Tech Supplies
2024-07-28,East,Laptop Backpack,25,2240.0,Store B,Wholesale,0.2,Frank,56000.0,UPI,BUNDLE15,0,REG101330,Cust C5399,856.21,2024-07-28,2024-07-31,Sophie,Accessories,2800.0,1200.0,P10009,SupplyCo Direct
2023-12-14,South,Wireless Mouse,22,1425.0,Store C,Wholesale,0.05,David,31350.0,UPI,BLACKFRIDAY,0,REG101331,Cust C5346,852.72,2023-12-14,2023-12-19,Marcus,Accessories,1500.0,700.0,P10007,Global Tech Supplies
2023-02-21,South,Spiral Notebook,2,135.0,Store C,Retail,0.1,Grace,270.0,UPI,NONE,0,REG101332,Cust C5100,837.17,2023-02-21,2023-02-26,Marcus,Office Supplies,150.0,60.0,P10001,OfficePro Distro
2023-08-19,West,Ballpoint Pen Pack,24,237.5,Store D,Wholesale,0.05,Bob,5700.0,UPI,BLACKFRIDAY,0,REG101333,Cust C5331,507.69,2023-08-19,2023-08-22,Elena,Office Supplies,250.0,100.0,P10003,OfficePro Distro
2023-11-10,East,Tablet,8,25600.0,Store B,Wholesale,0.2,Alice,204800.0,Net Banking,NONE,0,REG101334,Cust C5377,2129.72,2023-11-10,2023-11-16,Sophie,Electronics,32000.0,18000.0,P10016,Global Tech Supplies
2024-01-10,East,Ballpoint Pen Pack,5,200.0,Store B,Corporate,0.2,Alice,1000.0,UPI,SAVE10,0,REG101335,Cust C5307,1192.85,2024-01-10,2024-01-19,Sophie,Office Supplies,250.0,100.0,P10003,OfficePro Distro
2024-04-27,East,A4 Printer Paper (500 Sheets),49,405.0,Store B,Wholesale,0.1,David,19845.0,Net Banking,BLACKFRIDAY,0,REG101336,Cust C5019,1027.89,2024-04-27,2024-05-01,Sophie,Office Supplies,450.0,220.0,P10004,OfficePro Distro
2023-05-27,South,Ballpoint Pen Pack,1,250.0,Store C,Retail,0.0,David,250.0,Net Banking,BLACKFRIDAY,0,REG101337,Cust C5289,2348.17,2023-05-27,2023-06-06,Marcus,Office Supplies,250.0,100.0,P10003,OfficePro Distro
2024-02-20,West,A4 Printer Paper (500 Sheets),5,450.0,Store D,Retail,0.0,Charlie,2250.0,Debit Card,NONE,0,REG101338,Cust C5190,311.13,2024-02-20,2024-02-27,Elena,Office Supplies,450.0,220.0,P10004,OfficePro Distro
2024-02-04,West,4K Smart Monitor,2,26600.0,Store D,Retail,0.05,Charlie,53200.0,Net Banking,FREESHIP,0,REG101339,Cust C5070,423.8,2024-02-04,2024-02-06,Elena,Electronics,28000.0,15000.0,P10015,Global Tech Supplies
2023-08-09,North,Sticky Notes Bundle,32,160.0,Store A,Wholesale,0.2,Bob,5120.0,Cash,BUNDLE15,1,REG101340,Cust C5159,1284.4,2023-08-09,2023-08-17,Eric,Office Supplies,200.0,80.0,P10002,OfficePro Distro
2025-05-28,South,LED Desk Lamp,5,2200.0,Store C,Corporate,0.0,Eva,11000.0,UPI,BUNDLE15,0,REG101341,Cust C5187,819.81,2025-05-28,2025-06-06,Marcus,Furniture,2200.0,1000.0,P10008,FurnitureWorld Inc.
2023-04-20,East,Sticky Notes Bundle,5,200.0,Store B,Corporate,0.0,Bob,1000.0,Net Banking,SAVE10,0,REG101342,Cust C5208,565.55,2023-04-20,2023-04-24,Sophie,Office Supplies,200.0,80.0,P10002,OfficePro Distro
2023-05-23,North,A4 Printer Paper (500 Sheets),1,427.5,Store A,Retail,0.05,Bob,427.5,Credit Card,BUNDLE15,0,REG101343,Cust C5194,321.25,2023-05-23,2023-06-02,Eric,Office Supplies,450.0,220.0,P10004,OfficePro Distro
2025-03-12,West,Sticky Notes Bundle,5,180.0,Store D,Corporate,0.1,Frank,900.0,Debit Card,SAVE10,0,REG101344,Cust C5089,1862.21,2025-03-12,2025-03-21,Elena,Office Supplies,200.0,80.0,P10002,OfficePro Distro
2023-11-30,East,HDMI Cable,27,540.0,Store B,Wholesale,0.1,Grace,14580.0,UPI,BUNDLE15,0,REG101345,Cust C5113,1336.92,2023-11-30,2023-12-06,Sophie,Accessories,600.0,250.0,P10005,Global Tech Supplies
2023-12-29,South,Mechanical Keyboard,3,3825.0,Store C,Retail,0.15,Grace,11475.0,Debit Card,SAVE10,0,REG101346,Cust C5382,718.21,2023-12-29,2023-12-31,Marcus,Electronics,4500.0,2200.0,P10010,Global Tech Supplies
2023-06-13,West,Wireless Mouse,38,1275.0,Store D,Wholesale,0.15,Grace,48450.0,Credit Card,SAVE10,0,REG101347,Cust C5381,2193.92,2023-06-13,2023-06-19,Elena,Accessories,1500.0,700.0,P10007,Global Tech Supplies
2023-03-17,West,Tablet,14,27200.0,Store D,Wholesale,0.15,Grace,380800.0,Debit Card,SAVE10,0,REG101348,Cust C5182,227.3,2023-03-17,2023-03-26,Elena,Electronics,32000.0,18000.0,P10016,Global Tech Supplies
2024-12-09,East,Mechanical Keyboard,11,3600.0,Store B,Wholesale,0.2,Charlie,39600.0,Debit Card,BLACKFRIDAY,0,REG101349,Cust C5075,799.67,2024-12-09,2024-12-11,Sophie,Electronics,4500.0,2200.0,P10010,Global Tech Supplies
2023-10-06,West,Sticky Notes Bundle,49,200.0,Store D,Wholesale,0.0,David,9800.0,UPI,SAVE10,0,REG101350,Cust C5335,2136.51,2023-10-06,2023-10-11,Elena,Office Supplies,200.0,80.0,P10002,OfficePro Distro
2023-08-16,West,Standing Desk,1,32300.0,Store D,Retail,0.15,Grace,32300.0,Debit Card,SAVE10,0,REG101351,Cust C5194,482.58,2023-08-16,2023-08-19,Elena,Furniture,38000.0,20000.0,P10017,FurnitureWorld Inc.
2023-07-09,South,Gaming Laptop,3,85500.0,Store C,Retail,0.1,Alice,256500.0,UPI,FREESHIP,0,REG101352,Cust C5130,2067.08,2023-07-09,2023-07-12,Marcus,Electronics,95000.0,58000.0,P10019,Global Tech Supplies
2025-05-10,East,Laptop Backpack,5,2800.0,Store B,Corporate,0.0,Alice,14000.0,Cash,BLACKFRIDAY,0,REG101353,Cust C5280,1156.55,2025-05-10,2025-05-19,Sophie,Accessories,2800.0,1200.0,P10009,SupplyCo Direct
2023-12-27,South,Standing Desk,4,36100.0,Store C,Corporate,0.05,Frank,144400.0,Cash,BUNDLE15,0,REG101354,Cust C5134,799.98,2023-12-27,2024-01-06,Marcus,Furniture,38000.0,20000.0,P10017,FurnitureWorld Inc.
2023-09-24,West,4K Smart Monitor,7,25200.0,Store D,Wholesale,0.1,Alice,176400.0,Debit Card,SAVE10,0,REG101355,Cust C5331,1653.71,2023-09-24,2023-09-28,Elena,Electronics,28000.0,15000.0,P10015,Global Tech Supplies
2023-12-01,West,USB Flash Drive 64GB,5,720.0,Store D,Corporate,0.1,Eva,3600.0,Debit Card,NONE,0,REG101356,Cust C5344,2452.97,2023-12-01,2023-12-09,Elena,Accessories,800.0,350.0,P10006,Global Tech Supplies
2025-04-01,West,4K Smart Monitor,2,25200.0,Store D,Retail,0.1,Alice,50400.0,Debit Card,BLACKFRIDAY,0,REG101357,Cust C5261,330.47,2025-04-01,2025-04-10,Elena,Electronics,28000.0,15000.0,P10015,Global Tech Supplies
2024-06-18,West,Ergonomic Office Chair,6,14500.0,Store D,Wholesale,0.0,Bob,87000.0,Credit Card,FREESHIP,0,REG101358,Cust C5308,2146.07,2024-06-18,2024-06-24,Elena,Furniture,14500.0,7500.0,P10013,FurnitureWorld Inc.
2024-04-20,East,Ballpoint Pen Pack,4,237.5,Store B,Retail,0.05,Alice,950.0,Credit Card,BLACKFRIDAY,1,REG101359,Cust C5010,2269.41,2024-04-20,2024-04-27,Sophie,Office Supplies,250.0,100.0,P10003,OfficePro Distro
2023-07-15,West,Bookshelf,4,6800.0,Store D,Retail,0.2,Charlie,27200.0,Credit Card,SAVE10,0,REG101360,Cust C5028,1006.99,2023-07-15,2023-07-22,Elena,Furniture,8500.0,4200.0,P10012,FurnitureWorld Inc.
2023-03-20,West,LED Desk Lamp,1,2200.0,Store D,Corporate,0.0,Charlie,2200.0,UPI,BLACKFRIDAY,1,REG101361,Cust C5208,863.57,2023-03-20,2023-03-25,Elena,Furniture,2200.0,1000.0,P10008,FurnitureWorld Inc.
2023-03-14,South,USB Flash Drive 64GB,4,680.0,Store C,Retail,0.15,David,2720.0,Cash,SAVE10,0,REG101362,Cust C5007,954.65,2023-03-14,2023-03-16,Marcus,Accessories,800.0,350.0,P10006,Global Tech Supplies
2023-02-10,South,Standing Desk,1,32300.0,Store C,Retail,0.15,Grace,32300.0,Credit Card,BUNDLE15,0,REG101363,Cust C5017,2114.69,2023-02-10,2023-02-13,Marcus,Furniture,38000.0,20000.0,P10017,FurnitureWorld Inc.
2024-06-25,North,4K Smart Monitor,14,23800.0,Store A,Wholesale,0.15,David,333200.0,Credit Card,BUNDLE15,0,REG101364,Cust C5238,331.27,2024-06-25,2024-07-01,Eric,Electronics,28000.0,15000.0,P10015,Global Tech Supplies
2025-04-01,West,A4 Printer Paper (500 Sheets),49,405.0,Store D,Wholesale,0.1,David,19845.0,UPI,NONE,0,REG101365,Cust C5158,589.6,2025-04-01,2025-04-05,Elena,Office Supplies,450.0,220.0,P10004,OfficePro Distro
2024-04-26,West,Ergonomic Office Chair,5,14500.0,Store D,Retail,0.0,Alice,72500.0,Cash,SAVE10,0,REG101366,Cust C5028,1784.79,2024-04-26,2024-05-02,Elena,Furniture,14500.0,7500.0,P10013,FurnitureWorld Inc.
2025-01-31,West,Ergonomic Office Chair,4,14500.0,Store D,Corporate,0.0,Charlie,58000.0,Credit Card,BUNDLE15,0,REG101367,Cust C5269,415.63,2025-01-31,2025-02-03,Elena,Furniture,14500.0,7500.0,P10013,FurnitureWorld Inc.
2025-04-29,North,Tablet,2,32000.0,Store A,Retail,0.0,Frank,64000.0,UPI,SAVE10,0,REG101368,Cust C5067,1925.68,2025-04-29,2025-05-01,Eric,Electronics,32000.0,18000.0,P10016,Global Tech Supplies
2025-06-13,East,Smartphone,5,55000.0,Store B,Wholesale,0.0,Grace,275000.0,Cash,NONE,0,REG101369,Cust C5039,480.36,2025-06-13,2025-06-15,Sophie,Electronics,55000.0,32000.0,P10018,Global Tech Supplies
2025-03-19,East,Gaming Laptop,1,76000.0,Store B,Corporate,0.2,David,76000.0,Net Banking,BLACKFRIDAY,0,REG101370,Cust C5195,211.94,2025-03-19,2025-03-25,Sophie,Electronics,95000.0,58000.0,P10019,Global Tech Supplies
2023-02-10,North,Tablet,9,25600.0,Store A,Wholesale,0.2,David,230400.0,Credit Card,SAVE10,0,REG101371,Cust C5397,382.52,2023-02-10,2023-02-13,Eric,Electronics,32000.0,18000.0,P10016,Global Tech Supplies
2023-04-25,South,HDMI Cable,47,570.0,Store C,Wholesale,0.05,Frank,26790.0,Net Banking,NONE,0,REG101372,Cust C5259,2354.86,2023-04-25,2023-05-03,Marcus,Accessories,600.0,250.0,P10005,Global Tech Supplies
2023-03-06,North,HDMI Cable,3,570.0,Store A,Retail,0.05,Grace,1710.0,Cash,BUNDLE15,0,REG101373,Cust C5154,782.33,2023-03-06,2023-03-15,Eric,Accessories,600.0,250.0,P10005,Global Tech Supplies
2024-12-24,East,Sticky Notes Bundle,1,190.0,Store B,Corporate,0.05,Grace,190.0,Credit Card,FREESHIP,0,REG101374,Cust C5339,2142.32,2024-12-24,2024-12-30,Sophie,Office Supplies,200.0,80.0,P10002,OfficePro Distro
2023-12-06,North,Laptop Backpack,31,2240.0,Store A,Wholesale,0.2,Charlie,69440.0,Credit Card,FREESHIP,0,REG101375,Cust C5087,204.54,2023-12-06,2023-12-15,Eric,Accessories,2800.0,1200.0,P10009,SupplyCo Direct
2023-08-09,West,HDMI Cable,24,570.0,Store D,Wholesale,0.05,Frank,13680.0,Debit Card,FREESHIP,0,REG101376,Cust C5237,465.35,2023-08-09,2023-08-14,Elena,Accessories,600.0,250.0,P10005,Global Tech Supplies
2025-05-14,North,Tablet,2,32000.0,Store A,Retail,0.0,Frank,64000.0,Credit Card,BLACKFRIDAY,0,REG101377,Cust C5046,238.25,2025-05-14,2025-05-19,Eric,Electronics,32000.0,18000.0,P10016,Global Tech Supplies
2023-08-29,North,HDMI Cable,4,510.0,Store A,Corporate,0.15,Grace,2040.0,Net Banking,FREESHIP,0,REG101378,Cust C5374,1178.22,2023-08-29,2023-09-01,Eric,Accessories,600.0,250.0,P10005,Global Tech Supplies
2024-06-06,East,USB Flash Drive 64GB,4,800.0,Store B,Corporate,0.0,Alice,3200.0,UPI,FREESHIP,0,REG101379,Cust C5314,2297.65,2024-06-06,2024-06-15,Sophie,Accessories,800.0,350.0,P10006,Global Tech Supplies
2024-12-15,North,LED Desk Lamp,38,1870.0,Store A,Wholesale,0.15,Bob,71060.0,Cash,BUNDLE15,0,REG101380,Cust C5223,1942.58,2024-12-15,2024-12-23,Eric,Furniture,2200.0,1000.0,P10008,FurnitureWorld Inc.
2024-10-28,West,USB Flash Drive 64GB,1,640.0,Store D,Corporate,0.2,Alice,640.0,Debit Card,BUNDLE15,0,REG101381,Cust C5326,2285.93,2024-10-28,2024-11-03,Elena,Accessories,800.0,350.0,P10006,Global Tech Supplies
2025-04-21,South,Laser Printer,15,16650.0,Store C,Wholesale,0.1,Frank,249750.0,Debit Card,BUNDLE15,0,REG101382,Cust C5135,1354.9,2025-04-21,2025-04-28,Marcus,Electronics,18500.0,9500.0,P10014,Global Tech Supplies
2023-09-09,North,4K Smart Monitor,2,25200.0,Store A,Retail,0.1,Eva,50400.0,Cash,SAVE10,0,REG101383,Cust C5238,785.73,2023-09-09,2023-09-18,Eric,Electronics,28000.0,15000.0,P10015,Global Tech Supplies
2025-02-27,West,USB Flash Drive 64GB,4,760.0,Store D,Retail,0.05,Charlie,3040.0,Debit Card,BLACKFRIDAY,0,REG101384,Cust C5218,1965.27,2025-02-27,2025-03-04,Elena,Accessories,800.0,350.0,P10006,Global Tech Supplies
2025-05-31,West,HDMI Cable,4,540.0,Store D,Corporate,0.1,Frank,2160.0,Debit Card,NONE,0,REG101385,Cust C5175,1783.76,2025-05-31,2025-06-06,Elena,Accessories,600.0,250.0,P10005,Global Tech Supplies
2023-06-09,North,Spiral Notebook,34,142.5,Store A,Wholesale,0.05,Grace,4845.0,Cash,FREESHIP,0,REG101386,Cust C5387,1156.15,2023-06-09,2023-06-12,Eric,Office Supplies,150.0,60.0,P10001,OfficePro Distro
2023-08-09,East,Wireless Mouse,3,1350.0,Store B,Retail,0.1,Charlie,4050.0,Net Banking,BUNDLE15,0,REG101387,Cust C5111,1863.46,2023-08-09,2023-08-13,Sophie,Accessories,1500.0,700.0,P10007,Global Tech Supplies
2025-03-03,East,USB Flash Drive 64GB,3,680.0,Store B,Corporate,0.15,Charlie,2040.0,Debit Card,BLACKFRIDAY,0,REG101388,Cust C5343,1971.84,2025-03-03,2025-03-13,Sophie,Accessories,800.0,350.0,P10006,Global Tech Supplies
2025-03-17,North,HDMI Cable,5,480.0,Store A,Corporate,0.2,Bob,2400.0,Net Banking,BUNDLE15,0,REG101389,Cust C5103,201.67,2025-03-17,2025-03-22,Eric,Accessories,600.0,250.0,P10005,Global Tech Supplies
2024-11-19,South,Ballpoint Pen Pack,16,250.0,Store C,Wholesale,0.0,Alice,4000.0,UPI,FREESHIP,0,REG101390,Cust C5045,2302.72,2024-11-19,2024-11-28,Marcus,Office Supplies,250.0,100.0,P10003,OfficePro Distro
2024-10-13,North,Standing Desk,1,36100.0,Store A,Retail,0.05,Charlie,36100.0,Credit Card,BLACKFRIDAY,0,REG101391,Cust C5312,1013.41,2024-10-13,2024-10-21,Eric,Furniture,38000.0,20000.0,P10017,FurnitureWorld Inc.
2025-06-15,West,Bookshelf,14,8500.0,Store D,Wholesale,0.0,Bob,119000.0,Cash,BUNDLE15,0,REG101392,Cust C5192,1984.3,2025-06-15,2025-06-23,Elena,Furniture,8500.0,4200.0,P10012,FurnitureWorld Inc.
2024-01-13,North,Bookshelf,2,6800.0,Store A,Corporate,0.2,Alice,13600.0,UPI,BLACKFRIDAY,0,REG101393,Cust C5189,477.76,2024-01-13,2024-01-22,Eric,Furniture,8500.0,4200.0,P10012,FurnitureWorld Inc.
2023-02-01,North,Ballpoint Pen Pack,10,237.5,Store A,Wholesale,0.05,David,2375.0,Credit Card,SAVE10,0,REG101394,Cust C5235,281.63,2023-02-01,2023-02-07,Eric,Office Supplies,250.0,100.0,P10003,OfficePro Distro
2024-02-11,South,Ergonomic Office Chair,4,12325.0,Store C,Retail,0.15,Alice,49300.0,Cash,SAVE10,0,REG101395,Cust C5283,1645.57,2024-02-11,2024-02-17,Marcus,Furniture,14500.0,7500.0,P10013,FurnitureWorld Inc.
2025-06-11,East,Wireless Mouse,24,1275.0,Store B,Wholesale,0.15,Alice,30600.0,Debit Card,SAVE10,0,REG101396,Cust C5051,1798.45,2025-06-11,2025-06-19,Sophie,Accessories,1500.0,700.0,P10007,Global Tech Supplies
2023-12-14,West,Sticky Notes Bundle,4,160.0,Store D,Corporate,0.2,Alice,640.0,Debit Card,SAVE10,0,REG101397,Cust C5141,2482.75,2023-12-14,2023-12-19,Elena,Office Supplies,200.0,80.0,P10002,OfficePro Distro
2024-08-29,East,Mechanical Keyboard,3,3825.0,Store B,Retail,0.15,Charlie,11475.0,Credit Card,BLACKFRIDAY,0,REG101398,Cust C5057,1880.23,2024-08-29,2024-09-03,Sophie,Electronics,4500.0,2200.0,P10010,Global Tech Supplies
2024-02-27,North,Standing Desk,13,36100.0,Store A,Wholesale,0.05,Charlie,469300.0,UPI,FREESHIP,0,REG101399,Cust C5160,1870.4,2024-02-27,2024-03-07,Eric,Furniture,38000.0,20000.0,P10017,FurnitureWorld Inc.
2023-09-10,South,Tablet,4,28800.0,Store C,Corporate,0.1,Grace,115200.0,Cash,BLACKFRIDAY,0,REG101400,Cust C5068,2217.38,2023-09-10,2023-09-20,Marcus,Electronics,32000.0,18000.0,P10016,Global Tech Supplies
2023-12-08,South,USB Flash Drive 64GB,5,640.0,Store C,Corporate,0.2,Grace,3200.0,Debit Card,FREESHIP,0,REG101401,Cust C5095,1449.36,2023-12-08,2023-12-17,Marcus,Accessories,800.0,350.0,P10006,Global Tech Supplies
2025-01-15,North,Mechanical Keyboard,1,4500.0,Store A,Retail,0.0,Frank,4500.0,Cash,BLACKFRIDAY,0,REG101402,Cust C5153,221.68,2025-01-15,2025-01-21,Eric,Electronics,4500.0,2200.0,P10010,Global Tech Supplies
2024-04-01,West,A4 Printer Paper (500 Sheets),33,405.0,Store D,Wholesale,0.1,Grace,13365.0,UPI,FREESHIP,0,REG101403,Cust C5378,680.11,2024-04-01,2024-04-11,Elena,Office Supplies,450.0,220.0,P10004,OfficePro Distro
2024-01-29,West,Smartphone,5,46750.0,Store D,Corporate,0.15,Bob,233750.0,Cash,FREESHIP,0,REG101404,Cust C5110,606.47,2024-01-29,2024-02-02,Elena,Electronics,55000.0,32000.0,P10018,Global Tech Supplies
2025-02-02,North,Spiral Notebook,3,135.0,Store A,Corporate,0.1,Charlie,405.0,Credit Card,FREESHIP,0,REG101405,Cust C5304,2367.35,2025-02-02,2025-02-06,Eric,Office Supplies,150.0,60.0,P10001,OfficePro Distro
2025-05-12,West,Wireless Mouse,1,1425.0,Store D,Corporate,0.05,Bob,1425.0,Debit Card,FREESHIP,0,REG101406,Cust C5183,604.14,2025-05-12,2025-05-21,Elena,Accessories,1500.0,700.0,P10007,Global Tech Supplies
2023-05-06,North,Tablet,1,32000.0,Store A,Retail,0.0,David,32000.0,Credit Card,SAVE10,0,REG101407,Cust C5062,1223.29,2023-05-06,2023-05-11,Eric,Electronics,32000.0,18000.0,P10016,Global Tech Supplies
2023-05-26,West,Wireless Mouse,1,1425.0,Store D,Corporate,0.05,David,1425.0,Cash,FREESHIP,0,REG101408,Cust C5173,974.88,2023-05-26,2023-06-01,Elena,Accessories,1500.0,700.0,P10007,Global Tech Supplies
2025-06-26,West,Smartphone,12,55000.0,Store D,Wholesale,0.0,Charlie,660000.0,Cash,SAVE10,0,REG101409,Cust C5118,2343.16,2025-06-26,2025-07-06,Elena,Electronics,55000.0,32000.0,P10018,Global Tech Supplies
2023-02-27,North,Standing Desk,7,30400.0,Store A,Wholesale,0.2,Frank,212800.0,Net Banking,SAVE10,0,REG101410,Cust C5081,960.83,2023-02-27,2023-03-06,Eric,Furniture,38000.0,20000.0,P10017,FurnitureWorld Inc.
2024-11-20,East,Laptop Backpack,1,2380.0,Store B,Retail,0.15,Frank,2380.0,Cash,BLACKFRIDAY,0,REG101411,Cust C5000,1964.66,2024-11-20,2024-11-25,Sophie,Accessories,2800.0,1200.0,P10009,SupplyCo Direct
2024-11-07,West,Smartphone,5,46750.0,Store D,Corporate,0.15,Frank,233750.0,Net Banking,BUNDLE15,0,REG101412,Cust C5341,874.5,2024-11-07,2024-11-17,Elena,Electronics,55000.0,32000.0,P10018,Global Tech Supplies
2024-02-11,East,Wireless Earbuds,5,6500.0,Store B,Retail,0.0,Charlie,32500.0,UPI,BUNDLE15,0,REG101413,Cust C5383,1211.04,2024-02-11,2024-02-20,Sophie,Electronics,6500.0,3200.0,P10011,Global Tech Supplies
2024-12-01,North,Gaming Laptop,3,76000.0,Store A,Corporate,0.2,David,228000.0,Cash,FREESHIP,0,REG101414,Cust C5377,2421.36,2024-12-01,2024-12-05,Eric,Electronics,95000.0,58000.0,P10019,Global Tech Supplies
2023-03-22,South,Laptop Backpack,25,2240.0,Store C,Wholesale,0.2,Alice,56000.0,UPI,FREESHIP,0,REG101415,Cust C5392,672.56,2023-03-22,2023-03-30,Marcus,Accessories,2800.0,1200.0,P10009,SupplyCo Direct
2023-11-16,South,Smartphone,2,46750.0,Store C,Retail,0.15,David,93500.0,UPI,SAVE10,0,REG101416,Cust C5021,428.58,2023-11-16,2023-11-18,Marcus,Electronics,55000.0,32000.0,P10018,Global Tech Supplies
2023-06-23,East,Laser Printer,1,16650.0,Store B,Corporate,0.1,Bob,16650.0,Cash,NONE,0,REG101417,Cust C5087,1464.69,2023-06-23,2023-06-28,Sophie,Electronics,18500.0,9500.0,P10014,Global Tech Supplies
2023-04-06,West,Bookshelf,4,8500.0,Store D,Corporate,0.0,Grace,34000.0,Cash,BLACKFRIDAY,1,REG101418,Cust C5123,1889.76,2023-04-06,2023-04-11,Elena,Furniture,8500.0,4200.0,P10012,FurnitureWorld Inc.
2024-06-07,South,Ballpoint Pen Pack,3,225.0,Store C,Corporate,0.1,Alice,675.0,UPI,BUNDLE15,0,REG101419,Cust C5101,908.22,2024-06-07,2024-06-13,Marcus,Office Supplies,250.0,100.0,P10003,OfficePro Distro
2025-01-25,West,Wireless Earbuds,6,5850.0,Store D,Wholesale,0.1,David,35100.0,Debit Card,NONE,0,REG101420,Cust C5150,1690.98,2025-01-25,2025-02-03,Elena,Electronics,6500.0,3200.0,P10011,Global Tech Supplies
2023-09-08,West,A4 Printer Paper (500 Sheets),2,405.0,Store D,Retail,0.1,Frank,810.0,Net Banking,SAVE10,0,REG101421,Cust C5124,2176.54,2023-09-08,2023-09-13,Elena,Office Supplies,450.0,220.0,P10004,OfficePro Distro
2024-04-19,South,4K Smart Monitor,5,23800.0,Store C,Wholesale,0.15,Bob,119000.0,Debit Card,NONE,0,REG101422,Cust C5029,1242.39,2024-04-19,2024-04-29,Marcus,Electronics,28000.0,15000.0,P10015,Global Tech Supplies
2024-03-12,West,Ergonomic Office Chair,15,11600.0,Store D,Wholesale,0.2,Eva,174000.0,Debit Card,SAVE10,0,REG101423,Cust C5009,1749.7,2024-03-12,2024-03-14,Elena,Furniture,14500.0,7500.0,P10013,FurnitureWorld Inc.
2024-06-09,West,Sticky Notes Bundle,23,180.0,Store D,Wholesale,0.1,Charlie,4140.0,Net Banking,FREESHIP,0,REG101424,Cust C5390,512.67,2024-06-09,2024-06-17,Elena,Office Supplies,200.0,80.0,P10002,OfficePro Distro
2023-07-04,North,Laptop Backpack,2,2520.0,Store A,Retail,0.1,Charlie,5040.0,Cash,SAVE10,0,REG101425,Cust C5266,1508.25,2023-07-04,2023-07-10,Eric,Accessories,2800.0,1200.0,P10009,SupplyCo Direct
2023-01-08,North,Ergonomic Office Chair,2,11600.0,Store A,Retail,0.2,David,23200.0,UPI,BUNDLE15,0,REG101426,Cust C5262,217.78,2023-01-08,2023-01-10,Eric,Furniture,14500.0,7500.0,P10013,FurnitureWorld Inc.
2024-08-29,North,Standing Desk,2,30400.0,Store A,Corporate,0.2,Alice,60800.0,Cash,BLACKFRIDAY,0,REG101427,Cust C5289,1296.54,2024-08-29,2024-09-03,Eric,Furniture,38000.0,20000.0,P10017,FurnitureWorld Inc.
2024-09-17,North,LED Desk Lamp,18,1760.0,Store A,Wholesale,0.2,Alice,31680.0,UPI,BLACKFRIDAY,1,REG101428,Cust C5170,421.55,2024-09-17,2024-09-27,Eric,Furniture,2200.0,1000.0,P10008,FurnitureWorld Inc.
2024-04-12,South,4K Smart Monitor,1,28000.0,Store C,Corporate,0.0,David,28000.0,Net Banking,FREESHIP,0,REG101429,Cust C5266,1376.26,2024-04-12,2024-04-20,Marcus,Electronics,28000.0,15000.0,P10015,Global Tech Supplies
2023-05-15,West,HDMI Cable,3,600.0,Store D,Corporate,0.0,Eva,1800.0,Credit Card,SAVE10,0,REG101430,Cust C5265,496.0,2023-05-15,2023-05-21,Elena,Accessories,600.0,250.0,P10005,Global Tech Supplies
2023-12-12,West,Ergonomic Office Chair,8,12325.0,Store D,Wholesale,0.15,Grace,98600.0,Cash,BUNDLE15,0,REG101431,Cust C5042,378.7,2023-12-12,2023-12-15,Elena,Furniture,14500.0,7500.0,P10013,FurnitureWorld Inc.
2023-04-29,East,Gaming Laptop,12,90250.0,Store B,Wholesale,0.05,Grace,1083000.0,Credit Card,FREESHIP,0,REG101432,Cust C5218,1755.64,2023-04-29,2023-05-04,Sophie,Electronics,95000.0,58000.0,P10019,Global Tech Supplies
2024-03-09,West,LED Desk Lamp,5,2200.0,Store D,Retail,0.0,David,11000.0,Net Banking,FREESHIP,0,REG101433,Cust C5164,2219.74,2024-03-09,2024-03-16,Elena,Furniture,2200.0,1000.0,P10008,FurnitureWorld Inc.
2024-04-11,North,Wireless Mouse,31,1500.0,Store A,Wholesale,0.0,Bob,46500.0,Net Banking,SAVE10,0,REG101434,Cust C5354,779.22,2024-04-11,2024-04-15,Eric,Accessories,1500.0,700.0,P10007,Global Tech Supplies
2023-05-05,South,Wireless Mouse,22,1500.0,Store C,Wholesale,0.0,Alice,33000.0,Net Banking,FREESHIP,1,REG101435,Cust C5205,663.88,2023-05-05,2023-05-10,Marcus,Accessories,1500.0,700.0,P10007,Global Tech Supplies
2023-11-30,West,Laser Printer,11,16650.0,Store D,Wholesale,0.1,Frank,183150.0,Debit Card,BLACKFRIDAY,0,REG101436,Cust C5155,1809.65,2023-11-30,2023-12-09,Elena,Electronics,18500.0,9500.0,P10014,Global Tech Supplies
2023-08-11,West,Standing Desk,1,36100.0,Store D,Corporate,0.05,Charlie,36100.0,Cash,BLACKFRIDAY,0,REG101437,Cust C5168,1943.73,2023-08-11,2023-08-21,Elena,Furniture,38000.0,20000.0,P10017,FurnitureWorld Inc.
2025-04-21,South,Tablet,8,32000.0,Store C,Wholesale,0.0,Alice,256000.0,Credit Card,FREESHIP,0,REG101438,Cust C5174,1969.91,2025-04-21,2025-04-23,Marcus,Electronics,32000.0,18000.0,P10016,Global Tech Supplies
2023-02-25,South,Ergonomic Office Chair,3,12325.0,Store C,Corporate,0.15,Eva,36975.0,Net Banking,SAVE10,0,REG101439,Cust C5317,1794.61,2023-02-25,2023-03-07,Marcus,Furniture,14500.0,7500.0,P10013,FurnitureWorld Inc.
2024-05-05,South,Laptop Backpack,3,2660.0,Store C,Retail,0.05,Frank,7980.0,Credit Card,BLACKFRIDAY,0,REG101440,Cust C5173,399.59,2024-05-05,2024-05-14,Marcus,Accessories,2800.0,1200.0,P10009,SupplyCo Direct
2025-06-03,South,LED Desk Lamp,3,1870.0,Store C,Retail,0.15,Eva,5610.0,Cash,BUNDLE15,0,REG101441,Cust C5069,1986.03,2025-06-03,2025-06-06,Marcus,Furniture,2200.0,1000.0,P10008,FurnitureWorld Inc.
2024-03-07,South,Ergonomic Office Chair,4,14500.0,Store C,Corporate,0.0,Alice,58000.0,Credit Card,BLACKFRIDAY,0,REG101442,Cust C5323,2081.39,2024-03-07,2024-03-11,Marcus,Furniture,14500.0,7500.0,P10013,FurnitureWorld Inc.
2025-05-25,West,Ergonomic Office Chair,9,13050.0,Store D,Wholesale,0.1,Grace,117450.0,Cash,FREESHIP,0,REG101443,Cust C5017,2147.86,2025-05-25,2025-06-03,Elena,Furniture,14500.0,7500.0,P10013,FurnitureWorld Inc.
2025-02-06,North,Tablet,1,30400.0,Store A,Corporate,0.05,Frank,30400.0,Debit Card,NONE,0,REG101444,Cust C5111,2274.85,2025-02-06,2025-02-09,Eric,Electronics,32000.0,18000.0,P10016,Global Tech Supplies
2025-01-24,South,LED Desk Lamp,1,1870.0,Store C,Retail,0.15,Bob,1870.0,Credit Card,NONE,0,REG101445,Cust C5248,2314.87,2025-01-24,2025-02-03,Marcus,Furniture,2200.0,1000.0,P10008,FurnitureWorld Inc.
2024-02-11,West,Spiral Notebook,33,127.5,Store D,Wholesale,0.15,Charlie,4207.5,Net Banking,BLACKFRIDAY,0,REG101446,Cust C5256,421.82,2024-02-11,2024-02-19,Elena,Office Supplies,150.0,60.0,P10001,OfficePro Distro
2024-06-22,West,Tablet,3,28800.0,Store D,Corporate,0.1,Frank,86400.0,Net Banking,BLACKFRIDAY,0,REG101447,Cust C5320,2163.17,2024-06-22,2024-07-02,Elena,Electronics,32000.0,18000.0,P10016,Global Tech Supplies
2024-12-18,West,Bookshelf,3,8500.0,Store D,Retail,0.0,David,25500.0,Cash,FREESHIP,0,REG101448,Cust C5044,2209.74,2024-12-18,2024-12-27,Elena,Furniture,8500.0,4200.0,P10012,FurnitureWorld Inc.
2024-08-26,West,Sticky Notes Bundle,3,160.0,Store D,Retail,0.2,Grace,480.0,Credit Card,SAVE10,0,REG101449,Cust C5275,421.8,2024-08-26,2024-08-30,Elena,Office Supplies,200.0,80.0,P10002,OfficePro Distro
2024-02-06,West,Standing Desk,15,30400.0,Store D,Wholesale,0.2,Eva,456000.0,Debit Card,SAVE10,0,REG101450,Cust C5292,2459.78,2024-02-06,2024-02-16,Elena,Furniture,38000.0,20000.0,P10017,FurnitureWorld Inc.
2024-01-30,East,LED Desk Lamp,1,2090.0,Store B,Retail,0.05,Charlie,2090.0,UPI,NONE,0,REG101451,Cust C5071,2219.93,2024-01-30,2024-02-06,Sophie,Furniture,2200.0,1000.0,P10008,FurnitureWorld Inc.
2025-01-21,North,USB Flash Drive 64GB,16,720.0,Store A,Wholesale,0.1,Bob,11520.0,Debit Card,SAVE10,0,REG101452,Cust C5114,2496.44,2025-01-21,2025-01-30,Eric,Accessories,800.0,350.0,P10006,Global Tech Supplies
2024-05-02,South,Mechanical Keyboard,5,4275.0,Store C,Retail,0.05,Alice,21375.0,UPI,BLACKFRIDAY,0,REG101453,Cust C5352,1160.44,2024-05-02,2024-05-10,Marcus,Electronics,4500.0,2200.0,P10010,Global Tech Supplies
2025-02-12,East,Gaming Laptop,3,85500.0,Store B,Retail,0.1,Eva,256500.0,Net Banking,BUNDLE15,0,REG101454,Cust C5217,673.82,2025-02-12,2025-02-21,Sophie,Electronics,95000.0,58000.0,P10019,Global Tech Supplies
2024-02-26,West,Gaming Laptop,6,90250.0,Store D,Wholesale,0.05,Charlie,541500.0,Debit Card,FREESHIP,0,REG101455,Cust C5100,2384.62,2024-02-26,2024-03-06,Elena,Electronics,95000.0,58000.0,P10019,Global Tech Supplies
2025-01-08,South,Ballpoint Pen Pack,2,225.0,Store C,Retail,0.1,Frank,450.0,Credit Card,FREESHIP,0,REG101456,Cust C5262,2349.36,2025-01-08,2025-01-13,Marcus,Office Supplies,250.0,100.0,P10003,OfficePro Distro
2023-09-08,South,Gaming Laptop,1,95000.0,Store C,Retail,0.0,Eva,95000.0,UPI,FREESHIP,0,REG101457,Cust C5169,1395.55,2023-09-08,2023-09-11,Marcus,Electronics,95000.0,58000.0,P10019,Global Tech Supplies
2023-10-14,East,Spiral Notebook,1,127.5,Store B,Corporate,0.15,Charlie,127.5,Credit Card,SAVE10,0,REG101458,Cust C5366,694.33,2023-10-14,2023-10-17,Sophie,Office Supplies,150.0,60.0,P10001,OfficePro Distro
2023-03-21,East,LED Desk Lamp,29,2090.0,Store B,Wholesale,0.05,David,60610.0,UPI,BLACKFRIDAY,0,REG101459,Cust C5320,343.99,2023-03-21,2023-03-26,Sophie,Furniture,2200.0,1000.0,P10008,FurnitureWorld Inc.
2023-06-16,West,Tablet,14,27200.0,Store D,Wholesale,0.15,Grace,380800.0,Debit Card,SAVE10,1,REG101460,Cust C5337,2163.18,2023-06-16,2023-06-19,Elena,Electronics,32000.0,18000.0,P10016,Global Tech Supplies
2023-02-05,North,USB Flash Drive 64GB,41,760.0,Store A,Wholesale,0.05,Grace,31160.0,Credit Card,NONE,0,REG101461,Cust C5277,2252.38,2023-02-05,2023-02-08,Eric,Accessories,800.0,350.0,P10006,Global Tech Supplies
2025-02-24,West,Ballpoint Pen Pack,5,212.5,Store D,Retail,0.15,Bob,1062.5,Credit Card,FREESHIP,0,REG101462,Cust C5041,1170.21,2025-02-24,2025-03-03,Elena,Office Supplies,250.0,100.0,P10003,OfficePro Distro
2025-04-16,West,Laptop Backpack,3,2380.0,Store D,Corporate,0.15,David,7140.0,Credit Card,BUNDLE15,0,REG101463,Cust C5202,411.75,2025-04-16,2025-04-19,Elena,Accessories,2800.0,1200.0,P10009,SupplyCo Direct
2023-02-22,West,Bookshelf,11,6800.0,Store D,Wholesale,0.2,Bob,74800.0,Credit Card,BUNDLE15,0,REG101464,Cust C5223,1991.4,2023-02-22,2023-03-02,Elena,Furniture,8500.0,4200.0,P10012,FurnitureWorld Inc.
2023-04-09,West,4K Smart Monitor,1,26600.0,Store D,Retail,0.05,Bob,26600.0,Cash,NONE,0,REG101465,Cust C5292,1523.01,2023-04-09,2023-04-18,Elena,Electronics,28000.0,15000.0,P10015,Global Tech Supplies
2024-11-12,North,Tablet,1,32000.0,Store A,Corporate,0.0,David,32000.0,Cash,BUNDLE15,0,REG101466,Cust C5331,492.0,2024-11-12,2024-11-21,Eric,Electronics,32000.0,18000.0,P10016,Global Tech Supplies
2023-12-11,South,Laptop Backpack,28,2240.0,Store C,Wholesale,0.2,Frank,62720.0,UPI,SAVE10,0,REG101467,Cust C5000,2382.7,2023-12-11,2023-12-15,Marcus,Accessories,2800.0,1200.0,P10009,SupplyCo Direct
2024-03-06,North,Tablet,14,28800.0,Store A,Wholesale,0.1,Alice,403200.0,Cash,BUNDLE15,0,REG101468,Cust C5305,907.29,2024-03-06,2024-03-12,Eric,Electronics,32000.0,18000.0,P10016,Global Tech Supplies
2024-12-14,West,Mechanical Keyboard,2,4275.0,Store D,Corporate,0.05,Eva,8550.0,Credit Card,SAVE10,0,REG101469,Cust C5369,217.73,2024-12-14,2024-12-20,Elena,Electronics,4500.0,2200.0,P10010,Global Tech Supplies
2023-01-27,West,Ergonomic Office Chair,10,13050.0,Store D,Wholesale,0.1,Grace,130500.0,Net Banking,BLACKFRIDAY,0,REG101470,Cust C5377,2431.25,2023-01-27,2023-02-01,Elena,Furniture,14500.0,7500.0,P10013,FurnitureWorld Inc.
2024-05-10,South,Mechanical Keyboard,5,4275.0,Store C,Wholesale,0.05,Frank,21375.0,Net Banking,FREESHIP,0,REG101471,Cust C5133,1533.98,2024-05-10,2024-05-18,Marcus,Electronics,4500.0,2200.0,P10010,Global Tech Supplies
2023-08-16,North,Standing Desk,3,36100.0,Store A,Retail,0.05,Alice,108300.0,Debit Card,NONE,0,REG101472,Cust C5189,2450.47,2023-08-16,2023-08-20,Eric,Furniture,38000.0,20000.0,P10017,FurnitureWorld Inc.
2023-11-10,West,Laser Printer,1,16650.0,Store D,Corporate,0.1,Charlie,16650.0,Net Banking,SAVE10,0,REG101473,Cust C5161,1515.59,2023-11-10,2023-11-15,Elena,Electronics,18500.0,9500.0,P10014,Global Tech Supplies
2024-11-06,East,Gaming Laptop,7,90250.0,Store B,Wholesale,0.05,David,631750.0,Net Banking,BUNDLE15,0,REG101474,Cust C5129,2058.28,2024-11-06,2024-11-14,Sophie,Electronics,95000.0,58000.0,P10019,Global Tech Supplies
2025-04-04,East,Smartphone,1,46750.0,Store B,Retail,0.15,Charlie,46750.0,Debit Card,BLACKFRIDAY,0,REG101475,Cust C5073,339.98,2025-04-04,2025-04-14,Sophie,Electronics,55000.0,32000.0,P10018,Global Tech Supplies
2023-10-07,West,Standing Desk,5,32300.0,Store D,Corporate,0.15,Grace,161500.0,Net Banking,BLACKFRIDAY,0,REG101476,Cust C5308,750.36,2023-10-07,2023-10-10,Elena,Furniture,38000.0,20000.0,P10017,FurnitureWorld Inc.
2025-02-12,East,LED Desk Lamp,2,1760.0,Store B,Retail,0.2,David,3520.0,Net Banking,BLACKFRIDAY,0,REG101477,Cust C5269,1866.23,2025-02-12,2025-02-17,Sophie,Furniture,2200.0,1000.0,P10008,FurnitureWorld Inc.
2024-06-18,West,Smartphone,5,49500.0,Store D,Retail,0.1,Bob,247500.0,Cash,BUNDLE15,1,REG101478,Cust C5229,482.35,2024-06-18,2024-06-28,Elena,Electronics,55000.0,32000.0,P10018,Global Tech Supplies
2023-12-23,West,A4 Printer Paper (500 Sheets),2,427.5,Store D,Corporate,0.05,Grace,855.0,Cash,BLACKFRIDAY,0,REG101479,Cust C5251,965.03,2023-12-23,2023-12-27,Elena,Office Supplies,450.0,220.0,P10004,OfficePro Distro
2023-08-27,West,Smartphone,5,55000.0,Store D,Retail,0.0,David,275000.0,Cash,FREESHIP,0,REG101480,Cust C5012,1588.36,2023-08-27,2023-09-03,Elena,Electronics,55000.0,32000.0,P10018,Global Tech Supplies
2024-11-13,North,Ergonomic Office Chair,2,13050.0,Store A,Retail,0.1,Eva,26100.0,Debit Card,NONE,0,REG101481,Cust C5399,1566.79,2024-11-13,2024-11-18,Eric,Furniture,14500.0,7500.0,P10013,FurnitureWorld Inc.
2025-01-06,East,4K Smart Monitor,7,23800.0,Store B,Wholesale,0.15,David,166600.0,Net Banking,BUNDLE15,0,REG101482,Cust C5028,1429.59,2025-01-06,2025-01-10,Sophie,Electronics,28000.0,15000.0,P10015,Global Tech Supplies
2024-03-29,West,4K Smart Monitor,4,22400.0,Store D,Corporate,0.2,Eva,89600.0,UPI,FREESHIP,0,REG101483,Cust C5034,373.04,2024-03-29,2024-04-03,Elena,Electronics,28000.0,15000.0,P10015,Global Tech Supplies
2024-03-16,South,4K Smart Monitor,2,22400.0,Store C,Corporate,0.2,Bob,44800.0,Net Banking,FREESHIP,0,REG101484,Cust C5185,699.58,2024-03-16,2024-03-26,Marcus,Electronics,28000.0,15000.0,P10015,Global Tech Supplies
2023-09-20,East,Laser Printer,5,18500.0,Store B,Wholesale,0.0,Bob,92500.0,Debit Card,BLACKFRIDAY,0,REG101485,Cust C5123,1831.13,2023-09-20,2023-09-24,Sophie,Electronics,18500.0,9500.0,P10014,Global Tech Supplies
2024-02-03,East,Tablet,5,25600.0,Store B,Retail,0.2,Alice,128000.0,Cash,BLACKFRIDAY,0,REG101486,Cust C5310,829.61,2024-02-03,2024-02-10,Sophie,Electronics,32000.0,18000.0,P10016,Global Tech Supplies
2023-08-05,North,Ergonomic Office Chair,1,13050.0,Store A,Corporate,0.1,David,13050.0,Credit Card,FREESHIP,0,REG101487,Cust C5186,1120.5,2023-08-05,2023-08-09,Eric,Furniture,14500.0,7500.0,P10013,FurnitureWorld Inc.
2024-05-02,South,Wireless Mouse,30,1200.0,Store C,Wholesale,0.2,Bob,36000.0,Cash,FREESHIP,0,REG101488,Cust C5238,279.4,2024-05-02,2024-05-06,Marcus,Accessories,1500.0,700.0,P10007,Global Tech Supplies
2024-06-21,South,Standing Desk,5,30400.0,Store C,Retail,0.2,David,152000.0,Net Banking,BLACKFRIDAY,0,REG101489,Cust C5261,2067.13,2024-06-21,2024-06-23,Marcus,Furniture,38000.0,20000.0,P10017,FurnitureWorld Inc.
2024-12-07,South,Laptop Backpack,27,2800.0,Store C,Wholesale,0.0,Eva,75600.0,Net Banking,SAVE10,0,REG101490,Cust C5158,1617.59,2024-12-07,2024-12-09,Marcus,Accessories,2800.0,1200.0,P10009,SupplyCo Direct
2023-10-07,South,Tablet,8,28800.0,Store C,Wholesale,0.1,Eva,230400.0,Cash,BUNDLE15,0,REG101491,Cust C5150,2480.22,2023-10-07,2023-10-12,Marcus,Electronics,32000.0,18000.0,P10016,Global Tech Supplies
2024-05-26,West,Sticky Notes Bundle,19,190.0,Store D,Wholesale,0.05,David,3610.0,Debit Card,BUNDLE15,0,REG101492,Cust C5357,569.62,2024-05-26,2024-06-04,Elena,Office Supplies,200.0,80.0,P10002,OfficePro Distro
2023-09-05,South,Ballpoint Pen Pack,2,250.0,Store C,Retail,0.0,David,500.0,Debit Card,NONE,0,REG101493,Cust C5069,1342.59,2023-09-05,2023-09-10,Marcus,Office Supplies,250.0,100.0,P10003,OfficePro Distro
2025-04-04,West,Tablet,5,27200.0,Store D,Corporate,0.15,Frank,136000.0,UPI,FREESHIP,0,REG101494,Cust C5275,759.45,2025-04-04,2025-04-13,Elena,Electronics,32000.0,18000.0,P10016,Global Tech Supplies
2025-06-10,East,Bookshelf,15,6800.0,Store B,Wholesale,0.2,Eva,102000.0,UPI,SAVE10,0,REG101495,Cust C5222,222.47,2025-06-10,2025-06-20,Sophie,Furniture,8500.0,4200.0,P10012,FurnitureWorld Inc.
2023-12-17,West,Sticky Notes Bundle,4,200.0,Store D,Retail,0.0,Eva,800.0,UPI,FREESHIP,0,REG101496,Cust C5394,1607.29,2023-12-17,2023-12-19,Elena,Office Supplies,200.0,80.0,P10002,OfficePro Distro
2025-06-06,East,Bookshelf,3,7650.0,Store B,Retail,0.1,Charlie,22950.0,Credit Card,SAVE10,0,REG101497,Cust C5223,933.28,2025-06-06,2025-06-10,Sophie,Furniture,8500.0,4200.0,P10012,FurnitureWorld Inc.
2025-01-30,South,A4 Printer Paper (500 Sheets),3,405.0,Store C,Corporate,0.1,Eva,1215.0,Cash,BLACKFRIDAY,0,REG101498,Cust C5097,1963.62,2025-01-30,2025-02-09,Marcus,Office Supplies,450.0,220.0,P10004,OfficePro Distro
2024-02-16,West,Ballpoint Pen Pack,2,250.0,Store D,Retail,0.0,David,500.0,Cash,FREESHIP,0,REG101499,Cust C5162,1468.75,2024-02-16,2024-02-21,Elena,Office Supplies,250.0,100.0,P10003,OfficePro Distro
2023-01-14,West,Sticky Notes Bundle,5,170.0,Store D,Corporate,0.15,Alice,850.0,Net Banking,SAVE10,0,REG101500,Cust C5033,1049.47,2023-01-14,2023-01-21,Elena,Office Supplies,200.0,80.0,P10002,OfficePro Distro
2025-04-07,North,A4 Printer Paper (500 Sheets),3,382.5,Store A,Corporate,0.15,Frank,1147.5,UPI,NONE,0,REG101501,Cust C5257,294.38,2025-04-07,2025-04-11,Eric,Office Supplies,450.0,220.0,P10004,OfficePro Distro
2024-12-04,North,Wireless Mouse,2,1200.0,Store A,Corporate,0.2,Alice,2400.0,Debit Card,FREESHIP,0,REG101502,Cust C5074,2115.49,2024-12-04,2024-12-12,Eric,Accessories,1500.0,700.0,P10007,Global Tech Supplies
2023-05-19,West,4K Smart Monitor,1,26600.0,Store D,Corporate,0.05,Eva,26600.0,Debit Card,NONE,0,REG101503,Cust C5095,1995.87,2023-05-19,2023-05-29,Elena,Electronics,28000.0,15000.0,P10015,Global Tech Supplies
2023-02-18,South,Ballpoint Pen Pack,45,250.0,Store C,Wholesale,0.0,Alice,11250.0,Cash,NONE,0,REG101504,Cust C5380,2352.07,2023-02-18,2023-02-25,Marcus,Office Supplies,250.0,100.0,P10003,OfficePro Distro
2023-09-26,North,Laser Printer,14,14800.0,Store A,Wholesale,0.2,Eva,207200.0,Cash,NONE,0,REG101505,Cust C5134,1168.39,2023-09-26,2023-10-06,Eric,Electronics,18500.0,9500.0,P10014,Global Tech Supplies
2023-01-16,South,Laptop Backpack,3,2380.0,Store C,Corporate,0.15,Alice,7140.0,Cash,SAVE10,0,REG101506,Cust C5235,2477.13,2023-01-16,2023-01-21,Marcus,Accessories,2800.0,1200.0,P10009,SupplyCo Direct
2023-09-17,South,Sticky Notes Bundle,43,180.0,Store C,Wholesale,0.1,David,7740.0,Net Banking,SAVE10,0,REG101507,Cust C5172,1285.43,2023-09-17,2023-09-27,Marcus,Office Supplies,200.0,80.0,P10002,OfficePro Distro
2024-02-06,South,Sticky Notes Bundle,3,180.0,Store C,Corporate,0.1,Charlie,540.0,UPI,NONE,0,REG101508,Cust C5055,1640.14,2024-02-06,2024-02-08,Marcus,Office Supplies,200.0,80.0,P10002,OfficePro Distro
2023-02-23,South,LED Desk Lamp,34,1980.0,Store C,Wholesale,0.1,Grace,67320.0,Debit Card,NONE,1,REG101509,Cust C5028,1195.36,2023-02-23,2023-03-03,Marcus,Furniture,2200.0,1000.0,P10008,FurnitureWorld Inc.
2024-10-21,South,Spiral Notebook,4,127.5,Store C,Corporate,0.15,Eva,510.0,Credit Card,BUNDLE15,0,REG101510,Cust C5275,958.61,2024-10-21,2024-10-28,Marcus,Office Supplies,150.0,60.0,P10001,OfficePro Distro
2024-09-08,North,LED Desk Lamp,24,1980.0,Store A,Wholesale,0.1,Grace,47520.0,Cash,NONE,0,REG101511,Cust C5290,1261.84,2024-09-08,2024-09-14,Eric,Furniture,2200.0,1000.0,P10008,FurnitureWorld Inc.
2023-03-26,East,Wireless Earbuds,1,5200.0,Store B,Retail,0.2,David,5200.0,Debit Card,BUNDLE15,0,REG101512,Cust C5233,261.89,2023-03-26,2023-04-03,Sophie,Electronics,6500.0,3200.0,P10011,Global Tech Supplies
2023-09-15,East,Mechanical Keyboard,1,4500.0,Store B,Retail,0.0,Eva,4500.0,UPI,SAVE10,0,REG101513,Cust C5323,370.82,2023-09-15,2023-09-20,Sophie,Electronics,4500.0,2200.0,P10010,Global Tech Supplies
2023-08-29,East,Laser Printer,15,17575.0,Store B,Wholesale,0.05,Grace,263625.0,Credit Card,SAVE10,0,REG101514,Cust C5055,2343.15,2023-08-29,2023-09-07,Sophie,Electronics,18500.0,9500.0,P10014,Global Tech Supplies
2023-04-11,East,Smartphone,8,52250.0,Store B,Wholesale,0.05,Grace,418000.0,UPI,SAVE10,0,REG101515,Cust C5393,1328.77,2023-04-11,2023-04-17,Sophie,Electronics,55000.0,32000.0,P10018,Global Tech Supplies
2025-01-25,East,Wireless Mouse,3,1275.0,Store B,Corporate,0.15,David,3825.0,Debit Card,BUNDLE15,1,REG101516,Cust C5186,1656.07,2025-01-25,2025-01-29,Sophie,Accessories,1500.0,700.0,P10007,Global Tech Supplies
2024-02-28,West,Smartphone,5,49500.0,Store D,Retail,0.1,Frank,247500.0,Debit Card,BLACKFRIDAY,0,REG101517,Cust C5025,293.69,2024-02-28,2024-03-09,Elena,Electronics,55000.0,32000.0,P10018,Global Tech Supplies
2024-07-11,East,Bookshelf,10,7225.0,Store B,Wholesale,0.15,Alice,72250.0,Debit Card,FREESHIP,0,REG101518,Cust C5027,2189.86,2024-07-11,2024-07-14,Sophie,Furniture,8500.0,4200.0,P10012,FurnitureWorld Inc.
2024-04-09,South,Smartphone,1,44000.0,Store C,Retail,0.2,Eva,44000.0,Debit Card,BLACKFRIDAY,0,REG101519,Cust C5232,2411.17,2024-04-09,2024-04-19,Marcus,Electronics,55000.0,32000.0,P10018,Global Tech Supplies
2025-06-20,South,A4 Printer Paper (500 Sheets),3,450.0,Store C,Corporate,0.0,Grace,1350.0,UPI,FREESHIP,0,REG101520,Cust C5324,1740.32,2025-06-20,2025-06-30,Marcus,Office Supplies,450.0,220.0,P10004,OfficePro Distro
2025-06-28,North,Laser Printer,12,18500.0,Store A,Wholesale,0.0,Grace,222000.0,Net Banking,FREESHIP,0,REG101521,Cust C5001,414.37,2025-06-28,2025-07-05,Eric,Electronics,18500.0,9500.0,P10014,Global Tech Supplies
2024-02-05,West,HDMI Cable,3,480.0,Store D,Corporate,0.2,Frank,1440.0,Debit Card,SAVE10,0,REG101522,Cust C5160,868.14,2024-02-05,2024-02-13,Elena,Accessories,600.0,250.0,P10005,Global Tech Supplies
2024-05-24,East,Ergonomic Office Chair,10,12325.0,Store B,Wholesale,0.15,Eva,123250.0,Cash,NONE,0,REG101523,Cust C5180,1590.33,2024-05-24,2024-06-02,Sophie,Furniture,14500.0,7500.0,P10013,FurnitureWorld Inc.
2023-10-16,South,LED Desk Lamp,1,1760.0,Store C,Retail,0.2,Bob,1760.0,Net Banking,BUNDLE15,1,REG101524,Cust C5092,2119.92,2023-10-16,2023-10-20,Marcus,Furniture,2200.0,1000.0,P10008,FurnitureWorld Inc.
2024-09-20,South,Standing Desk,1,32300.0,Store C,Corporate,0.15,Eva,32300.0,Cash,SAVE10,0,REG101525,Cust C5082,917.72,2024-09-20,2024-09-23,Marcus,Furniture,38000.0,20000.0,P10017,FurnitureWorld Inc.
2024-11-06,North,Wireless Earbuds,1,6175.0,Store A,Retail,0.05,Frank,6175.0,Credit Card,NONE,0,REG101526,Cust C5042,1714.0,2024-11-06,2024-11-13,Eric,Electronics,6500.0,3200.0,P10011,Global Tech Supplies
2024-03-17,South,Wireless Mouse,1,1275.0,Store C,Retail,0.15,Charlie,1275.0,Net Banking,SAVE10,0,REG101527,Cust C5259,576.87,2024-03-17,2024-03-20,Marcus,Accessories,1500.0,700.0,P10007,Global Tech Supplies
2024-04-01,East,4K Smart Monitor,2,26600.0,Store B,Corporate,0.05,Alice,53200.0,Net Banking,BUNDLE15,0,REG101528,Cust C5382,1970.58,2024-04-01,2024-04-05,Sophie,Electronics,28000.0,15000.0,P10015,Global Tech Supplies
2025-06-21,East,Laser Printer,13,14800.0,Store B,Wholesale,0.2,Grace,192400.0,Debit Card,SAVE10,0,REG101529,Cust C5267,984.59,2025-06-21,2025-06-25,Sophie,Electronics,18500.0,9500.0,P10014,Global Tech Supplies
2023-11-08,West,Wireless Earbuds,3,5525.0,Store D,Corporate,0.15,Grace,16575.0,Net Banking,SAVE10,0,REG101530,Cust C5014,1228.07,2023-11-08,2023-11-10,Elena,Electronics,6500.0,3200.0,P10011,Global Tech Supplies
2023-04-17,West,HDMI Cable,31,510.0,Store D,Wholesale,0.15,Eva,15810.0,UPI,BUNDLE15,0,REG101531,Cust C5301,1210.36,2023-04-17,2023-04-26,Elena,Accessories,600.0,250.0,P10005,Global Tech Supplies
2023-09-26,South,LED Desk Lamp,15,2200.0,Store C,Wholesale,0.0,Charlie,33000.0,Debit Card,FREESHIP,0,REG101532,Cust C5305,1363.89,2023-09-26,2023-09-30,Marcus,Furniture,2200.0,1000.0,P10008,FurnitureWorld Inc.
2023-10-24,East,Gaming Laptop,13,90250.0,Store B,Wholesale,0.05,Charlie,1173250.0,Cash,FREESHIP,0,REG101533,Cust C5121,2403.84,2023-10-24,2023-10-27,Sophie,Electronics,95000.0,58000.0,P10019,Global Tech Supplies
2024-11-17,North,Laser Printer,3,15725.0,Store A,Retail,0.15,Charlie,47175.0,Debit Card,FREESHIP,0,REG101534,Cust C5060,1595.73,2024-11-17,2024-11-26,Eric,Electronics,18500.0,9500.0,P10014,Global Tech Supplies
2024-12-06,West,LED Desk Lamp,1,2200.0,Store D,Retail,0.0,Eva,2200.0,UPI,FREESHIP,0,REG101535,Cust C5195,2083.7,2024-12-06,2024-12-13,Elena,Furniture,2200.0,1000.0,P10008,FurnitureWorld Inc.
2024-12-02,West,A4 Printer Paper (500 Sheets),4,405.0,Store D,Retail,0.1,David,1620.0,Cash,FREESHIP,0,REG101536,Cust C5243,724.17,2024-12-02,2024-12-08,Elena,Office Supplies,450.0,220.0,P10004,OfficePro Distro
2023-10-01,East,Ballpoint Pen Pack,5,212.5,Store B,Corporate,0.15,Alice,1062.5,Net Banking,NONE,0,REG101537,Cust C5316,358.24,2023-10-01,2023-10-04,Sophie,Office Supplies,250.0,100.0,P10003,OfficePro Distro
2024-11-03,North,Tablet,9,32000.0,Store A,Wholesale,0.0,Charlie,288000.0,Cash,FREESHIP,0,REG101538,Cust C5050,1540.61,2024-11-03,2024-11-09,Eric,Electronics,32000.0,18000.0,P10016,Global Tech Supplies
2025-05-28,West,Wireless Mouse,12,1200.0,Store D,Wholesale,0.2,Bob,14400.0,Cash,BUNDLE15,0,REG101539,Cust C5239,2398.09,2025-05-28,2025-06-02,Elena,Accessories,1500.0,700.0,P10007,Global Tech Supplies
2024-07-01,North,Ballpoint Pen Pack,5,200.0,Store A,Retail,0.2,Grace,1000.0,Cash,FREESHIP,0,REG101540,Cust C5195,2235.28,2024-07-01,2024-07-07,Eric,Office Supplies,250.0,100.0,P10003,OfficePro Distro
2023-07-20,East,4K Smart Monitor,1,22400.0,Store B,Corporate,0.2,Grace,22400.0,Debit Card,BUNDLE15,0,REG101541,Cust C5008,1248.05,2023-07-20,2023-07-22,Sophie,Electronics,28000.0,15000.0,P10015,Global Tech Supplies
2023-08-30,North,Wireless Earbuds,4,6500.0,Store A,Corporate,0.0,Charlie,26000.0,UPI,BLACKFRIDAY,0,REG101542,Cust C5133,1744.6,2023-08-30,2023-09-01,Eric,Electronics,6500.0,3200.0,P10011,Global Tech Supplies
2025-05-08,North,Standing Desk,8,36100.0,Store A,Wholesale,0.05,David,288800.0,Net Banking,SAVE10,0,REG101543,Cust C5090,321.35,2025-05-08,2025-05-18,Eric,Furniture,38000.0,20000.0,P10017,FurnitureWorld Inc.
2023-07-07,West,HDMI Cable,2,510.0,Store D,Retail,0.15,Grace,1020.0,Debit Card,NONE,0,REG101544,Cust C5313,2115.27,2023-07-07,2023-07-11,Elena,Accessories,600.0,250.0,P10005,Global Tech Supplies
2024-10-26,East,Wireless Mouse,5,1350.0,Store B,Retail,0.1,Bob,6750.0,Debit Card,SAVE10,0,REG101545,Cust C5237,310.57,2024-10-26,2024-11-03,Sophie,Accessories,1500.0,700.0,P10007,Global Tech Supplies
2024-03-04,East,HDMI Cable,23,480.0,Store B,Wholesale,0.2,Charlie,11040.0,Credit Card,BLACKFRIDAY,0,REG101546,Cust C5389,320.57,2024-03-04,2024-03-11,Sophie,Accessories,600.0,250.0,P10005,Global Tech Supplies
2025-05-13,South,Wireless Mouse,3,1425.0,Store C,Retail,0.05,David,4275.0,Debit Card,SAVE10,0,REG101547,Cust C5300,2061.51,2025-05-13,2025-05-20,Marcus,Accessories,1500.0,700.0,P10007,Global Tech Supplies
2025-01-02,North,Ergonomic Office Chair,5,11600.0,Store A,Corporate,0.2,David,58000.0,Debit Card,NONE,0,REG101548,Cust C5080,1825.15,2025-01-02,2025-01-04,Eric,Furniture,14500.0,7500.0,P10013,FurnitureWorld Inc.
2024-11-01,South,Ballpoint Pen Pack,3,212.5,Store C,Retail,0.15,Eva,637.5,Cash,NONE,0,REG101549,Cust C5035,409.59,2024-11-01,2024-11-06,Marcus,Office Supplies,250.0,100.0,P10003,OfficePro Distro
2024-03-05,South,Laser Printer,2,18500.0,Store C,Corporate,0.0,Grace,37000.0,Credit Card,BUNDLE15,0,REG101550,Cust C5147,1805.71,2024-03-05,2024-03-11,Marcus,Electronics,18500.0,9500.0,P10014,Global Tech Supplies
2024-07-06,East,Laser Printer,5,17575.0,Store B,Retail,0.05,Grace,87875.0,Net Banking,BLACKFRIDAY,0,REG101551,Cust C5184,797.43,2024-07-06,2024-07-10,Sophie,Electronics,18500.0,9500.0,P10014,Global Tech Supplies
2024-08-09,South,Wireless Mouse,46,1200.0,Store C,Wholesale,0.2,Alice,55200.0,Net Banking,FREESHIP,0,REG101552,Cust C5166,584.62,2024-08-09,2024-08-15,Marcus,Accessories,1500.0,700.0,P10007,Global Tech Supplies
2024-09-02,East,Wireless Earbuds,4,5525.0,Store B,Corporate,0.15,Charlie,22100.0,UPI,SAVE10,0,REG101553,Cust C5187,1017.35,2024-09-02,2024-09-08,Sophie,Electronics,6500.0,3200.0,P10011,Global Tech Supplies
2024-03-22,South,Standing Desk,4,36100.0,Store C,Corporate,0.05,Charlie,144400.0,Net Banking,NONE,0,REG101554,Cust C5216,1328.04,2024-03-22,2024-03-27,Marcus,Furniture,38000.0,20000.0,P10017,FurnitureWorld Inc.
2023-06-21,North,Spiral Notebook,2,150.0,Store A,Corporate,0.0,Frank,300.0,Cash,BUNDLE15,0,REG101555,Cust C5389,716.35,2023-06-21,2023-06-25,Eric,Office Supplies,150.0,60.0,P10001,OfficePro Distro
2023-07-02,South,Wireless Mouse,42,1350.0,Store C,Wholesale,0.1,Charlie,56700.0,Debit Card,BUNDLE15,0,REG101556,Cust C5171,693.31,2023-07-02,2023-07-05,Marcus,Accessories,1500.0,700.0,P10007,Global Tech Supplies
2024-09-25,East,Standing Desk,5,36100.0,Store B,Corporate,0.05,Bob,180500.0,Debit Card,FREESHIP,0,REG101557,Cust C5185,1794.21,2024-09-25,2024-10-03,Sophie,Furniture,38000.0,20000.0,P10017,FurnitureWorld Inc.
2024-12-06,South,Wireless Mouse,14,1425.0,Store C,Wholesale,0.05,Bob,19950.0,Debit Card,BUNDLE15,0,REG101558,Cust C5250,1009.54,2024-12-06,2024-12-11,Marcus,Accessories,1500.0,700.0,P10007,Global Tech Supplies
2024-06-29,West,Spiral Notebook,4,135.0,Store D,Corporate,0.1,David,540.0,Debit Card,BUNDLE15,0,REG101559,Cust C5183,434.61,2024-06-29,2024-07-03,Elena,Office Supplies,150.0,60.0,P10001,OfficePro Distro
2024-11-11,North,Spiral Notebook,1,142.5,Store A,Retail,0.05,Frank,142.5,Credit Card,SAVE10,0,REG101560,Cust C5052,573.37,2024-11-11,2024-11-14,Eric,Office Supplies,150.0,60.0,P10001,OfficePro Distro
2023-07-03,North,Bookshelf,13,6800.0,Store A,Wholesale,0.2,Bob,88400.0,Cash,FREESHIP,0,REG101561,Cust C5097,716.26,2023-07-03,2023-07-06,Eric,Furniture,8500.0,4200.0,P10012,FurnitureWorld Inc.
2023-05-10,South,A4 Printer Paper (500 Sheets),50,427.5,Store C,Wholesale,0.05,Frank,21375.0,Credit Card,NONE,0,REG101562,Cust C5380,506.04,2023-05-10,2023-05-14,Marcus,Office Supplies,450.0,220.0,P10004,OfficePro Distro
2024-05-01,East,Wireless Earbuds,9,6500.0,Store B,Wholesale,0.0,David,58500.0,Net Banking,BLACKFRIDAY,0,REG101563,Cust C5316,940.25,2024-05-01,2024-05-04,Sophie,Electronics,6500.0,3200.0,P10011,Global Tech Supplies
2025-02-23,North,Tablet,3,32000.0,Store A,Corporate,0.0,Bob,96000.0,Credit Card,BUNDLE15,0,REG101564,Cust C5051,1951.58,2025-02-23,2025-02-26,Eric,Electronics,32000.0,18000.0,P10016,Global Tech Supplies
2023-06-29,East,USB Flash Drive 64GB,3,720.0,Store B,Retail,0.1,Eva,2160.0,UPI,SAVE10,0,REG101565,Cust C5212,2024.12,2023-06-29,2023-07-07,Sophie,Accessories,800.0,350.0,P10006,Global Tech Supplies
2023-03-30,East,Ergonomic Office Chair,6,12325.0,Store B,Wholesale,0.15,Bob,73950.0,Credit Card,BLACKFRIDAY,0,REG101566,Cust C5126,1505.42,2023-03-30,2023-04-01,Sophie,Furniture,14500.0,7500.0,P10013,FurnitureWorld Inc.
2023-12-13,South,Mechanical Keyboard,12,3600.0,Store C,Wholesale,0.2,Bob,43200.0,Net Banking,NONE,0,REG101567,Cust C5398,1205.19,2023-12-13,2023-12-17,Marcus,Electronics,4500.0,2200.0,P10010,Global Tech Supplies
2024-03-15,South,Wireless Mouse,2,1200.0,Store C,Retail,0.2,Grace,2400.0,Cash,BLACKFRIDAY,0,REG101568,Cust C5313,233.45,2024-03-15,2024-03-21,Marcus,Accessories,1500.0,700.0,P10007,Global Tech Supplies
2023-01-13,South,Ballpoint Pen Pack,4,200.0,Store C,Corporate,0.2,David,800.0,Cash,BLACKFRIDAY,0,REG101569,Cust C5291,1339.52,2023-01-13,2023-01-22,Marcus,Office Supplies,250.0,100.0,P10003,OfficePro Distro
2024-08-06,North,Wireless Mouse,3,1200.0,Store A,Corporate,0.2,David,3600.0,Debit Card,BUNDLE15,0,REG101570,Cust C5349,1492.51,2024-08-06,2024-08-09,Eric,Accessories,1500.0,700.0,P10007,Global Tech Supplies
2024-09-04,North,LED Desk Lamp,3,2090.0,Store A,Retail,0.05,Alice,6270.0,Net Banking,FREESHIP,0,REG101571,Cust C5172,409.4,2024-09-04,2024-09-06,Eric,Furniture,2200.0,1000.0,P10008,FurnitureWorld Inc.
2024-04-08,East,Ergonomic Office Chair,8,13775.0,Store B,Wholesale,0.05,Alice,110200.0,Credit Card,BLACKFRIDAY,0,REG101572,Cust C5242,581.39,2024-04-08,2024-04-13,Sophie,Furniture,14500.0,7500.0,P10013,FurnitureWorld Inc.
2024-02-23,West,Gaming Laptop,5,80750.0,Store D,Corporate,0.15,Grace,403750.0,Debit Card,SAVE10,0,REG101573,Cust C5276,1048.65,2024-02-23,2024-03-02,Elena,Electronics,95000.0,58000.0,P10019,Global Tech Supplies
2023-03-10,East,Ergonomic Office Chair,3,12325.0,Store B,Corporate,0.15,Alice,36975.0,Debit Card,BLACKFRIDAY,0,REG101574,Cust C5386,2185.43,2023-03-10,2023-03-12,Sophie,Furniture,14500.0,7500.0,P10013,FurnitureWorld Inc.
2025-03-16,East,4K Smart Monitor,3,25200.0,Store B,Corporate,0.1,Alice,75600.0,Debit Card,FREESHIP,0,REG101575,Cust C5040,1922.82,2025-03-16,2025-03-24,Sophie,Electronics,28000.0,15000.0,P10015,Global Tech Supplies
2023-07-29,North,Ballpoint Pen Pack,4,237.5,Store A,Corporate,0.05,Alice,950.0,Cash,BLACKFRIDAY,1,REG101576,Cust C5212,960.23,2023-07-29,2023-07-31,Eric,Office Supplies,250.0,100.0,P10003,OfficePro Distro
2024-09-16,West,Wireless Earbuds,3,6175.0,Store D,Corporate,0.05,Bob,18525.0,Debit Card,SAVE10,0,REG101577,Cust C5153,2195.59,2024-09-16,2024-09-25,Elena,Electronics,6500.0,3200.0,P10011,Global Tech Supplies
2025-02-26,South,Laptop Backpack,2,2800.0,Store C,Retail,0.0,David,5600.0,UPI,BUNDLE15,0,REG101578,Cust C5280,994.92,2025-02-26,2025-03-05,Marcus,Accessories,2800.0,1200.0,P10009,SupplyCo Direct
2024-07-18,North,Spiral Notebook,1,135.0,Store A,Corporate,0.1,Frank,135.0,Cash,BLACKFRIDAY,0,REG101579,Cust C5368,1702.55,2024-07-18,2024-07-20,Eric,Office Supplies,150.0,60.0,P10001,OfficePro Distro
2025-02-02,South,A4 Printer Paper (500 Sheets),32,450.0,Store C,Wholesale,0.0,Charlie,14400.0,UPI,NONE,0,REG101580,Cust C5285,2011.38,2025-02-02,2025-02-05,Marcus,Office Supplies,450.0,220.0,P10004,OfficePro Distro
2024-10-06,West,Laptop Backpack,5,2660.0,Store D,Corporate,0.05,Grace,13300.0,Net Banking,FREESHIP,0,REG101581,Cust C5112,1782.51,2024-10-06,2024-10-12,Elena,Accessories,2800.0,1200.0,P10009,SupplyCo Direct
2025-04-03,East,USB Flash Drive 64GB,18,680.0,Store B,Wholesale,0.15,Frank,12240.0,Credit Card,BLACKFRIDAY,0,REG101582,Cust C5136,936.62,2025-04-03,2025-04-11,Sophie,Accessories,800.0,350.0,P10006,Global Tech Supplies
2023-12-15,South,USB Flash Drive 64GB,1,680.0,Store C,Corporate,0.15,Charlie,680.0,UPI,BLACKFRIDAY,1,REG101583,Cust C5064,2148.68,2023-12-15,2023-12-20,Marcus,Accessories,800.0,350.0,P10006,Global Tech Supplies
2024-12-25,South,4K Smart Monitor,2,25200.0,Store C,Retail,0.1,Frank,50400.0,Net Banking,BLACKFRIDAY,0,REG101584,Cust C5358,2336.93,2024-12-25,2024-12-31,Marcus,Electronics,28000.0,15000.0,P10015,Global Tech Supplies
2025-03-23,West,USB Flash Drive 64GB,1,760.0,Store D,Corporate,0.05,Frank,760.0,Cash,NONE,0,REG101585,Cust C5280,1507.3,2025-03-23,2025-03-31,Elena,Accessories,800.0,350.0,P10006,Global Tech Supplies
2024-02-04,West,Mechanical Keyboard,13,4275.0,Store D,Wholesale,0.05,Alice,55575.0,Credit Card,NONE,0,REG101586,Cust C5249,289.99,2024-02-04,2024-02-07,Elena,Electronics,4500.0,2200.0,P10010,Global Tech Supplies
2024-09-13,North,4K Smart Monitor,3,26600.0,Store A,Corporate,0.05,Grace,79800.0,Debit Card,BLACKFRIDAY,0,REG101587,Cust C5051,2193.6,2024-09-13,2024-09-21,Eric,Electronics,28000.0,15000.0,P10015,Global Tech Supplies
2024-10-26,South,Tablet,4,32000.0,Store C,Retail,0.0,Grace,128000.0,Debit Card,SAVE10,0,REG101588,Cust C5343,326.21,2024-10-26,2024-10-31,Marcus,Electronics,32000.0,18000.0,P10016,Global Tech Supplies
2024-06-28,North,Tablet,2,28800.0,Store A,Retail,0.1,Charlie,57600.0,Cash,BUNDLE15,0,REG101589,Cust C5245,1275.74,2024-06-28,2024-07-06,Eric,Electronics,32000.0,18000.0,P10016,Global Tech Supplies
2024-04-23,East,Bookshelf,5,8075.0,Store B,Wholesale,0.05,Bob,40375.0,Credit Card,SAVE10,0,REG101590,Cust C5165,1774.7,2024-04-23,2024-04-26,Sophie,Furniture,8500.0,4200.0,P10012,FurnitureWorld Inc.
2023-12-11,East,Wireless Mouse,3,1275.0,Store B,Corporate,0.15,Alice,3825.0,Credit Card,SAVE10,0,REG101591,Cust C5128,1223.59,2023-12-11,2023-12-19,Sophie,Accessories,1500.0,700.0,P10007,Global Tech Supplies
2023-04-04,South,A4 Printer Paper (500 Sheets),5,427.5,Store C,Corporate,0.05,Grace,2137.5,Debit Card,SAVE10,0,REG101592,Cust C5276,868.56,2023-04-04,2023-04-12,Marcus,Office Supplies,450.0,220.0,P10004,OfficePro Distro
2023-03-30,East,Laser Printer,5,17575.0,Store B,Wholesale,0.05,Alice,87875.0,Credit Card,FREESHIP,0,REG101593,Cust C5314,1563.92,2023-03-30,2023-04-06,Sophie,Electronics,18500.0,9500.0,P10014,Global Tech Supplies
2023-03-19,East,A4 Printer Paper (500 Sheets),22,405.0,Store B,Wholesale,0.1,David,8910.0,Net Banking,BUNDLE15,0,REG101594,Cust C5363,2175.39,2023-03-19,2023-03-26,Sophie,Office Supplies,450.0,220.0,P10004,OfficePro Distro
2024-03-04,South,Ergonomic Office Chair,9,14500.0,Store C,Wholesale,0.0,Eva,130500.0,Credit Card,SAVE10,0,REG101595,Cust C5094,947.09,2024-03-04,2024-03-09,Marcus,Furniture,14500.0,7500.0,P10013,FurnitureWorld Inc.
2025-04-30,East,Wireless Earbuds,2,5850.0,Store B,Corporate,0.1,David,11700.0,Cash,BLACKFRIDAY,0,REG101596,Cust C5304,2094.9,2025-04-30,2025-05-06,Sophie,Electronics,6500.0,3200.0,P10011,Global Tech Supplies
2023-12-30,West,Laptop Backpack,45,2520.0,Store D,Wholesale,0.1,Bob,113400.0,Debit Card,SAVE10,0,REG101597,Cust C5328,751.78,2023-12-30,2024-01-08,Elena,Accessories,2800.0,1200.0,P10009,SupplyCo Direct
2024-11-30,North,Tablet,11,32000.0,Store A,Wholesale,0.0,Bob,352000.0,UPI,FREESHIP,0,REG101598,Cust C5073,863.38,2024-11-30,2024-12-08,Eric,Electronics,32000.0,18000.0,P10016,Global Tech Supplies
2023-09-25,South,HDMI Cable,1,570.0,Store C,Corporate,0.05,Charlie,570.0,UPI,NONE,0,REG101599,Cust C5231,2232.09,2023-09-25,2023-10-04,Marcus,Accessories,600.0,250.0,P10005,Global Tech Supplies
2024-10-11,West,HDMI Cable,5,540.0,Store D,Retail,0.1,Grace,2700.0,UPI,FREESHIP,0,REG101600,Cust C5052,464.56,2024-10-11,2024-10-13,Elena,Accessories,600.0,250.0,P10005,Global Tech Supplies
2025-04-20,East,Ergonomic Office Chair,12,13775.0,Store B,Wholesale,0.05,Alice,165300.0,Credit Card,BUNDLE15,0,REG101601,Cust C5373,2344.89,2025-04-20,2025-04-28,Sophie,Furniture,14500.0,7500.0,P10013,FurnitureWorld Inc.
2023-10-19,South,Laptop Backpack,36,2380.0,Store C,Wholesale,0.15,David,85680.0,Cash,BUNDLE15,0,REG101602,Cust C5393,1372.24,2023-10-19,2023-10-24,Marcus,Accessories,2800.0,1200.0,P10009,SupplyCo Direct
2024-05-05,West,Mechanical Keyboard,13,3600.0,Store D,Wholesale,0.2,Alice,46800.0,UPI,SAVE10,0,REG101603,Cust C5099,1139.18,2024-05-05,2024-05-09,Elena,Electronics,4500.0,2200.0,P10010,Global Tech Supplies
2024-09-21,West,HDMI Cable,2,480.0,Store D,Corporate,0.2,Alice,960.0,Credit Card,BUNDLE15,0,REG101604,Cust C5231,2067.1,2024-09-21,2024-10-01,Elena,Accessories,600.0,250.0,P10005,Global Tech Supplies
2024-09-09,North,Tablet,5,28800.0,Store A,Retail,0.1,Grace,144000.0,Cash,FREESHIP,0,REG101605,Cust C5048,851.17,2024-09-09,2024-09-17,Eric,Electronics,32000.0,18000.0,P10016,Global Tech Supplies
2024-03-08,South,4K Smart Monitor,8,28000.0,Store C,Wholesale,0.0,Charlie,224000.0,Credit Card,BUNDLE15,0,REG101606,Cust C5298,1452.86,2024-03-08,2024-03-11,Marcus,Electronics,28000.0,15000.0,P10015,Global Tech Supplies
2025-05-10,East,Laser Printer,5,15725.0,Store B,Corporate,0.15,Alice,78625.0,Debit Card,NONE,0,REG101607,Cust C5206,920.79,2025-05-10,2025-05-14,Sophie,Electronics,18500.0,9500.0,P10014,Global Tech Supplies
2024-01-27,West,Gaming Laptop,5,85500.0,Store D,Corporate,0.1,Bob,427500.0,Debit Card,BUNDLE15,0,REG101608,Cust C5097,590.36,2024-01-27,2024-01-30,Elena,Electronics,95000.0,58000.0,P10019,Global Tech Supplies
2025-03-26,South,Sticky Notes Bundle,10,160.0,Store C,Wholesale,0.2,Grace,1600.0,Credit Card,FREESHIP,0,REG101609,Cust C5360,639.83,2025-03-26,2025-03-28,Marcus,Office Supplies,200.0,80.0,P10002,OfficePro Distro
2023-03-22,North,Tablet,4,30400.0,Store A,Retail,0.05,Bob,121600.0,Credit Card,BLACKFRIDAY,0,REG101610,Cust C5332,688.91,2023-03-22,2023-03-26,Eric,Electronics,32000.0,18000.0,P10016,Global Tech Supplies
2024-12-20,South,Bookshelf,5,8075.0,Store C,Corporate,0.05,David,40375.0,Credit Card,SAVE10,0,REG101611,Cust C5018,1640.09,2024-12-20,2024-12-23,Marcus,Furniture,8500.0,4200.0,P10012,FurnitureWorld Inc.
2024-01-16,East,Wireless Mouse,2,1425.0,Store B,Retail,0.05,Frank,2850.0,Debit Card,NONE,0,REG101612,Cust C5316,1525.59,2024-01-16,2024-01-26,Sophie,Accessories,1500.0,700.0,P10007,Global Tech Supplies
2024-10-03,East,A4 Printer Paper (500 Sheets),2,382.5,Store B,Corporate,0.15,David,765.0,Cash,SAVE10,0,REG101613,Cust C5338,1444.47,2024-10-03,2024-10-12,Sophie,Office Supplies,450.0,220.0,P10004,OfficePro Distro
2024-03-24,West,4K Smart Monitor,4,26600.0,Store D,Retail,0.05,Frank,106400.0,Debit Card,SAVE10,0,REG101614,Cust C5282,217.68,2024-03-24,2024-04-03,Elena,Electronics,28000.0,15000.0,P10015,Global Tech Supplies
2023-12-03,West,Ergonomic Office Chair,15,13050.0,Store D,Wholesale,0.1,David,195750.0,Debit Card,BUNDLE15,0,REG101615,Cust C5260,798.5,2023-12-03,2023-12-06,Elena,Furniture,14500.0,7500.0,P10013,FurnitureWorld Inc.
2023-06-08,West,Spiral Notebook,14,120.0,Store D,Wholesale,0.2,Grace,1680.0,Cash,FREESHIP,0,REG101616,Cust C5346,911.68,2023-06-08,2023-06-10,Elena,Office Supplies,150.0,60.0,P10001,OfficePro Distro
2023-05-25,West,A4 Printer Paper (500 Sheets),5,360.0,Store D,Retail,0.2,Alice,1800.0,UPI,BLACKFRIDAY,0,REG101617,Cust C5106,382.01,2023-05-25,2023-05-27,Elena,Office Supplies,450.0,220.0,P10004,OfficePro Distro
2023-10-24,North,Wireless Mouse,1,1200.0,Store A,Corporate,0.2,Frank,1200.0,Net Banking,BLACKFRIDAY,0,REG101618,Cust C5038,1936.03,2023-10-24,2023-10-27,Eric,Accessories,1500.0,700.0,P10007,Global Tech Supplies
2024-10-02,North,Wireless Mouse,3,1275.0,Store A,Retail,0.15,Alice,3825.0,Debit Card,FREESHIP,0,REG101619,Cust C5173,1514.36,2024-10-02,2024-10-09,Eric,Accessories,1500.0,700.0,P10007,Global Tech Supplies
2023-04-10,West,USB Flash Drive 64GB,1,640.0,Store D,Corporate,0.2,Charlie,640.0,Debit Card,NONE,0,REG101620,Cust C5266,526.79,2023-04-10,2023-04-14,Elena,Accessories,800.0,350.0,P10006,Global Tech Supplies
2024-11-21,North,Laser Printer,4,17575.0,Store A,Corporate,0.05,Grace,70300.0,UPI,BLACKFRIDAY,0,REG101621,Cust C5139,2060.49,2024-11-21,2024-11-29,Eric,Electronics,18500.0,9500.0,P10014,Global Tech Supplies
2024-11-01,North,Wireless Earbuds,2,6175.0,Store A,Retail,0.05,David,12350.0,UPI,FREESHIP,0,REG101622,Cust C5100,1363.65,2024-11-01,2024-11-09,Eric,Electronics,6500.0,3200.0,P10011,Global Tech Supplies
2023-02-08,North,Mechanical Keyboard,7,3825.0,Store A,Wholesale,0.15,Charlie,26775.0,Cash,FREESHIP,0,REG101623,Cust C5373,602.99,2023-02-08,2023-02-13,Eric,Electronics,4500.0,2200.0,P10010,Global Tech Supplies
2024-01-04,East,Wireless Earbuds,3,5200.0,Store B,Retail,0.2,Bob,15600.0,Debit Card,BUNDLE15,0,REG101624,Cust C5220,392.44,2024-01-04,2024-01-14,Sophie,Electronics,6500.0,3200.0,P10011,Global Tech Supplies
2023-10-17,West,A4 Printer Paper (500 Sheets),4,382.5,Store D,Corporate,0.15,Grace,1530.0,Net Banking,NONE,0,REG101625,Cust C5140,2091.78,2023-10-17,2023-10-23,Elena,Office Supplies,450.0,220.0,P10004,OfficePro Distro
2025-03-22,North,USB Flash Drive 64GB,5,760.0,Store A,Retail,0.05,Eva,3800.0,Debit Card,NONE,0,REG101626,Cust C5173,1692.43,2025-03-22,2025-03-25,Eric,Accessories,800.0,350.0,P10006,Global Tech Supplies
2024-06-22,South,Smartphone,1,55000.0,Store C,Retail,0.0,Bob,55000.0,Credit Card,FREESHIP,0,REG101627,Cust C5023,856.04,2024-06-22,2024-06-25,Marcus,Electronics,55000.0,32000.0,P10018,Global Tech Supplies
2024-06-05,West,Wireless Earbuds,1,5200.0,Store D,Corporate,0.2,Alice,5200.0,Cash,NONE,0,REG101628,Cust C5138,423.96,2024-06-05,2024-06-09,Elena,Electronics,6500.0,3200.0,P10011,Global Tech Supplies
2024-03-15,South,LED Desk Lamp,4,1870.0,Store C,Retail,0.15,Alice,7480.0,Credit Card,BUNDLE15,0,REG101629,Cust C5202,2078.98,2024-03-15,2024-03-20,Marcus,Furniture,2200.0,1000.0,P10008,FurnitureWorld Inc.
2024-04-19,East,Smartphone,5,44000.0,Store B,Corporate,0.2,Eva,220000.0,Net Banking,NONE,0,REG101630,Cust C5239,831.7,2024-04-19,2024-04-29,Sophie,Electronics,55000.0,32000.0,P10018,Global Tech Supplies
2023-11-11,East,Wireless Mouse,1,1275.0,Store B,Corporate,0.15,Alice,1275.0,Debit Card,BUNDLE15,0,REG101631,Cust C5045,1000.6,2023-11-11,2023-11-20,Sophie,Accessories,1500.0,700.0,P10007,Global Tech Supplies
2023-07-09,North,Spiral Notebook,2,150.0,Store A,Retail,0.0,Frank,300.0,Debit Card,BLACKFRIDAY,0,REG101632,Cust C5040,461.59,2023-07-09,2023-07-19,Eric,Office Supplies,150.0,60.0,P10001,OfficePro Distro
2025-01-25,South,Ballpoint Pen Pack,3,225.0,Store C,Retail,0.1,David,675.0,Cash,BLACKFRIDAY,0,REG101633,Cust C5290,911.01,2025-01-25,2025-01-30,Marcus,Office Supplies,250.0,100.0,P10003,OfficePro Distro
2023-08-15,West,Wireless Earbuds,1,6500.0,Store D,Corporate,0.0,David,6500.0,Net Banking,BLACKFRIDAY,0,REG101634,Cust C5302,2338.51,2023-08-15,2023-08-21,Elena,Electronics,6500.0,3200.0,P10011,Global Tech Supplies
2023-10-11,East,LED Desk Lamp,3,2200.0,Store B,Retail,0.0,Alice,6600.0,UPI,SAVE10,0,REG101635,Cust C5186,439.18,2023-10-11,2023-10-18,Sophie,Furniture,2200.0,1000.0,P10008,FurnitureWorld Inc.
2024-03-29,North,Wireless Mouse,40,1500.0,Store A,Wholesale,0.0,Alice,60000.0,Net Banking,BUNDLE15,0,REG101636,Cust C5359,209.56,2024-03-29,2024-04-06,Eric,Accessories,1500.0,700.0,P10007,Global Tech Supplies
2023-11-15,West,Laptop Backpack,1,2660.0,Store D,Corporate,0.05,David,2660.0,Credit Card,BLACKFRIDAY,0,REG101637,Cust C5267,2341.6,2023-11-15,2023-11-25,Elena,Accessories,2800.0,1200.0,P10009,SupplyCo Direct
2024-06-08,North,Standing Desk,5,32300.0,Store A,Corporate,0.15,Bob,161500.0,Debit Card,FREESHIP,0,REG101638,Cust C5071,1104.35,2024-06-08,2024-06-11,Eric,Furniture,38000.0,20000.0,P10017,FurnitureWorld Inc.
2024-01-14,South,Sticky Notes Bundle,4,180.0,Store C,Retail,0.1,Alice,720.0,Credit Card,BLACKFRIDAY,0,REG101639,Cust C5087,1938.88,2024-01-14,2024-01-23,Marcus,Office Supplies,200.0,80.0,P10002,OfficePro Distro
2023-06-06,West,Wireless Mouse,1,1200.0,Store D,Corporate,0.2,Charlie,1200.0,Cash,FREESHIP,1,REG101640,Cust C5338,1138.78,2023-06-06,2023-06-08,Elena,Accessories,1500.0,700.0,P10007,Global Tech Supplies
2025-06-03,East,Tablet,1,25600.0,Store B,Retail,0.2,Frank,25600.0,Net Banking,BUNDLE15,1,REG101641,Cust C5028,343.83,2025-06-03,2025-06-08,Sophie,Electronics,32000.0,18000.0,P10016,Global Tech Supplies
2023-09-06,West,Standing Desk,5,38000.0,Store D,Retail,0.0,Eva,190000.0,Credit Card,FREESHIP,0,REG101642,Cust C5284,2025.67,2023-09-06,2023-09-15,Elena,Furniture,38000.0,20000.0,P10017,FurnitureWorld Inc.
2025-04-06,North,Laptop Backpack,33,2800.0,Store A,Wholesale,0.0,Grace,92400.0,Credit Card,BUNDLE15,0,REG101643,Cust C5045,1795.82,2025-04-06,2025-04-12,Eric,Accessories,2800.0,1200.0,P10009,SupplyCo Direct
2025-05-27,West,Bookshelf,3,7225.0,Store D,Retail,0.15,David,21675.0,UPI,FREESHIP,0,REG101644,Cust C5214,1108.6,2025-05-27,2025-06-02,Elena,Furniture,8500.0,4200.0,P10012,FurnitureWorld Inc.
2025-04-21,North,A4 Printer Paper (500 Sheets),4,450.0,Store A,Retail,0.0,Frank,1800.0,UPI,FREESHIP,0,REG101645,Cust C5267,241.28,2025-04-21,2025-04-24,Eric,Office Supplies,450.0,220.0,P10004,OfficePro Distro
2025-02-22,East,Gaming Laptop,4,80750.0,Store B,Corporate,0.15,Grace,323000.0,Net Banking,SAVE10,0,REG101646,Cust C5095,1651.64,2025-02-22,2025-03-01,Sophie,Electronics,95000.0,58000.0,P10019,Global Tech Supplies
2023-12-20,East,Wireless Earbuds,10,6500.0,Store B,Wholesale,0.0,Grace,65000.0,Credit Card,SAVE10,0,REG101647,Cust C5364,265.04,2023-12-20,2023-12-29,Sophie,Electronics,6500.0,3200.0,P10011,Global Tech Supplies
2024-07-02,South,Standing Desk,1,32300.0,Store C,Corporate,0.15,Grace,32300.0,Cash,SAVE10,0,REG101648,Cust C5344,1359.16,2024-07-02,2024-07-04,Marcus,Furniture,38000.0,20000.0,P10017,FurnitureWorld Inc.
2023-10-14,East,Laptop Backpack,5,2240.0,Store B,Retail,0.2,Eva,11200.0,Debit Card,SAVE10,0,REG101649,Cust C5253,2210.7,2023-10-14,2023-10-18,Sophie,Accessories,2800.0,1200.0,P10009,SupplyCo Direct
2023-03-08,North,A4 Printer Paper (500 Sheets),5,360.0,Store A,Retail,0.2,Alice,1800.0,Cash,NONE,0,REG101650,Cust C5111,1500.05,2023-03-08,2023-03-13,Eric,Office Supplies,450.0,220.0,P10004,OfficePro Distro
2024-05-16,East,Sticky Notes Bundle,29,160.0,Store B,Wholesale,0.2,Eva,4640.0,UPI,NONE,0,REG101651,Cust C5336,2117.52,2024-05-16,2024-05-24,Sophie,Office Supplies,200.0,80.0,P10002,OfficePro Distro
2024-03-19,South,Sticky Notes Bundle,2,200.0,Store C,Corporate,0.0,Eva,400.0,Net Banking,NONE,0,REG101652,Cust C5230,2118.41,2024-03-19,2024-03-26,Marcus,Office Supplies,200.0,80.0,P10002,OfficePro Distro
2024-09-17,South,Sticky Notes Bundle,5,170.0,Store C,Retail,0.15,David,850.0,Credit Card,BUNDLE15,0,REG101653,Cust C5138,1496.34,2024-09-17,2024-09-19,Marcus,Office Supplies,200.0,80.0,P10002,OfficePro Distro
2024-06-12,North,Ballpoint Pen Pack,3,212.5,Store A,Corporate,0.15,Bob,637.5,Net Banking,SAVE10,0,REG101654,Cust C5276,1420.45,2024-06-12,2024-06-17,Eric,Office Supplies,250.0,100.0,P10003,OfficePro Distro
2024-02-27,North,Laser Printer,15,15725.0,Store A,Wholesale,0.15,David,235875.0,Net Banking,FREESHIP,0,REG101655,Cust C5034,2423.49,2024-02-27,2024-03-03,Eric,Electronics,18500.0,9500.0,P10014,Global Tech Supplies
2024-11-20,South,Laser Printer,5,15725.0,Store C,Corporate,0.15,Frank,78625.0,Cash,BLACKFRIDAY,0,REG101656,Cust C5139,428.32,2024-11-20,2024-11-24,Marcus,Electronics,18500.0,9500.0,P10014,Global Tech Supplies
2024-11-18,North,Smartphone,3,52250.0,Store A,Retail,0.05,Grace,156750.0,Net Banking,BUNDLE15,0,REG101657,Cust C5083,954.14,2024-11-18,2024-11-24,Eric,Electronics,55000.0,32000.0,P10018,Global Tech Supplies
2023-12-12,West,Sticky Notes Bundle,4,180.0,Store D,Retail,0.1,Grace,720.0,Cash,NONE,0,REG101658,Cust C5151,574.98,2023-12-12,2023-12-19,Elena,Office Supplies,200.0,80.0,P10002,OfficePro Distro
2024-03-28,West,Smartphone,1,49500.0,Store D,Corporate,0.1,Alice,49500.0,Cash,SAVE10,0,REG101659,Cust C5293,433.27,2024-03-28,2024-04-07,Elena,Electronics,55000.0,32000.0,P10018,Global Tech Supplies
2023-10-13,West,Sticky Notes Bundle,11,190.0,Store D,Wholesale,0.05,Grace,2090.0,Cash,BLACKFRIDAY,0,REG101660,Cust C5141,432.83,2023-10-13,2023-10-16,Elena,Office Supplies,200.0,80.0,P10002,OfficePro Distro
2024-07-12,East,Wireless Mouse,28,1500.0,Store B,Wholesale,0.0,David,42000.0,Cash,BUNDLE15,0,REG101661,Cust C5159,1097.95,2024-07-12,2024-07-15,Sophie,Accessories,1500.0,700.0,P10007,Global Tech Supplies
2025-05-10,South,Wireless Mouse,4,1425.0,Store C,Retail,0.05,Bob,5700.0,Credit Card,NONE,0,REG101662,Cust C5246,1725.36,2025-05-10,2025-05-19,Marcus,Accessories,1500.0,700.0,P10007,Global Tech Supplies
2023-09-05,North,Gaming Laptop,9,85500.0,Store A,Wholesale,0.1,Charlie,769500.0,Credit Card,SAVE10,0,REG101663,Cust C5256,1112.57,2023-09-05,2023-09-11,Eric,Electronics,95000.0,58000.0,P10019,Global Tech Supplies
2023-10-31,South,Sticky Notes Bundle,1,170.0,Store C,Corporate,0.15,Frank,170.0,Credit Card,NONE,0,REG101664,Cust C5367,1320.51,2023-10-31,2023-11-08,Marcus,Office Supplies,200.0,80.0,P10002,OfficePro Distro
2024-08-09,North,Tablet,5,25600.0,Store A,Corporate,0.2,Frank,128000.0,Cash,FREESHIP,0,REG101665,Cust C5324,1674.33,2024-08-09,2024-08-12,Eric,Electronics,32000.0,18000.0,P10016,Global Tech Supplies
2024-04-21,North,Laser Printer,3,14800.0,Store A,Corporate,0.2,Alice,44400.0,Credit Card,FREESHIP,0,REG101666,Cust C5385,471.64,2024-04-21,2024-04-23,Eric,Electronics,18500.0,9500.0,P10014,Global Tech Supplies
2024-05-09,South,USB Flash Drive 64GB,1,800.0,Store C,Retail,0.0,Frank,800.0,Cash,NONE,0,REG101667,Cust C5371,2452.39,2024-05-09,2024-05-17,Marcus,Accessories,800.0,350.0,P10006,Global Tech Supplies
2024-04-09,South,Spiral Notebook,11,150.0,Store C,Wholesale,0.0,Charlie,1650.0,Debit Card,FREESHIP,0,REG101668,Cust C5391,2049.54,2024-04-09,2024-04-16,Marcus,Office Supplies,150.0,60.0,P10001,OfficePro Distro
2024-11-27,West,Laser Printer,4,16650.0,Store D,Retail,0.1,Charlie,66600.0,Net Banking,SAVE10,0,REG101669,Cust C5254,2260.75,2024-11-27,2024-12-02,Elena,Electronics,18500.0,9500.0,P10014,Global Tech Supplies
2023-06-17,North,USB Flash Drive 64GB,44,720.0,Store A,Wholesale,0.1,Bob,31680.0,Cash,NONE,0,REG101670,Cust C5287,1506.96,2023-06-17,2023-06-20,Eric,Accessories,800.0,350.0,P10006,Global Tech Supplies
2023-05-01,North,4K Smart Monitor,4,23800.0,Store A,Corporate,0.15,Frank,95200.0,Net Banking,SAVE10,0,REG101671,Cust C5014,1815.54,2023-05-01,2023-05-06,Eric,Electronics,28000.0,15000.0,P10015,Global Tech Supplies
2025-01-19,East,Wireless Mouse,2,1200.0,Store B,Corporate,0.2,Bob,2400.0,Net Banking,BUNDLE15,0,REG101672,Cust C5072,2111.04,2025-01-19,2025-01-25,Sophie,Accessories,1500.0,700.0,P10007,Global Tech Supplies
2024-05-02,West,Laser Printer,13,15725.0,Store D,Wholesale,0.15,Charlie,204425.0,UPI,FREESHIP,0,REG101673,Cust C5095,947.93,2024-05-02,2024-05-08,Elena,Electronics,18500.0,9500.0,P10014,Global Tech Supplies
2024-10-27,West,HDMI Cable,5,480.0,Store D,Corporate,0.2,David,2400.0,Debit Card,BUNDLE15,0,REG101674,Cust C5249,1874.77,2024-10-27,2024-11-06,Elena,Accessories,600.0,250.0,P10005,Global Tech Supplies
2025-03-23,West,Mechanical Keyboard,4,4050.0,Store D,Corporate,0.1,Grace,16200.0,Debit Card,FREESHIP,0,REG101675,Cust C5201,1463.03,2025-03-23,2025-03-30,Elena,Electronics,4500.0,2200.0,P10010,Global Tech Supplies
2023-10-11,East,Gaming Laptop,8,76000.0,Store B,Wholesale,0.2,Frank,608000.0,Credit Card,BLACKFRIDAY,0,REG101676,Cust C5275,810.34,2023-10-11,2023-10-15,Sophie,Electronics,95000.0,58000.0,P10019,Global Tech Supplies
2024-02-13,North,Bookshelf,5,8075.0,Store A,Retail,0.05,Charlie,40375.0,UPI,NONE,0,REG101677,Cust C5106,1328.23,2024-02-13,2024-02-20,Eric,Furniture,8500.0,4200.0,P10012,FurnitureWorld Inc.
2023-09-04,West,Tablet,3,32000.0,Store D,Corporate,0.0,Frank,96000.0,Net Banking,BUNDLE15,0,REG101678,Cust C5244,854.69,2023-09-04,2023-09-10,Elena,Electronics,32000.0,18000.0,P10016,Global Tech Supplies
2024-08-21,East,Laser Printer,1,18500.0,Store B,Corporate,0.0,Eva,18500.0,Net Banking,SAVE10,0,REG101679,Cust C5268,644.51,2024-08-21,2024-08-30,Sophie,Electronics,18500.0,9500.0,P10014,Global Tech Supplies
2023-02-26,West,Gaming Laptop,5,76000.0,Store D,Corporate,0.2,David,380000.0,Net Banking,FREESHIP,0,REG101680,Cust C5342,2027.52,2023-02-26,2023-03-06,Elena,Electronics,95000.0,58000.0,P10019,Global Tech Supplies
2023-12-05,North,USB Flash Drive 64GB,4,720.0,Store A,Corporate,0.1,David,2880.0,Credit Card,SAVE10,0,REG101681,Cust C5151,1430.47,2023-12-05,2023-12-07,Eric,Accessories,800.0,350.0,P10006,Global Tech Supplies
2023-09-26,East,Ergonomic Office Chair,13,14500.0,Store B,Wholesale,0.0,Grace,188500.0,UPI,FREESHIP,0,REG101682,Cust C5162,1858.83,2023-09-26,2023-10-04,Sophie,Furniture,14500.0,7500.0,P10013,FurnitureWorld Inc.
2023-10-28,North,HDMI Cable,5,570.0,Store A,Corporate,0.05,Eva,2850.0,Net Banking,BLACKFRIDAY,0,REG101683,Cust C5315,488.32,2023-10-28,2023-10-31,Eric,Accessories,600.0,250.0,P10005,Global Tech Supplies
2023-11-19,West,Laser Printer,4,16650.0,Store D,Corporate,0.1,Grace,66600.0,UPI,BUNDLE15,0,REG101684,Cust C5027,2127.67,2023-11-19,2023-11-22,Elena,Electronics,18500.0,9500.0,P10014,Global Tech Supplies
2024-09-20,East,Bookshelf,6,8500.0,Store B,Wholesale,0.0,Charlie,51000.0,Debit Card,SAVE10,0,REG101685,Cust C5352,2490.22,2024-09-20,2024-09-28,Sophie,Furniture,8500.0,4200.0,P10012,FurnitureWorld Inc.
2025-01-25,North,Mechanical Keyboard,10,3825.0,Store A,Wholesale,0.15,Frank,38250.0,Cash,FREESHIP,0,REG101686,Cust C5352,970.15,2025-01-25,2025-01-29,Eric,Electronics,4500.0,2200.0,P10010,Global Tech Supplies
2025-03-23,West,Smartphone,11,55000.0,Store D,Wholesale,0.0,Alice,605000.0,Credit Card,SAVE10,0,REG101687,Cust C5071,1448.89,2025-03-23,2025-03-28,Elena,Electronics,55000.0,32000.0,P10018,Global Tech Supplies
2023-03-26,North,4K Smart Monitor,5,28000.0,Store A,Corporate,0.0,Alice,140000.0,Debit Card,BLACKFRIDAY,0,REG101688,Cust C5073,315.44,2023-03-26,2023-03-31,Eric,Electronics,28000.0,15000.0,P10015,Global Tech Supplies
2024-03-29,South,Sticky Notes Bundle,38,180.0,Store C,Wholesale,0.1,Charlie,6840.0,Credit Card,SAVE10,0,REG101689,Cust C5126,1774.21,2024-03-29,2024-04-05,Marcus,Office Supplies,200.0,80.0,P10002,OfficePro Distro
2023-07-12,North,LED Desk Lamp,5,2200.0,Store A,Corporate,0.0,Bob,11000.0,Net Banking,BUNDLE15,0,REG101690,Cust C5324,2021.64,2023-07-12,2023-07-16,Eric,Furniture,2200.0,1000.0,P10008,FurnitureWorld Inc.
2024-01-02,East,Laptop Backpack,5,2800.0,Store B,Corporate,0.0,Eva,14000.0,Net Banking,SAVE10,0,REG101691,Cust C5307,824.54,2024-01-02,2024-01-12,Sophie,Accessories,2800.0,1200.0,P10009,SupplyCo Direct
2024-06-06,South,4K Smart Monitor,7,23800.0,Store C,Wholesale,0.15,Bob,166600.0,Net Banking,NONE,0,REG101692,Cust C5331,1290.63,2024-06-06,2024-06-12,Marcus,Electronics,28000.0,15000.0,P10015,Global Tech Supplies
2024-02-06,South,Laptop Backpack,46,2520.0,Store C,Wholesale,0.1,Frank,115920.0,UPI,BLACKFRIDAY,0,REG101693,Cust C5314,1446.16,2024-02-06,2024-02-16,Marcus,Accessories,2800.0,1200.0,P10009,SupplyCo Direct
2024-08-10,North,Ergonomic Office Chair,8,11600.0,Store A,Wholesale,0.2,Bob,92800.0,Net Banking,FREESHIP,0,REG101694,Cust C5213,2439.39,2024-08-10,2024-08-16,Eric,Furniture,14500.0,7500.0,P10013,FurnitureWorld Inc.
2023-07-01,West,Wireless Earbuds,11,5850.0,Store D,Wholesale,0.1,Alice,64350.0,Credit Card,BLACKFRIDAY,0,REG101695,Cust C5124,2288.22,2023-07-01,2023-07-07,Elena,Electronics,6500.0,3200.0,P10011,Global Tech Supplies
2024-08-16,North,HDMI Cable,47,540.0,Store A,Wholesale,0.1,Grace,25380.0,UPI,BLACKFRIDAY,0,REG101696,Cust C5290,765.03,2024-08-16,2024-08-20,Eric,Accessories,600.0,250.0,P10005,Global Tech Supplies
2023-05-22,East,Ballpoint Pen Pack,3,250.0,Store B,Retail,0.0,Frank,750.0,Cash,FREESHIP,0,REG101697,Cust C5070,1708.4,2023-05-22,2023-05-24,Sophie,Office Supplies,250.0,100.0,P10003,OfficePro Distro
2023-02-02,South,Ergonomic Office Chair,11,14500.0,Store C,Wholesale,0.0,Bob,159500.0,Net Banking,NONE,0,REG101698,Cust C5084,1739.2,2023-02-02,2023-02-09,Marcus,Furniture,14500.0,7500.0,P10013,FurnitureWorld Inc.
2024-05-25,West,Smartphone,14,55000.0,Store D,Wholesale,0.0,Bob,770000.0,Credit Card,SAVE10,1,REG101699,Cust C5023,324.07,2024-05-25,2024-06-03,Elena,Electronics,55000.0,32000.0,P10018,Global Tech Supplies
2024-05-02,North,Laser Printer,13,15725.0,Store A,Wholesale,0.15,Bob,204425.0,Net Banking,BUNDLE15,1,REG101700,Cust C5122,1918.01,2024-05-02,2024-05-07,Eric,Electronics,18500.0,9500.0,P10014,Global Tech Supplies
2024-03-08,South,Smartphone,1,52250.0,Store C,Corporate,0.05,Bob,52250.0,Credit Card,SAVE10,0,REG101701,Cust C5106,1985.83,2024-03-08,2024-03-14,Marcus,Electronics,55000.0,32000.0,P10018,Global Tech Supplies
2023-09-06,South,Bookshelf,4,7225.0,Store C,Corporate,0.15,Charlie,28900.0,Cash,FREESHIP,0,REG101702,Cust C5382,743.08,2023-09-06,2023-09-15,Marcus,Furniture,8500.0,4200.0,P10012,FurnitureWorld Inc.
2025-06-25,West,Ballpoint Pen Pack,49,200.0,Store D,Wholesale,0.2,Bob,9800.0,Debit Card,SAVE10,0,REG101703,Cust C5076,1165.0,2025-06-25,2025-07-01,Elena,Office Supplies,250.0,100.0,P10003,OfficePro Distro
2023-06-02,North,HDMI Cable,42,480.0,Store A,Wholesale,0.2,Frank,20160.0,Cash,SAVE10,0,REG101704,Cust C5100,1610.92,2023-06-02,2023-06-09,Eric,Accessories,600.0,250.0,P10005,Global Tech Supplies
2024-07-10,West,Spiral Notebook,18,150.0,Store D,Wholesale,0.0,Charlie,2700.0,Net Banking,NONE,0,REG101705,Cust C5393,2323.21,2024-07-10,2024-07-13,Elena,Office Supplies,150.0,60.0,P10001,OfficePro Distro
2024-04-13,North,4K Smart Monitor,3,26600.0,Store A,Corporate,0.05,Grace,79800.0,Debit Card,FREESHIP,0,REG101706,Cust C5364,783.41,2024-04-13,2024-04-22,Eric,Electronics,28000.0,15000.0,P10015,Global Tech Supplies
2024-10-31,South,Tablet,2,32000.0,Store C,Retail,0.0,Grace,64000.0,Net Banking,BLACKFRIDAY,0,REG101707,Cust C5191,2131.19,2024-10-31,2024-11-09,Marcus,Electronics,32000.0,18000.0,P10016,Global Tech Supplies
2024-11-20,North,Wireless Mouse,2,1350.0,Store A,Retail,0.1,Charlie,2700.0,Cash,BUNDLE15,0,REG101708,Cust C5151,1090.57,2024-11-20,2024-11-22,Eric,Accessories,1500.0,700.0,P10007,Global Tech Supplies
2024-03-13,South,Gaming Laptop,13,85500.0,Store C,Wholesale,0.1,Grace,1111500.0,UPI,BLACKFRIDAY,0,REG101709,Cust C5050,691.57,2024-03-13,2024-03-23,Marcus,Electronics,95000.0,58000.0,P10019,Global Tech Supplies
2024-05-30,South,Bookshelf,2,7225.0,Store C,Retail,0.15,Grace,14450.0,Net Banking,FREESHIP,0,REG101710,Cust C5355,1766.9,2024-05-30,2024-06-08,Marcus,Furniture,8500.0,4200.0,P10012,FurnitureWorld Inc.
2024-10-11,West,USB Flash Drive 64GB,4,760.0,Store D,Corporate,0.05,Frank,3040.0,UPI,SAVE10,0,REG101711,Cust C5056,903.1,2024-10-11,2024-10-14,Elena,Accessories,800.0,350.0,P10006,Global Tech Supplies
2025-05-24,East,4K Smart Monitor,4,28000.0,Store B,Corporate,0.0,Frank,112000.0,Debit Card,BLACKFRIDAY,1,REG101712,Cust C5212,773.66,2025-05-24,2025-06-03,Sophie,Electronics,28000.0,15000.0,P10015,Global Tech Supplies
2024-10-26,West,Sticky Notes Bundle,1,160.0,Store D,Corporate,0.2,Frank,160.0,UPI,BLACKFRIDAY,0,REG101713,Cust C5349,1874.74,2024-10-26,2024-11-02,Elena,Office Supplies,200.0,80.0,P10002,OfficePro Distro
2025-02-02,East,Laptop Backpack,19,2380.0,Store B,Wholesale,0.15,Grace,45220.0,UPI,SAVE10,0,REG101714,Cust C5170,634.48,2025-02-02,2025-02-07,Sophie,Accessories,2800.0,1200.0,P10009,SupplyCo Direct
2025-06-22,North,Ballpoint Pen Pack,12,250.0,Store A,Wholesale,0.0,Eva,3000.0,Credit Card,SAVE10,0,REG101715,Cust C5020,2409.23,2025-06-22,2025-07-02,Eric,Office Supplies,250.0,100.0,P10003,OfficePro Distro
2023-08-30,South,Sticky Notes Bundle,1,190.0,Store C,Corporate,0.05,Eva,190.0,Debit Card,BUNDLE15,1,REG101716,Cust C5120,1446.12,2023-08-30,2023-09-03,Marcus,Office Supplies,200.0,80.0,P10002,OfficePro Distro
2023-10-26,North,Sticky Notes Bundle,38,200.0,Store A,Wholesale,0.0,Grace,7600.0,UPI,FREESHIP,0,REG101717,Cust C5007,468.03,2023-10-26,2023-11-03,Eric,Office Supplies,200.0,80.0,P10002,OfficePro Distro
2023-09-27,East,Smartphone,14,44000.0,Store B,Wholesale,0.2,Alice,616000.0,Net Banking,SAVE10,0,REG101718,Cust C5393,1858.3,2023-09-27,2023-10-06,Sophie,Electronics,55000.0,32000.0,P10018,Global Tech Supplies
2023-11-28,West,Ergonomic Office Chair,5,12325.0,Store D,Corporate,0.15,Eva,61625.0,Debit Card,BUNDLE15,0,REG101719,Cust C5372,1420.96,2023-11-28,2023-11-30,Elena,Furniture,14500.0,7500.0,P10013,FurnitureWorld Inc.
2024-04-21,East,Sticky Notes Bundle,1,170.0,Store B,Retail,0.15,Alice,170.0,Credit Card,FREESHIP,0,REG101720,Cust C5178,748.84,2024-04-21,2024-04-26,Sophie,Office Supplies,200.0,80.0,P10002,OfficePro Distro
2024-02-08,North,Wireless Earbuds,1,5525.0,Store A,Retail,0.15,Frank,5525.0,Debit Card,SAVE10,0,REG101721,Cust C5355,2346.3,2024-02-08,2024-02-13,Eric,Electronics,6500.0,3200.0,P10011,Global Tech Supplies
2024-11-07,North,Laptop Backpack,3,2520.0,Store A,Corporate,0.1,David,7560.0,Cash,BUNDLE15,0,REG101722,Cust C5153,1191.92,2024-11-07,2024-11-15,Eric,Accessories,2800.0,1200.0,P10009,SupplyCo Direct
2024-02-26,South,Ergonomic Office Chair,13,13775.0,Store C,Wholesale,0.05,Alice,179075.0,UPI,NONE,0,REG101723,Cust C5008,901.53,2024-02-26,2024-02-29,Marcus,Furniture,14500.0,7500.0,P10013,FurnitureWorld Inc.
2023-07-15,South,4K Smart Monitor,4,25200.0,Store C,Corporate,0.1,Grace,100800.0,Net Banking,SAVE10,0,REG101724,Cust C5008,1882.83,2023-07-15,2023-07-24,Marcus,Electronics,28000.0,15000.0,P10015,Global Tech Supplies
2023-07-04,East,USB Flash Drive 64GB,24,640.0,Store B,Wholesale,0.2,Grace,15360.0,Credit Card,SAVE10,0,REG101725,Cust C5218,713.37,2023-07-04,2023-07-08,Sophie,Accessories,800.0,350.0,P10006,Global Tech Supplies
2023-10-03,East,Wireless Mouse,3,1500.0,Store B,Retail,0.0,David,4500.0,Net Banking,FREESHIP,0,REG101726,Cust C5241,834.67,2023-10-03,2023-10-10,Sophie,Accessories,1500.0,700.0,P10007,Global Tech Supplies
2023-03-22,West,Laser Printer,1,18500.0,Store D,Corporate,0.0,Eva,18500.0,UPI,NONE,0,REG101727,Cust C5179,243.7,2023-03-22,2023-03-24,Elena,Electronics,18500.0,9500.0,P10014,Global Tech Supplies
2024-10-21,East,Ergonomic Office Chair,8,11600.0,Store B,Wholesale,0.2,Bob,92800.0,Debit Card,BLACKFRIDAY,0,REG101728,Cust C5320,1633.24,2024-10-21,2024-10-27,Sophie,Furniture,14500.0,7500.0,P10013,FurnitureWorld Inc.
2023-02-27,South,Ballpoint Pen Pack,34,200.0,Store C,Wholesale,0.2,Alice,6800.0,Debit Card,FREESHIP,0,REG101729,Cust C5115,2416.71,2023-02-27,2023-03-03,Marcus,Office Supplies,250.0,100.0,P10003,OfficePro Distro
2024-10-26,North,Standing Desk,3,32300.0,Store A,Corporate,0.15,David,96900.0,Debit Card,NONE,0,REG101730,Cust C5173,1346.04,2024-10-26,2024-10-28,Eric,Furniture,38000.0,20000.0,P10017,FurnitureWorld Inc.
2024-06-05,North,Wireless Mouse,2,1200.0,Store A,Corporate,0.2,Alice,2400.0,Cash,FREESHIP,0,REG101731,Cust C5251,2356.75,2024-06-05,2024-06-10,Eric,Accessories,1500.0,700.0,P10007,Global Tech Supplies
2023-01-17,South,Ergonomic Office Chair,5,13775.0,Store C,Corporate,0.05,Charlie,68875.0,Debit Card,NONE,0,REG101732,Cust C5259,401.57,2023-01-17,2023-01-20,Marcus,Furniture,14500.0,7500.0,P10013,FurnitureWorld Inc.
2024-09-22,East,Mechanical Keyboard,3,3825.0,Store B,Retail,0.15,Alice,11475.0,UPI,BUNDLE15,0,REG101733,Cust C5232,2478.86,2024-09-22,2024-09-27,Sophie,Electronics,4500.0,2200.0,P10010,Global Tech Supplies
2023-08-23,East,4K Smart Monitor,1,28000.0,Store B,Corporate,0.0,Bob,28000.0,Net Banking,NONE,0,REG101734,Cust C5185,308.61,2023-08-23,2023-09-01,Sophie,Electronics,28000.0,15000.0,P10015,Global Tech Supplies
2023-03-26,West,Gaming Laptop,8,76000.0,Store D,Wholesale,0.2,Eva,608000.0,Credit Card,BUNDLE15,0,REG101735,Cust C5019,381.73,2023-03-26,2023-03-30,Elena,Electronics,95000.0,58000.0,P10019,Global Tech Supplies
2023-11-18,West,Tablet,5,25600.0,Store D,Corporate,0.2,Alice,128000.0,Net Banking,NONE,0,REG101736,Cust C5383,1818.33,2023-11-18,2023-11-26,Elena,Electronics,32000.0,18000.0,P10016,Global Tech Supplies
2024-09-23,West,Standing Desk,3,30400.0,Store D,Retail,0.2,Alice,91200.0,Cash,SAVE10,0,REG101737,Cust C5051,1083.71,2024-09-23,2024-10-01,Elena,Furniture,38000.0,20000.0,P10017,FurnitureWorld Inc.
2024-12-24,North,HDMI Cable,42,540.0,Store A,Wholesale,0.1,Charlie,22680.0,Cash,SAVE10,0,REG101738,Cust C5112,1190.78,2024-12-24,2024-12-26,Eric,Accessories,600.0,250.0,P10005,Global Tech Supplies
2023-08-17,South,Tablet,2,27200.0,Store C,Corporate,0.15,Eva,54400.0,Credit Card,BLACKFRIDAY,0,REG101739,Cust C5134,459.63,2023-08-17,2023-08-22,Marcus,Electronics,32000.0,18000.0,P10016,Global Tech Supplies
2024-06-12,North,Laser Printer,3,15725.0,Store A,Retail,0.15,David,47175.0,Credit Card,FREESHIP,0,REG101740,Cust C5279,1687.61,2024-06-12,2024-06-20,Eric,Electronics,18500.0,9500.0,P10014,Global Tech Supplies
2023-10-14,West,Laptop Backpack,4,2800.0,Store D,Retail,0.0,Eva,11200.0,Cash,SAVE10,0,REG101741,Cust C5393,2061.19,2023-10-14,2023-10-18,Elena,Accessories,2800.0,1200.0,P10009,SupplyCo Direct
2023-02-25,East,Wireless Earbuds,5,5850.0,Store B,Retail,0.1,Frank,29250.0,Cash,BUNDLE15,0,REG101742,Cust C5359,335.84,2023-02-25,2023-02-27,Sophie,Electronics,6500.0,3200.0,P10011,Global Tech Supplies
2025-02-01,South,LED Desk Lamp,1,2200.0,Store C,Corporate,0.0,Grace,2200.0,Credit Card,FREESHIP,1,REG101743,Cust C5178,1366.0,2025-02-01,2025-02-07,Marcus,Furniture,2200.0,1000.0,P10008,FurnitureWorld Inc.
2023-03-29,East,Smartphone,12,52250.0,Store B,Wholesale,0.05,Eva,627000.0,Credit Card,FREESHIP,0,REG101744,Cust C5226,2145.03,2023-03-29,2023-04-02,Sophie,Electronics,55000.0,32000.0,P10018,Global Tech Supplies
2023-05-21,East,Gaming Laptop,1,76000.0,Store B,Retail,0.2,Alice,76000.0,Net Banking,BUNDLE15,0,REG101745,Cust C5242,1088.06,2023-05-21,2023-05-31,Sophie,Electronics,95000.0,58000.0,P10019,Global Tech Supplies
2023-08-20,North,A4 Printer Paper (500 Sheets),1,427.5,Store A,Retail,0.05,Grace,427.5,Credit Card,BUNDLE15,0,REG101746,Cust C5251,2417.82,2023-08-20,2023-08-26,Eric,Office Supplies,450.0,220.0,P10004,OfficePro Distro
2024-04-10,South,Mechanical Keyboard,5,3825.0,Store C,Retail,0.15,Frank,19125.0,Cash,NONE,0,REG101747,Cust C5139,352.61,2024-04-10,2024-04-16,Marcus,Electronics,4500.0,2200.0,P10010,Global Tech Supplies
2025-02-08,North,Sticky Notes Bundle,2,190.0,Store A,Retail,0.05,Frank,380.0,Credit Card,NONE,0,REG101748,Cust C5351,335.66,2025-02-08,2025-02-10,Eric,Office Supplies,200.0,80.0,P10002,OfficePro Distro
2023-09-19,North,Smartphone,2,55000.0,Store A,Retail,0.0,Frank,110000.0,Cash,SAVE10,0,REG101749,Cust C5394,2119.72,2023-09-19,2023-09-21,Eric,Electronics,55000.0,32000.0,P10018,Global Tech Supplies
2024-08-17,North,Smartphone,7,46750.0,Store A,Wholesale,0.15,Frank,327250.0,Net Banking,BUNDLE15,1,REG101750,Cust C5127,813.1,2024-08-17,2024-08-21,Eric,Electronics,55000.0,32000.0,P10018,Global Tech Supplies
2023-03-19,West,Wireless Earbuds,4,5850.0,Store D,Corporate,0.1,Charlie,23400.0,Cash,SAVE10,0,REG101751,Cust C5050,1490.01,2023-03-19,2023-03-29,Elena,Electronics,6500.0,3200.0,P10011,Global Tech Supplies
2024-09-27,South,Ergonomic Office Chair,5,12325.0,Store C,Wholesale,0.15,Eva,61625.0,UPI,FREESHIP,0,REG101752,Cust C5322,2340.09,2024-09-27,2024-10-06,Marcus,Furniture,14500.0,7500.0,P10013,FurnitureWorld Inc.
2024-12-15,East,A4 Printer Paper (500 Sheets),2,427.5,Store B,Corporate,0.05,Grace,855.0,Net Banking,FREESHIP,0,REG101753,Cust C5067,2369.16,2024-12-15,2024-12-17,Sophie,Office Supplies,450.0,220.0,P10004,OfficePro Distro
2024-07-01,West,Gaming Laptop,2,95000.0,Store D,Corporate,0.0,Frank,190000.0,Cash,BLACKFRIDAY,0,REG101754,Cust C5210,1067.09,2024-07-01,2024-07-09,Elena,Electronics,95000.0,58000.0,P10019,Global Tech Supplies
2025-01-16,East,Gaming Laptop,15,95000.0,Store B,Wholesale,0.0,David,1425000.0,Net Banking,FREESHIP,0,REG101755,Cust C5324,2128.83,2025-01-16,2025-01-25,Sophie,Electronics,95000.0,58000.0,P10019,Global Tech Supplies
2024-01-16,West,Mechanical Keyboard,14,4050.0,Store D,Wholesale,0.1,David,56700.0,Net Banking,BUNDLE15,0,REG101756,Cust C5237,2289.8,2024-01-16,2024-01-25,Elena,Electronics,4500.0,2200.0,P10010,Global Tech Supplies
2023-02-10,North,Standing Desk,11,38000.0,Store A,Wholesale,0.0,Frank,418000.0,Credit Card,BUNDLE15,0,REG101757,Cust C5098,1406.3,2023-02-10,2023-02-19,Eric,Furniture,38000.0,20000.0,P10017,FurnitureWorld Inc.
2023-10-13,East,LED Desk Lamp,21,2200.0,Store B,Wholesale,0.0,Eva,46200.0,Net Banking,FREESHIP,0,REG101758,Cust C5287,1198.21,2023-10-13,2023-10-22,Sophie,Furniture,2200.0,1000.0,P10008,FurnitureWorld Inc.
2024-10-22,East,4K Smart Monitor,11,25200.0,Store B,Wholesale,0.1,Grace,277200.0,Debit Card,SAVE10,0,REG101759,Cust C5380,206.95,2024-10-22,2024-11-01,Sophie,Electronics,28000.0,15000.0,P10015,Global Tech Supplies
2023-05-19,East,4K Smart Monitor,1,26600.0,Store B,Retail,0.05,Grace,26600.0,Net Banking,BLACKFRIDAY,0,REG101760,Cust C5263,1667.83,2023-05-19,2023-05-22,Sophie,Electronics,28000.0,15000.0,P10015,Global Tech Supplies
2023-06-18,North,Standing Desk,3,34200.0,Store A,Corporate,0.1,David,102600.0,Cash,SAVE10,0,REG101761,Cust C5255,1987.6,2023-06-18,2023-06-22,Eric,Furniture,38000.0,20000.0,P10017,FurnitureWorld Inc.
2024-05-25,East,Standing Desk,14,30400.0,Store B,Wholesale,0.2,Frank,425600.0,Cash,NONE,0,REG101762,Cust C5355,1868.91,2024-05-25,2024-05-27,Sophie,Furniture,38000.0,20000.0,P10017,FurnitureWorld Inc.
2023-12-21,North,Wireless Mouse,3,1350.0,Store A,Retail,0.1,Grace,4050.0,Net Banking,FREESHIP,0,REG101763,Cust C5288,1636.7,2023-12-21,2023-12-27,Eric,Accessories,1500.0,700.0,P10007,Global Tech Supplies
2024-10-15,North,4K Smart Monitor,11,22400.0,Store A,Wholesale,0.2,Frank,246400.0,Net Banking,SAVE10,0,REG101764,Cust C5057,1322.38,2024-10-15,2024-10-25,Eric,Electronics,28000.0,15000.0,P10015,Global Tech Supplies
2025-04-28,South,Standing Desk,2,34200.0,Store C,Retail,0.1,Grace,68400.0,UPI,BLACKFRIDAY,0,REG101765,Cust C5370,1171.74,2025-04-28,2025-05-06,Marcus,Furniture,38000.0,20000.0,P10017,FurnitureWorld Inc.
2024-10-08,East,Laser Printer,9,17575.0,Store B,Wholesale,0.05,David,158175.0,Credit Card,BLACKFRIDAY,0,REG101766,Cust C5310,224.92,2024-10-08,2024-10-16,Sophie,Electronics,18500.0,9500.0,P10014,Global Tech Supplies
2025-06-30,North,Sticky Notes Bundle,3,200.0,Store A,Retail,0.0,David,600.0,Net Banking,NONE,0,REG101767,Cust C5203,2211.46,2025-06-30,2025-07-05,Eric,Office Supplies,200.0,80.0,P10002,OfficePro Distro
2023-05-02,West,Ballpoint Pen Pack,3,250.0,Store D,Retail,0.0,Eva,750.0,Cash,BLACKFRIDAY,0,REG101768,Cust C5366,2007.88,2023-05-02,2023-05-11,Elena,Office Supplies,250.0,100.0,P10003,OfficePro Distro
2025-04-09,West,Sticky Notes Bundle,5,160.0,Store D,Corporate,0.2,Bob,800.0,Credit Card,NONE,0,REG101769,Cust C5011,2347.59,2025-04-09,2025-04-12,Elena,Office Supplies,200.0,80.0,P10002,OfficePro Distro
2023-02-03,West,Smartphone,3,52250.0,Store D,Retail,0.05,Alice,156750.0,Net Banking,SAVE10,0,REG101770,Cust C5324,1085.01,2023-02-03,2023-02-10,Elena,Electronics,55000.0,32000.0,P10018,Global Tech Supplies
2023-04-01,South,Tablet,10,28800.0,Store C,Wholesale,0.1,Grace,288000.0,Credit Card,SAVE10,0,REG101771,Cust C5043,890.07,2023-04-01,2023-04-07,Marcus,Electronics,32000.0,18000.0,P10016,Global Tech Supplies
2024-08-24,South,Wireless Earbuds,14,5850.0,Store C,Wholesale,0.1,David,81900.0,Net Banking,SAVE10,0,REG101772,Cust C5335,400.39,2024-08-24,2024-08-27,Marcus,Electronics,6500.0,3200.0,P10011,Global Tech Supplies
2023-07-24,West,Wireless Mouse,3,1275.0,Store D,Corporate,0.15,Alice,3825.0,UPI,BUNDLE15,0,REG101773,Cust C5170,1370.63,2023-07-24,2023-07-29,Elena,Accessories,1500.0,700.0,P10007,Global Tech Supplies
2023-11-30,East,Laptop Backpack,14,2800.0,Store B,Wholesale,0.0,David,39200.0,Debit Card,SAVE10,0,REG101774,Cust C5044,2460.02,2023-11-30,2023-12-04,Sophie,Accessories,2800.0,1200.0,P10009,SupplyCo Direct
2025-04-06,North,4K Smart Monitor,5,23800.0,Store A,Corporate,0.15,Grace,119000.0,Net Banking,BUNDLE15,0,REG101775,Cust C5320,1182.11,2025-04-06,2025-04-14,Eric,Electronics,28000.0,15000.0,P10015,Global Tech Supplies
2023-09-29,East,A4 Printer Paper (500 Sheets),19,405.0,Store B,Wholesale,0.1,Eva,7695.0,Net Banking,FREESHIP,0,REG101776,Cust C5141,830.28,2023-09-29,2023-10-02,Sophie,Office Supplies,450.0,220.0,P10004,OfficePro Distro
2023-08-10,South,Ballpoint Pen Pack,1,200.0,Store C,Retail,0.2,Charlie,200.0,UPI,BLACKFRIDAY,0,REG101777,Cust C5100,1737.9,2023-08-10,2023-08-17,Marcus,Office Supplies,250.0,100.0,P10003,OfficePro Distro
2024-09-04,East,Ergonomic Office Chair,4,13050.0,Store B,Corporate,0.1,Bob,52200.0,Credit Card,BUNDLE15,0,REG101778,Cust C5399,1037.18,2024-09-04,2024-09-08,Sophie,Furniture,14500.0,7500.0,P10013,FurnitureWorld Inc.
2024-09-25,South,Sticky Notes Bundle,3,170.0,Store C,Retail,0.15,Eva,510.0,Debit Card,BUNDLE15,0,REG101779,Cust C5120,2452.27,2024-09-25,2024-09-28,Marcus,Office Supplies,200.0,80.0,P10002,OfficePro Distro
2024-08-12,North,Smartphone,3,55000.0,Store A,Corporate,0.0,Alice,165000.0,Net Banking,SAVE10,0,REG101780,Cust C5310,312.01,2024-08-12,2024-08-16,Eric,Electronics,55000.0,32000.0,P10018,Global Tech Supplies
2025-04-17,East,HDMI Cable,5,540.0,Store B,Retail,0.1,Grace,2700.0,Cash,BUNDLE15,0,REG101781,Cust C5068,2492.51,2025-04-17,2025-04-25,Sophie,Accessories,600.0,250.0,P10005,Global Tech Supplies
2024-12-12,North,A4 Printer Paper (500 Sheets),5,405.0,Store A,Corporate,0.1,Eva,2025.0,Credit Card,NONE,0,REG101782,Cust C5071,1909.5,2024-12-12,2024-12-16,Eric,Office Supplies,450.0,220.0,P10004,OfficePro Distro
2025-06-10,East,Laser Printer,5,18500.0,Store B,Corporate,0.0,Eva,92500.0,Credit Card,FREESHIP,0,REG101783,Cust C5335,687.25,2025-06-10,2025-06-15,Sophie,Electronics,18500.0,9500.0,P10014,Global Tech Supplies
2024-08-07,West,Laser Printer,11,15725.0,Store D,Wholesale,0.15,Eva,172975.0,Net Banking,NONE,0,REG101784,Cust C5366,481.39,2024-08-07,2024-08-10,Elena,Electronics,18500.0,9500.0,P10014,Global Tech Supplies
2024-04-28,North,Ballpoint Pen Pack,2,237.5,Store A,Corporate,0.05,Charlie,475.0,Cash,NONE,0,REG101785,Cust C5360,725.31,2024-04-28,2024-05-02,Eric,Office Supplies,250.0,100.0,P10003,OfficePro Distro
2023-07-31,South,Wireless Mouse,32,1425.0,Store C,Wholesale,0.05,Grace,45600.0,Cash,BUNDLE15,0,REG101786,Cust C5364,1193.07,2023-07-31,2023-08-03,Marcus,Accessories,1500.0,700.0,P10007,Global Tech Supplies
2024-12-15,South,Mechanical Keyboard,14,4500.0,Store C,Wholesale,0.0,Grace,63000.0,Net Banking,BUNDLE15,0,REG101787,Cust C5136,783.48,2024-12-15,2024-12-17,Marcus,Electronics,4500.0,2200.0,P10010,Global Tech Supplies
2024-06-28,East,Laser Printer,5,18500.0,Store B,Retail,0.0,Charlie,92500.0,Net Banking,BLACKFRIDAY,0,REG101788,Cust C5148,1696.21,2024-06-28,2024-07-08,Sophie,Electronics,18500.0,9500.0,P10014,Global Tech Supplies
2023-07-19,West,A4 Printer Paper (500 Sheets),4,360.0,Store D,Retail,0.2,David,1440.0,Debit Card,BUNDLE15,0,REG101789,Cust C5267,208.99,2023-07-19,2023-07-27,Elena,Office Supplies,450.0,220.0,P10004,OfficePro Distro
2023-08-11,East,HDMI Cable,2,540.0,Store B,Retail,0.1,David,1080.0,Cash,SAVE10,0,REG101790,Cust C5102,2168.98,2023-08-11,2023-08-15,Sophie,Accessories,600.0,250.0,P10005,Global Tech Supplies
2023-12-15,East,Ballpoint Pen Pack,3,225.0,Store B,Retail,0.1,Grace,675.0,Net Banking,BLACKFRIDAY,0,REG101791,Cust C5266,2498.18,2023-12-15,2023-12-21,Sophie,Office Supplies,250.0,100.0,P10003,OfficePro Distro
2023-10-12,North,Bookshelf,6,7650.0,Store A,Wholesale,0.1,Bob,45900.0,Debit Card,FREESHIP,0,REG101792,Cust C5159,1218.4,2023-10-12,2023-10-18,Eric,Furniture,8500.0,4200.0,P10012,FurnitureWorld Inc.
2024-08-23,West,Bookshelf,4,8500.0,Store D,Corporate,0.0,Grace,34000.0,Debit Card,SAVE10,0,REG101793,Cust C5093,1790.22,2024-08-23,2024-08-29,Elena,Furniture,8500.0,4200.0,P10012,FurnitureWorld Inc.
2023-10-02,East,LED Desk Lamp,24,1760.0,Store B,Wholesale,0.2,Alice,42240.0,Cash,BLACKFRIDAY,0,REG101794,Cust C5191,838.84,2023-10-02,2023-10-08,Sophie,Furniture,2200.0,1000.0,P10008,FurnitureWorld Inc.
2024-05-09,West,Spiral Notebook,18,127.5,Store D,Wholesale,0.15,Frank,2295.0,Debit Card,BUNDLE15,0,REG101795,Cust C5061,1849.1,2024-05-09,2024-05-16,Elena,Office Supplies,150.0,60.0,P10001,OfficePro Distro
2023-07-02,West,Laser Printer,1,18500.0,Store D,Corporate,0.0,Bob,18500.0,UPI,FREESHIP,0,REG101796,Cust C5088,1823.61,2023-07-02,2023-07-09,Elena,Electronics,18500.0,9500.0,P10014,Global Tech Supplies
2023-05-08,West,4K Smart Monitor,5,25200.0,Store D,Corporate,0.1,Charlie,126000.0,Cash,FREESHIP,0,REG101797,Cust C5084,2329.86,2023-05-08,2023-05-14,Elena,Electronics,28000.0,15000.0,P10015,Global Tech Supplies
2023-04-30,West,HDMI Cable,2,480.0,Store D,Retail,0.2,David,960.0,Cash,SAVE10,0,REG101798,Cust C5384,213.35,2023-04-30,2023-05-07,Elena,Accessories,600.0,250.0,P10005,Global Tech Supplies
2024-06-04,North,Smartphone,5,46750.0,Store A,Retail,0.15,Eva,233750.0,Cash,SAVE10,0,REG101799,Cust C5304,2163.5,2024-06-04,2024-06-08,Eric,Electronics,55000.0,32000.0,P10018,Global Tech Supplies
